-- MySQL dump 10.13  Distrib 5.6.29-76.2, for Linux (x86_64)
--
-- Host: localhost    Database: tennis
-- ------------------------------------------------------
-- Server version	5.6.29-76.2

/*!40101 SET @OLD_CHARACTER_SET_CLIENT=@@CHARACTER_SET_CLIENT */;
/*!40101 SET @OLD_CHARACTER_SET_RESULTS=@@CHARACTER_SET_RESULTS */;
/*!40101 SET @OLD_COLLATION_CONNECTION=@@COLLATION_CONNECTION */;
/*!40101 SET NAMES utf8 */;
/*!40103 SET @OLD_TIME_ZONE=@@TIME_ZONE */;
/*!40103 SET TIME_ZONE='+00:00' */;
/*!40014 SET @OLD_UNIQUE_CHECKS=@@UNIQUE_CHECKS, UNIQUE_CHECKS=0 */;
/*!40014 SET @OLD_FOREIGN_KEY_CHECKS=@@FOREIGN_KEY_CHECKS, FOREIGN_KEY_CHECKS=0 */;
/*!40101 SET @OLD_SQL_MODE=@@SQL_MODE, SQL_MODE='NO_AUTO_VALUE_ON_ZERO' */;
/*!40111 SET @OLD_SQL_NOTES=@@SQL_NOTES, SQL_NOTES=0 */;

--
-- Table structure for table `account_account`
--

DROP TABLE IF EXISTS `account_account`;
/*!40101 SET @saved_cs_client     = @@character_set_client */;
/*!40101 SET character_set_client = utf8 */;
CREATE TABLE `account_account` (
  `id` int(11) NOT NULL AUTO_INCREMENT,
  `user_id` int(11) NOT NULL,
  `timezone` varchar(100) NOT NULL,
  `language` varchar(10) NOT NULL,
  PRIMARY KEY (`id`),
  UNIQUE KEY `user_id` (`user_id`),
  CONSTRAINT `user_id_refs_id_28c97295` FOREIGN KEY (`user_id`) REFERENCES `auth_user` (`id`)
) ENGINE=InnoDB AUTO_INCREMENT=67 DEFAULT CHARSET=utf8;
/*!40101 SET character_set_client = @saved_cs_client */;

--
-- Dumping data for table `account_account`
--

LOCK TABLES `account_account` WRITE;
/*!40000 ALTER TABLE `account_account` DISABLE KEYS */;
INSERT INTO `account_account` VALUES (1,8,'US/Eastern','en'),(2,9,'','en-us'),(3,10,'','en-us'),(4,11,'','en-us'),(5,12,'','en-us'),(6,13,'','en-us'),(7,14,'','en-us'),(8,15,'','en-us'),(9,16,'','en-us'),(10,17,'US/Eastern','en'),(11,18,'','en-us'),(12,19,'','en-us'),(13,20,'','en-us'),(14,21,'','en-us'),(15,22,'','en-us'),(16,23,'','en-us'),(17,24,'','en-us'),(18,25,'EST5EDT','en'),(19,26,'','en-us'),(20,27,'','en-us'),(21,28,'','en-us'),(22,29,'','en-us'),(23,30,'','en-us'),(24,31,'','en-us'),(25,32,'','en-us'),(35,45,'','en'),(36,46,'','en'),(37,47,'','en-us'),(38,48,'','en-us'),(39,49,'','en-us'),(40,50,'','en-us'),(41,51,'','en-us'),(42,52,'','en-us'),(43,53,'','en-us'),(44,54,'','en-us'),(45,55,'','en-us'),(46,56,'','en'),(47,57,'','en-us'),(48,58,'','en'),(49,59,'','en'),(51,61,'','en-us'),(52,62,'','en'),(53,63,'','en-us'),(54,64,'','en'),(55,65,'','en'),(56,66,'','en'),(60,70,'','en'),(61,71,'','en'),(62,72,'','en'),(64,74,'','en'),(65,75,'','en'),(66,76,'','en');
/*!40000 ALTER TABLE `account_account` ENABLE KEYS */;
UNLOCK TABLES;

--
-- Table structure for table `account_accountdeletion`
--

DROP TABLE IF EXISTS `account_accountdeletion`;
/*!40101 SET @saved_cs_client     = @@character_set_client */;
/*!40101 SET character_set_client = utf8 */;
CREATE TABLE `account_accountdeletion` (
  `id` int(11) NOT NULL AUTO_INCREMENT,
  `user_id` int(11) DEFAULT NULL,
  `email` varchar(75) NOT NULL,
  `date_requested` datetime NOT NULL,
  `date_expunged` datetime DEFAULT NULL,
  PRIMARY KEY (`id`),
  KEY `user_id_refs_id_f5092ee3` (`user_id`),
  CONSTRAINT `user_id_refs_id_f5092ee3` FOREIGN KEY (`user_id`) REFERENCES `auth_user` (`id`)
) ENGINE=InnoDB DEFAULT CHARSET=utf8;
/*!40101 SET character_set_client = @saved_cs_client */;

--
-- Dumping data for table `account_accountdeletion`
--

LOCK TABLES `account_accountdeletion` WRITE;
/*!40000 ALTER TABLE `account_accountdeletion` DISABLE KEYS */;
/*!40000 ALTER TABLE `account_accountdeletion` ENABLE KEYS */;
UNLOCK TABLES;

--
-- Table structure for table `account_emailaddress`
--

DROP TABLE IF EXISTS `account_emailaddress`;
/*!40101 SET @saved_cs_client     = @@character_set_client */;
/*!40101 SET character_set_client = utf8 */;
CREATE TABLE `account_emailaddress` (
  `id` int(11) NOT NULL AUTO_INCREMENT,
  `user_id` int(11) NOT NULL,
  `email` varchar(75) NOT NULL,
  `verified` tinyint(1) NOT NULL,
  `primary` tinyint(1) NOT NULL,
  PRIMARY KEY (`id`),
  UNIQUE KEY `email` (`email`),
  KEY `user_id_refs_id_4aacde5e` (`user_id`),
  CONSTRAINT `user_id_refs_id_4aacde5e` FOREIGN KEY (`user_id`) REFERENCES `auth_user` (`id`)
) ENGINE=InnoDB AUTO_INCREMENT=161 DEFAULT CHARSET=utf8;
/*!40101 SET character_set_client = @saved_cs_client */;

--
-- Dumping data for table `account_emailaddress`
--

LOCK TABLES `account_emailaddress` WRITE;
/*!40000 ALTER TABLE `account_emailaddress` DISABLE KEYS */;
INSERT INTO `account_emailaddress` VALUES (5,17,'harish_n@hotmail.com',1,1),(6,25,'giridharsai@gmail.com',1,1),(14,45,'thulsikk@gmail.com',1,1),(15,46,'mahendra_p@yahoo.com',1,1),(17,8,'cmraje@yahoo.com',1,1),(18,1,'donthireddy@yahoo.com',1,1),(113,9,'robw7@yahoo.com',1,1),(114,10,'bbotsch3@gmail.com',1,1),(115,11,'nikkhasnis@yahoo.com',1,1),(116,12,'vijaynara@gmail.com',1,1),(117,13,'sastri2@comcast.net',1,1),(118,14,'subrato_majumdar2003@yahoo.com',1,1),(119,15,'nizar@damani4.com',1,1),(120,16,'jim.campbell@somfy.com',1,1),(121,18,'fordm22@verizon.net',1,1),(122,19,'ramkapil@gmail.com',1,1),(123,20,'gredkar@hotmail.com',1,1),(124,21,'rdonthireddy@yahoo.com',1,1),(125,22,'smutnuru@gmail.com',1,1),(126,23,'m_panicker@yahoo.com',1,1),(127,24,'Andrew.Cimochowski@gmail.com',1,1),(128,26,'josejoseph2000@gmail.com',1,1),(129,27,'rscarlatella@gmail.com',1,1),(130,28,'mvecchiolla@mercercounty.org',1,1),(131,29,'jeffkp_99@yahoo.com',1,1),(132,30,'anujkanand@yahoo.com',1,1),(133,31,'rajpal.sachin@gmail.com',1,1),(134,32,'sumanth.munipalli@mphasis.com',1,1),(135,33,'witten@ias.edu',1,1),(136,34,'stephen.can@stratpartners.com',1,1),(137,37,'tennisdad01@gmail.com',1,1),(138,47,'tejascraje@gmail.com',1,1),(139,48,'Sunilsv@yahoo.com',1,1),(140,49,'parind11_math@hotmail.com',1,1),(141,50,'naren493@gmail.com',1,1),(142,51,'Ranuga@gmail.com',1,1),(143,52,'mikeklein1@yahoo.com',1,1),(144,53,'avivanimoni@yahoo.com',1,1),(145,54,'Bharath2806@gmail.com',1,1),(146,55,'ashok.paddy@gmail.com',1,1),(147,56,'maverickone@gmail.com',1,1),(148,58,'raviathome@gmail.com',1,1),(149,59,'dharmeshsingh@yahoo.com',1,1),(151,62,'kalinadhabhotla@gmail.com',1,1),(152,64,'mtalupur@gmail.com',1,1),(153,65,'qdhua@hotmail.com',0,1),(154,66,'gopinathv@gmail.com',0,1),(155,70,'naveen.gunti@gmail.com',1,1),(156,71,'smitesh@gmail.com',1,1),(157,72,'kentrock1@gmail.com',1,1),(158,74,'altafdayani@gmail.com',1,1),(159,75,'dharris8888@hotmail.com',0,1),(160,76,'sacsneelam@yahoo.com',1,1);
/*!40000 ALTER TABLE `account_emailaddress` ENABLE KEYS */;
UNLOCK TABLES;

--
-- Table structure for table `account_emailconfirmation`
--

DROP TABLE IF EXISTS `account_emailconfirmation`;
/*!40101 SET @saved_cs_client     = @@character_set_client */;
/*!40101 SET character_set_client = utf8 */;
CREATE TABLE `account_emailconfirmation` (
  `id` int(11) NOT NULL AUTO_INCREMENT,
  `email_address_id` int(11) NOT NULL,
  `created` datetime NOT NULL,
  `sent` datetime DEFAULT NULL,
  `key` varchar(64) NOT NULL,
  PRIMARY KEY (`id`),
  UNIQUE KEY `key` (`key`),
  KEY `email_address_id_refs_id_6ea1eea3` (`email_address_id`),
  CONSTRAINT `email_address_id_refs_id_6ea1eea3` FOREIGN KEY (`email_address_id`) REFERENCES `account_emailaddress` (`id`)
) ENGINE=InnoDB AUTO_INCREMENT=30 DEFAULT CHARSET=utf8;
/*!40101 SET character_set_client = @saved_cs_client */;

--
-- Dumping data for table `account_emailconfirmation`
--

LOCK TABLES `account_emailconfirmation` WRITE;
/*!40000 ALTER TABLE `account_emailconfirmation` DISABLE KEYS */;
INSERT INTO `account_emailconfirmation` VALUES (5,5,'2013-07-08 00:43:54','2013-07-08 03:03:33','c26f55b2862e503a4fcca1acc1fd3670405be8220254b73e03502cf5cee1f7aa'),(6,6,'2013-07-08 08:55:20','2013-07-08 13:03:06','4668ab94422693591e22ec8665a899f76e3f4f9bf162896f761c954fc5812538'),(14,14,'2014-07-21 15:43:47','2014-07-21 18:38:27','ae0bba85197247ac350c63b5041b7a4253962bdbeece3e1f9ec373814f210acd'),(15,15,'2014-07-21 19:40:37','2014-07-28 12:48:15','17e40cc6e3b2aead72f076b28fcd0a55fcfee79e58562c54ee51b36bca89827a'),(16,147,'2015-02-09 02:32:46','2015-02-09 21:51:13','51d3dac363cde8e7ae49ed150bd0ccfc3f168fbb06b23cdfae364b09d59b4247'),(17,148,'2015-02-12 02:57:22','2015-03-16 22:41:33','cdb3363bbd5c9a1d828cde685d7d1b902aee04d896e98a27bcc3457ebb49abfb'),(18,149,'2015-03-22 16:50:49','2015-03-24 21:28:09','419968e901b4a1e98166320512a0c2abd9b69bc381214b6264a19b4861b23a05'),(20,151,'2015-04-20 00:14:56','2015-05-06 00:12:10','3931516656b31023263d372403129a644ac68ebfa2672092ebfa268ddff6a1a6'),(21,152,'2016-03-23 12:18:03','2016-03-23 12:18:03','947a71914f553575fe9cdde892cba1fd6ad4e30925e75940568c66a7ed7af409'),(22,153,'2016-03-25 13:43:05','2016-03-25 13:43:05','2fc03f6105955677413ff39a80217c9d1c490926b67b746c5bd0801f6ee48071'),(23,154,'2016-03-25 16:26:41','2016-03-25 16:26:42','39bad306db23e97c77a53f5e966fbc1a1025b0543b009d9fbedf4204619fec09'),(24,155,'2016-03-25 20:45:44','2016-03-25 20:45:44','11114332b996519fb0be82829002131dab54c9dac242c3fa2cb3b4cb0773a3cc'),(25,156,'2016-03-25 20:57:37','2016-03-25 20:57:37','24bacfb8ba579035d435d8b2f5707548b6ccbe9173cb80485c226562ddc95f51'),(26,157,'2016-03-27 17:27:11','2016-03-27 17:27:11','7864252c14a2155f595474fc4a76e0e68156ec98fad6b89e8b33d12ba9c0613d'),(27,158,'2016-03-29 17:00:34','2016-03-29 17:00:35','71a7572a7baa140c8eba12e9a2e8dbb133557c5cf47079c8d175d00376941c5f'),(28,159,'2016-03-29 17:02:07','2016-03-29 17:02:07','984c69272831a1c5c14ce4a44f903bce523aaca11b40a25b138243586763b5ca'),(29,160,'2016-03-29 17:02:56','2016-03-29 17:02:57','52e75243651aee2ce72c97a762db28985583afd28161f20de73ce6509c6c7059');
/*!40000 ALTER TABLE `account_emailconfirmation` ENABLE KEYS */;
UNLOCK TABLES;

--
-- Table structure for table `account_signupcode`
--

DROP TABLE IF EXISTS `account_signupcode`;
/*!40101 SET @saved_cs_client     = @@character_set_client */;
/*!40101 SET character_set_client = utf8 */;
CREATE TABLE `account_signupcode` (
  `id` int(11) NOT NULL AUTO_INCREMENT,
  `code` varchar(64) NOT NULL,
  `max_uses` int(10) unsigned NOT NULL,
  `expiry` datetime DEFAULT NULL,
  `inviter_id` int(11) DEFAULT NULL,
  `email` varchar(75) NOT NULL,
  `notes` longtext NOT NULL,
  `sent` datetime DEFAULT NULL,
  `created` datetime NOT NULL,
  `use_count` int(10) unsigned NOT NULL,
  PRIMARY KEY (`id`),
  UNIQUE KEY `code` (`code`),
  KEY `inviter_id_refs_id_723d3910` (`inviter_id`),
  CONSTRAINT `inviter_id_refs_id_723d3910` FOREIGN KEY (`inviter_id`) REFERENCES `auth_user` (`id`)
) ENGINE=InnoDB DEFAULT CHARSET=utf8;
/*!40101 SET character_set_client = @saved_cs_client */;

--
-- Dumping data for table `account_signupcode`
--

LOCK TABLES `account_signupcode` WRITE;
/*!40000 ALTER TABLE `account_signupcode` DISABLE KEYS */;
/*!40000 ALTER TABLE `account_signupcode` ENABLE KEYS */;
UNLOCK TABLES;

--
-- Table structure for table `account_signupcoderesult`
--

DROP TABLE IF EXISTS `account_signupcoderesult`;
/*!40101 SET @saved_cs_client     = @@character_set_client */;
/*!40101 SET character_set_client = utf8 */;
CREATE TABLE `account_signupcoderesult` (
  `id` int(11) NOT NULL AUTO_INCREMENT,
  `signup_code_id` int(11) NOT NULL,
  `user_id` int(11) NOT NULL,
  `timestamp` datetime NOT NULL,
  PRIMARY KEY (`id`),
  KEY `signup_code_id_refs_id_b1d5cf39` (`signup_code_id`),
  KEY `user_id_refs_id_f59b478e` (`user_id`),
  CONSTRAINT `signup_code_id_refs_id_b1d5cf39` FOREIGN KEY (`signup_code_id`) REFERENCES `account_signupcode` (`id`),
  CONSTRAINT `user_id_refs_id_f59b478e` FOREIGN KEY (`user_id`) REFERENCES `auth_user` (`id`)
) ENGINE=InnoDB DEFAULT CHARSET=utf8;
/*!40101 SET character_set_client = @saved_cs_client */;

--
-- Dumping data for table `account_signupcoderesult`
--

LOCK TABLES `account_signupcoderesult` WRITE;
/*!40000 ALTER TABLE `account_signupcoderesult` DISABLE KEYS */;
/*!40000 ALTER TABLE `account_signupcoderesult` ENABLE KEYS */;
UNLOCK TABLES;

--
-- Table structure for table `auth_group`
--

DROP TABLE IF EXISTS `auth_group`;
/*!40101 SET @saved_cs_client     = @@character_set_client */;
/*!40101 SET character_set_client = utf8 */;
CREATE TABLE `auth_group` (
  `id` int(11) NOT NULL AUTO_INCREMENT,
  `name` varchar(80) NOT NULL,
  PRIMARY KEY (`id`),
  UNIQUE KEY `name` (`name`)
) ENGINE=InnoDB AUTO_INCREMENT=3 DEFAULT CHARSET=utf8;
/*!40101 SET character_set_client = @saved_cs_client */;

--
-- Dumping data for table `auth_group`
--

LOCK TABLES `auth_group` WRITE;
/*!40000 ALTER TABLE `auth_group` DISABLE KEYS */;
INSERT INTO `auth_group` VALUES (1,'Hopewell USTA Team'),(2,'MCP Members');
/*!40000 ALTER TABLE `auth_group` ENABLE KEYS */;
UNLOCK TABLES;

--
-- Table structure for table `auth_group_permissions`
--

DROP TABLE IF EXISTS `auth_group_permissions`;
/*!40101 SET @saved_cs_client     = @@character_set_client */;
/*!40101 SET character_set_client = utf8 */;
CREATE TABLE `auth_group_permissions` (
  `id` int(11) NOT NULL AUTO_INCREMENT,
  `group_id` int(11) NOT NULL,
  `permission_id` int(11) NOT NULL,
  PRIMARY KEY (`id`),
  UNIQUE KEY `group_id` (`group_id`,`permission_id`),
  KEY `permission_id_refs_id_6ba0f519` (`permission_id`),
  CONSTRAINT `group_id_refs_id_f4b32aac` FOREIGN KEY (`group_id`) REFERENCES `auth_group` (`id`),
  CONSTRAINT `permission_id_refs_id_6ba0f519` FOREIGN KEY (`permission_id`) REFERENCES `auth_permission` (`id`)
) ENGINE=InnoDB AUTO_INCREMENT=33 DEFAULT CHARSET=utf8;
/*!40101 SET character_set_client = @saved_cs_client */;

--
-- Dumping data for table `auth_group_permissions`
--

LOCK TABLES `auth_group_permissions` WRITE;
/*!40000 ALTER TABLE `auth_group_permissions` DISABLE KEYS */;
INSERT INTO `auth_group_permissions` VALUES (29,1,8),(28,1,83),(30,1,92),(31,1,95),(32,1,118),(25,1,119),(26,1,121),(27,1,122);
/*!40000 ALTER TABLE `auth_group_permissions` ENABLE KEYS */;
UNLOCK TABLES;

--
-- Table structure for table `auth_permission`
--

DROP TABLE IF EXISTS `auth_permission`;
/*!40101 SET @saved_cs_client     = @@character_set_client */;
/*!40101 SET character_set_client = utf8 */;
CREATE TABLE `auth_permission` (
  `id` int(11) NOT NULL AUTO_INCREMENT,
  `name` varchar(255) NOT NULL,
  `content_type_id` int(11) NOT NULL,
  `codename` varchar(100) NOT NULL,
  PRIMARY KEY (`id`),
  UNIQUE KEY `content_type_id` (`content_type_id`,`codename`),
  CONSTRAINT `content_type_id_refs_id_d043b34a` FOREIGN KEY (`content_type_id`) REFERENCES `django_content_type` (`id`)
) ENGINE=InnoDB AUTO_INCREMENT=88 DEFAULT CHARSET=utf8;
/*!40101 SET character_set_client = @saved_cs_client */;

--
-- Dumping data for table `auth_permission`
--

LOCK TABLES `auth_permission` WRITE;
/*!40000 ALTER TABLE `auth_permission` DISABLE KEYS */;
INSERT INTO `auth_permission` VALUES (1,'Can add log entry',1,'add_logentry'),(2,'Can change log entry',1,'change_logentry'),(3,'Can delete log entry',1,'delete_logentry'),(4,'Can add permission',2,'add_permission'),(5,'Can change permission',2,'change_permission'),(6,'Can delete permission',2,'delete_permission'),(7,'Can add group',3,'add_group'),(8,'Can change group',3,'change_group'),(9,'Can delete group',3,'delete_group'),(10,'Can add user',4,'add_user'),(11,'Can change user',4,'change_user'),(12,'Can delete user',4,'delete_user'),(13,'Can add content type',5,'add_contenttype'),(14,'Can change content type',5,'change_contenttype'),(15,'Can delete content type',5,'delete_contenttype'),(16,'Can add session',6,'add_session'),(17,'Can change session',6,'change_session'),(18,'Can delete session',6,'delete_session'),(19,'Can add site',7,'add_site'),(20,'Can change site',7,'change_site'),(21,'Can delete site',7,'delete_site'),(22,'Can add account',8,'add_account'),(23,'Can change account',8,'change_account'),(24,'Can delete account',8,'delete_account'),(25,'Can add signup code',9,'add_signupcode'),(26,'Can change signup code',9,'change_signupcode'),(27,'Can delete signup code',9,'delete_signupcode'),(28,'Can add signup code result',10,'add_signupcoderesult'),(29,'Can change signup code result',10,'change_signupcoderesult'),(30,'Can delete signup code result',10,'delete_signupcoderesult'),(31,'Can add email address',11,'add_emailaddress'),(32,'Can change email address',11,'change_emailaddress'),(33,'Can delete email address',11,'delete_emailaddress'),(34,'Can add email confirmation',12,'add_emailconfirmation'),(35,'Can change email confirmation',12,'change_emailconfirmation'),(36,'Can delete email confirmation',12,'delete_emailconfirmation'),(37,'Can add account deletion',13,'add_accountdeletion'),(38,'Can change account deletion',13,'change_accountdeletion'),(39,'Can delete account deletion',13,'delete_accountdeletion'),(40,'Can add log',14,'add_log'),(41,'Can change log',14,'change_log'),(42,'Can delete log',14,'delete_log'),(43,'Can add migration history',15,'add_migrationhistory'),(44,'Can change migration history',15,'change_migrationhistory'),(45,'Can delete migration history',15,'delete_migrationhistory'),(46,'Can add player',16,'add_player'),(47,'Can change player',16,'change_player'),(48,'Can delete player',16,'delete_player'),(49,'Can add organization',17,'add_organization'),(50,'Can change organization',17,'change_organization'),(51,'Can delete organization',17,'delete_organization'),(52,'Can add league',18,'add_league'),(53,'Can change league',18,'change_league'),(54,'Can delete league',18,'delete_league'),(55,'Can add facility',19,'add_facility'),(56,'Can change facility',19,'change_facility'),(57,'Can delete facility',19,'delete_facility'),(58,'Can add court time',20,'add_courttime'),(59,'Can change court time',20,'change_courttime'),(60,'Can delete court time',20,'delete_courttime'),(61,'Can add match',21,'add_match'),(62,'Can change match',21,'change_match'),(63,'Can delete match',21,'delete_match'),(64,'Can add event',22,'add_event'),(65,'Can change event',22,'change_event'),(66,'Can delete event',22,'delete_event'),(67,'Can add event rsvp',23,'add_eventrsvp'),(68,'Can change event rsvp',23,'change_eventrsvp'),(69,'Can delete event rsvp',23,'delete_eventrsvp'),(70,'Can add player name email',4,'add_playernameemail'),(71,'Can change player name email',4,'change_playernameemail'),(72,'Can delete player name email',4,'delete_playernameemail'),(73,'Can add player phone',16,'add_playerphone'),(74,'Can change player phone',16,'change_playerphone'),(75,'Can delete player phone',16,'delete_playerphone'),(82,'Can add registration',28,'add_registration'),(83,'Can change registration',28,'change_registration'),(84,'Can delete registration',28,'delete_registration'),(85,'Can add p prefs',29,'add_pprefs'),(86,'Can change p prefs',29,'change_pprefs'),(87,'Can delete p prefs',29,'delete_pprefs');
/*!40000 ALTER TABLE `auth_permission` ENABLE KEYS */;
UNLOCK TABLES;

--
-- Table structure for table `auth_user`
--

DROP TABLE IF EXISTS `auth_user`;
/*!40101 SET @saved_cs_client     = @@character_set_client */;
/*!40101 SET character_set_client = utf8 */;
CREATE TABLE `auth_user` (
  `id` int(11) NOT NULL AUTO_INCREMENT,
  `password` varchar(128) NOT NULL,
  `last_login` datetime DEFAULT NULL,
  `is_superuser` tinyint(1) NOT NULL,
  `username` varchar(30) NOT NULL,
  `first_name` varchar(30) NOT NULL,
  `last_name` varchar(30) NOT NULL,
  `email` varchar(254) NOT NULL,
  `is_staff` tinyint(1) NOT NULL,
  `is_active` tinyint(1) NOT NULL,
  `date_joined` datetime NOT NULL,
  PRIMARY KEY (`id`),
  UNIQUE KEY `username` (`username`)
) ENGINE=InnoDB AUTO_INCREMENT=77 DEFAULT CHARSET=utf8;
/*!40101 SET character_set_client = @saved_cs_client */;

--
-- Dumping data for table `auth_user`
--

LOCK TABLES `auth_user` WRITE;
/*!40000 ALTER TABLE `auth_user` DISABLE KEYS */;
INSERT INTO `auth_user` VALUES (1,'pbkdf2_sha256$20000$025hJ3cScKeV$MUqXhzGy+lab5MYEWNpkIILEC2htyjlJZzRDCAsYQcs=','2016-04-07 18:48:50',1,'murali','Murali','Donthireddy','donthireddy@yahoo.com',1,1,'2012-10-22 17:11:58'),(8,'pbkdf2_sha256$20000$e92dPfYVBBTj$Ca0RlpmO3yzhA6pH0qsIMhcjyQYnurrj/R0gQS4jeJg=','2016-04-07 16:58:33',1,'cm','Chandrashekhar','Raje','cmraje@yahoo.com',1,1,'2013-07-02 04:49:00'),(9,'pbkdf2_sha256$24000$BiBV0JufU9HR$EI/D4jN4hdX+MFKQ3WMrhlqtEByf5V2nD93D5O/7UAw=','2016-04-05 17:32:29',1,'rob','Rob','Weinstein','robw7@yahoo.com',1,1,'2013-07-02 04:55:43'),(10,'pbkdf2_sha256$24000$v6ISz8dnOTZe$eIwhsUpk4b4Sk2Dkz5q7DrbDJkCCj6qyUkNpS2HpRlY=','2016-03-23 02:50:06',1,'bryan','Bryan','Botsch','bbotsch3@gmail.com',1,1,'2013-07-02 04:56:09'),(11,'pbkdf2_sha256$15000$qFjrabL65b9C$vQZERI1uz0cEG0DIOz2R6v5CbgBAy+tiQKoPQmUnSeg=','2015-04-20 01:56:08',1,'nikhil','Nikhil','Khasnis','nikkhasnis@yahoo.com',1,1,'2013-07-02 04:56:47'),(12,'pbkdf2_sha256$24000$jGkvwav119wL$slPUBtsoMhefURuvAIXsAc+iBFAOJQNqlv54utUi4AU=','2016-03-29 12:16:21',1,'vijay','Vijay','Nara','vijaynara@gmail.com',1,1,'2013-07-02 04:57:50'),(13,'pbkdf2_sha256$15000$K4JechzJ6ET8$XtH70GqUPP7qCpbdsEP4y/YwF4Ngq1QBNETzDaleDGo=','2015-06-22 21:57:29',1,'sudhakar','Sudhakar','Sastri','sastri2@comcast.net',1,1,'2013-07-02 04:58:28'),(14,'pbkdf2_sha256$24000$ufUOcJKnjULU$vWs1uTh//b//sCJMjWlDorG3YHk1bxKRS/hRr2xmmIM=','2016-04-06 09:15:35',1,'subrato','Subrato','Majumdar','subrato_majumdar2003@yahoo.com',1,1,'2013-07-02 04:58:48'),(15,'pbkdf2_sha256$15000$CV4HDWsSdVjN$sepIlkhV5dPnOWpOXCbZAv85CTqxEbbA4vDG1eLPlFo=','2015-04-30 22:02:26',1,'nizar','Nizar','Damani','nizar@damani4.com',1,1,'2013-07-02 04:59:05'),(16,'pbkdf2_sha256$10000$XZP9CARuZ97H$J4/78z1nIBmSqcWTGShVaP8D64+KygjxzF3hSjPXXWc=','2013-07-08 12:37:08',1,'jim','Jim','Campbell','jim.campbell@somfy.com',1,1,'2013-07-02 04:59:25'),(17,'pbkdf2_sha256$24000$j79BkbtoRVsH$0bMjdSw9+F83a7i72zfRXnYv/bzc7Ao/geQfmo1Ecms=','2016-03-25 15:41:22',1,'harish','Harish','Nankani','harish_n@hotmail.com',1,1,'2013-07-02 04:59:40'),(18,'pbkdf2_sha256$24000$TAPi25ts2s6t$qn+vLlBIKNxRrIcMNY0VUo5eYY4UMIOZGJ1E6J+MlBs=','2016-03-28 02:36:16',1,'mike','Mike','Ford','fordm22@verizon.net',1,1,'2013-07-02 04:59:54'),(19,'pbkdf2_sha256$24000$Kqa6NXgsFTJy$yFgU83hXjo+Nqw2gMVCeFlj2waYVyAmaE6PDmwVYZs4=','2016-04-06 02:31:27',1,'ramk','Ram','Kapil','ramkapil@gmail.com',1,1,'2013-07-02 05:00:12'),(20,'pbkdf2_sha256$24000$zs9Sj08wTweG$LIimkAfC0O48xk3d97jdPgZhGbK7/AA+e/PaePqxh4s=','2016-04-05 19:51:46',1,'guru','Gurudutt','Redkar','gredkar@hotmail.com',1,1,'2013-07-02 05:00:31'),(21,'pbkdf2_sha256$24000$ed5M37MsBlw8$EdB0E1tGd7pWIcNqCZY8h66ywnBfY7x+iZlqybGaRhQ=','2016-04-06 01:22:52',1,'ramd','Ram','Donthireddy','rdonthireddy@yahoo.com',1,1,'2013-07-02 05:00:48'),(22,'pbkdf2_sha256$10000$COCDKJgmEvXw$9/iCKYagxQpOHmOBk50tFDGfKm2tsICM7K53meSgbgI=','2013-08-05 01:21:44',1,'shankar','Shankar','Mutnuru','smutnuru@gmail.com',1,1,'2013-07-02 05:01:12'),(23,'pbkdf2_sha256$24000$URyC8XtBfukf$yKrQPVsT9wdG9U9f5DaaJIKikhRxN66PO2ca64prIzk=','2016-04-05 17:48:23',1,'manoj','Manoj','Panicker','m_panicker@yahoo.com',1,1,'2013-07-02 05:01:30'),(24,'pbkdf2_sha256$12000$4ZMUQk8tNqjU$7OMQgPDTPvHElzc1s8NltMLpbQGxAlxRki84w4HOb8E=','2014-08-15 04:07:19',1,'andrew','Andrew','Cimochowski','Andrew.Cimochowski@gmail.com',1,1,'2013-07-02 05:01:48'),(25,'pbkdf2_sha256$24000$4O9kPwKS9zgB$S54b4UwEBcNIhkD20E4BeYsvxSk8MDlSD8AGtU+gHwQ=','2016-04-05 17:45:55',1,'sai','Sai','Giridhar','giridharsai@gmail.com',1,1,'2013-07-02 05:02:13'),(26,'pbkdf2_sha256$15000$Uu0zO5GNg7jo$ikSOF0zwtkqX1WtSWgn45D6YJhDaF05PY7OT7go2iYQ=','2015-03-16 18:41:04',1,'jose','Jose','Joseph','josejoseph2000@gmail.com',1,1,'2013-07-02 05:02:27'),(27,'pbkdf2_sha256$10000$Y5T6KhFFpLe7$knn60AM5VpKaHIYbuDK8RQalzJuQnac+MJI+1TDpMwQ=','2013-08-20 11:03:00',1,'rick','Ricardo','Scarlatella','rscarlatella@gmail.com',1,1,'2013-07-02 05:02:49'),(28,'pbkdf2_sha256$10000$97etyObpCOD9$S4mTSVJJkN5r6wTa/d92SS5hZFni7VpDK5Rqqr+YeVE=','2013-07-04 18:35:25',1,'marc','Marc','Vecchiolla','mvecchiolla@mercercounty.org',0,1,'2013-07-04 18:35:25'),(29,'pbkdf2_sha256$24000$IIrBji3RvxL7$rZgk51ujCCUei23+moYO4dwyWF6TVPTG/XIauPTRnDw=','2016-04-06 17:53:55',1,'jeff','Jeff','Peng','jeffkp_99@yahoo.com',1,1,'2013-07-04 19:24:01'),(30,'pbkdf2_sha256$10000$aDz135PCpfjq$ttUdFEbJPLcGLfeNxnsVniFUOSm61xVGBU708ONsF5s=','2013-07-27 14:22:06',1,'anuj','Anuj','Anand','anujkanand@yahoo.com',1,1,'2013-07-04 19:33:53'),(31,'pbkdf2_sha256$12000$px4WJMvOyTRX$6W2lVN8mEqGc1ReeXevuV9v6DZ59OzZiz4jI9XpmDS0=','2014-07-22 01:33:35',1,'sachin','Sachin','Rajpal','rajpal.sachin@gmail.com',1,1,'2013-07-04 19:50:18'),(32,'pbkdf2_sha256$15000$OBB7pT6thtFm$FLX5mpU3I76hhP301xos2SpvSFP8tCByYOrxYlMZ69g=','2015-05-03 22:44:25',1,'sumanth','Sumanth','Munipalli','sumanth.munipalli@mphasis.com',1,1,'2013-07-04 19:56:28'),(33,'pbkdf2_sha256$24000$X0j4wNbdwDiQ$vgSUiOtSfiNlao14m2kCDPajPiUJoZks6tlvo6lI/yE=','2016-04-05 17:35:48',1,'ed','Edward','Witten','witten@ias.edu',1,1,'2013-07-06 01:48:09'),(34,'pbkdf2_sha256$10000$r0hAZaPOyel6$lnzMVGZDPgKaFkV3BCiQUOL2oshLoVjLC4I3F7lwtQg=','2013-07-29 13:51:14',1,'stephen','Stephen','Can','stephen.can@stratpartners.com',1,1,'2013-07-06 03:08:57'),(37,'pbkdf2_sha256$12000$jo0Loky7xx0k$bDNeTcb2WYtJjrPBTBancC4ZnMu9Lv02jKsvioNkUUo=','2014-08-30 12:25:53',1,'robert','Robert','Henry','tennisdad01@gmail.com',1,1,'2013-07-31 12:09:08'),(45,'pbkdf2_sha256$24000$ClGUEOoLdFUc$Dt0l5ZqLUhhcOxuOULwrDOVhXH0nJM/KfKyynVgwEyo=','2016-04-06 18:25:07',1,'thulsi','Thulsi','Raja','thulsikk@gmail.com',1,1,'2014-07-21 18:38:26'),(46,'pbkdf2_sha256$24000$bc4jttRXzmbq$VTmJnjwGsl7mtbXf5CD2NQ+mGz2/7WuzZu6VP9pHWM8=','2016-03-29 12:39:27',1,'mahendra','Mahendra','Patel','mahendra_p@yahoo.com',1,1,'2014-07-28 12:48:14'),(47,'pbkdf2_sha256$24000$BtNB0H2ndcyo$I3TwXa54iqNxEZa8N5pl0o0TCaxxg2QZU0aG+SfjIeM=','2016-03-27 17:21:21',1,'tejas','Tejas','Raje','tejascraje@gmail.com',1,1,'2014-07-28 12:51:37'),(48,'pbkdf2_sha256$24000$QC08UVC0ZgiG$WMzRoMH5dnig3GThB8rAv7B8Y/zq1iHKC33a+hayl8g=','2016-04-05 22:07:13',1,'sunil','Sunil','Varughese','Sunilsv@yahoo.com',1,1,'2014-07-28 12:52:01'),(49,'pbkdf2_sha256$15000$GwcXd9UejKGx$1wo0tN0u2O6ap3sFrhEg677nR92tYfa7Fh3BkzuStn4=','2015-04-01 02:15:21',1,'paresh','Paresh','Mathew','parind11_math@hotmail.com',1,1,'2014-07-28 12:52:17'),(50,'pbkdf2_sha256$12000$naGycLq7oV1F$8Pl1nQZJlcby7qbJh+Of4Qg3nnIXKK9eortBRscboZY=','2014-07-28 12:52:48',1,'naren','Naren','Bandaru','naren493@gmail.com',1,1,'2014-07-28 12:52:48'),(51,'pbkdf2_sha256$12000$gkbDfGEcj77X$KeDEtz90AG8PmcLqfL+CQg19xz6PoH5jLHcRG70cgbA=','2014-08-29 22:34:19',1,'rajesh','Rajesh','Anuga','Ranuga@gmail.com',1,1,'2014-07-28 12:53:12'),(52,'pbkdf2_sha256$24000$SyN3g9Ww33Bu$DEHaO81+apmXvaI8em/zQqtmvolKuMr581NmK9vff68=','2015-04-20 14:15:53',1,'mikek','Mike','Klein','mikeklein1@yahoo.com',1,1,'2014-07-28 17:14:35'),(53,'pbkdf2_sha256$24000$PRyLibvzNNjx$fhyLTU0oFLwMWgCHyE3hL7QNHTkBvJGcRkFOtFLvHes=','2016-04-01 10:30:12',1,'avi','Avi','Pawar','avivanimoni@yahoo.com',1,1,'2014-07-28 17:15:39'),(54,'pbkdf2_sha256$12000$m0MQnZh1vUbA$w/30/7iRimgbmh/FsqdjwJRlPbwVgRN1CQs7fL3CGgw=','2014-08-05 03:16:56',1,'bharath','Bharath','Bharath','Bharath2806@gmail.com',1,1,'2014-07-29 01:52:50'),(55,'pbkdf2_sha256$24000$c7H2mgS0iSZj$goWzpjISotfTuO/OCGtZkvTq9p9xyDj/QcgO/6LAjzg=','2016-04-06 17:03:18',1,'ashok','Ashok','Paddy','ashok.paddy@gmail.com',1,1,'2014-07-29 01:54:43'),(56,'pbkdf2_sha256$15000$reDRdF2PDYzG$KSq5UCaEZM9w85klJLc5uHAzRiLzxFYDL5g9YRfIaM8=','2015-02-09 21:51:26',1,'Maverick','','','maverickone@gmail.com',0,1,'2015-02-09 21:51:12'),(57,'pbkdf2_sha256$15000$AtOhzlePfGiH$AL9nkZL+i5rQjOnYrgjQ8ykR3AJbWGKkMgOJPfclI8E=','2015-02-10 21:59:32',1,'bye','','bye','',0,1,'2015-02-10 21:59:32'),(58,'pbkdf2_sha256$15000$ohZTJ9rv2WKN$2E6nLblysw4VQ/lnNWRUD7ydvIKFn9WV/r9KOw0X1t0=','2015-04-24 02:56:14',1,'raviathome','Ravi','Vaidyanathan','raviathome@gmail.com',1,1,'2015-03-16 22:41:33'),(59,'pbkdf2_sha256$15000$LXxDYPPPAlYU$Nd2pRQ78k/8xRh9id3Hl1rjsTlxlGftZuK4ubez+JUg=','2015-05-04 17:58:43',1,'dharmeshsingh','Dharmesh','Singh','dharmeshsingh@yahoo.com',1,1,'2015-03-24 21:28:07'),(61,'pbkdf2_sha256$24000$NODc6P5BY5LC$nzT8zoyooRtM7tFwq4pF/xcca99PjCaQL7WiU7K8xx8=','2016-04-05 20:44:30',1,'subhrendu','Subhrendu','Datta','dattas99@yahoo.com',1,1,'2015-04-20 02:53:43'),(62,'pbkdf2_sha256$15000$JLZd9L6eqKH7$CvVf8CLyUquIL4QGCi9WMmdI2z7kie6YMxCn5ZLIOPo=','2015-05-06 00:29:30',0,'koundinya_90','Koundinya','kalinadhabhotla','kalinadhabhotla@gmail.com',0,1,'2015-05-06 00:12:09'),(63,'pbkdf2_sha256$24000$juGftUGlbY8m$BzQ9Kfwl6mNBS5OibGvFvc79cThclqVsgoNvG1AuDHs=','2016-04-05 22:17:55',1,'sraman','Shankar','Raman','shankar.raman10@gmail.com',1,1,'2015-08-19 23:30:30'),(64,'pbkdf2_sha256$24000$cTI5by6NAu6X$aZx5RDT6WMhCJcm3ksV0mBgTSQ+Md2F6xp0MnrFR1b8=','2016-04-01 03:06:11',1,'madhu','Madhu','Talupur','mtalupur@gmail.com',1,1,'2016-03-23 12:18:03'),(65,'pbkdf2_sha256$24000$RYHuQTFvsAVZ$kidIe37qHYtg68rWGJwTvsjggZxBpVlJk+bNT+krgIY=','2016-04-06 16:23:41',1,'qiding','Qi','Ding','qdhua@hotmail.com',1,1,'2016-03-25 13:43:04'),(66,'pbkdf2_sha256$24000$bE3zf6tnPmEc$OO2RLQmCCfdIM3HRykfejnyfUe+9elT61pc7JHgRro8=','2016-03-25 16:33:23',1,'gopi','Gopi','Venkat','gopinathv@gmail.com',1,1,'2016-03-25 16:26:41'),(70,'pbkdf2_sha256$24000$TFVy4RF1awps$xRchoXAKx5CZK+o5T+uqsrjHXhd6gGZgh2SVNuApOHU=','2016-04-01 00:51:12',1,'naveen','Naveen','Gunti','naveen.gunti@gmail.com',1,1,'2016-03-25 20:45:43'),(71,'pbkdf2_sha256$24000$3UIaoDWeWQoW$51SXo8T6kIwro19MIMbcO6/DsJ2NM+TdRm+990t8LdE=','2016-04-05 18:50:22',1,'smitesh','Smitesh','Jamsandekar','smitesh@gmail.com',1,1,'2016-03-25 20:57:37'),(72,'pbkdf2_sha256$24000$rD0bykoNY8FT$Fz7BnC9BC7iZDMk94UKp8r8w30n3ZoTLEIRTi4UFhW8=','2016-04-05 20:34:36',1,'ktrock','Ken','Trock','kentrock1@gmail.com',1,1,'2016-03-27 17:27:11'),(74,'pbkdf2_sha256$24000$G1R5GclG2lRg$X06BjDOu50sMm3C3HA0x8FCWi164qgs6R/ba7kPXw7E=','2016-03-29 17:00:35',1,'altaf','Altaf','Dayani','altafdayani@gmail.com',1,1,'2016-03-29 17:00:34'),(75,'pbkdf2_sha256$24000$yNixy9Lk63md$c2pWIM20wK2Bs7bSIYtMzrXTvUJd+6C3voKZ3+jv7a0=','2016-03-29 17:02:07',1,'dave','Dave','Harris','dharris8888@hotmail.com',1,1,'2016-03-29 17:02:07'),(76,'pbkdf2_sha256$24000$C87zYPWucrFM$vSxKZ1od4xEyLGx5jh4212rudW6IgdEAppO6kqmzfXg=','2016-03-31 00:32:32',1,'sreenivas','Sreenivas','Neelam','sacsneelam@yahoo.com',1,1,'2016-03-29 17:02:56');
/*!40000 ALTER TABLE `auth_user` ENABLE KEYS */;
UNLOCK TABLES;

--
-- Table structure for table `auth_user_groups`
--

DROP TABLE IF EXISTS `auth_user_groups`;
/*!40101 SET @saved_cs_client     = @@character_set_client */;
/*!40101 SET character_set_client = utf8 */;
CREATE TABLE `auth_user_groups` (
  `id` int(11) NOT NULL AUTO_INCREMENT,
  `user_id` int(11) NOT NULL,
  `group_id` int(11) NOT NULL,
  PRIMARY KEY (`id`),
  UNIQUE KEY `user_id` (`user_id`,`group_id`),
  KEY `group_id_refs_id_274b862c` (`group_id`),
  CONSTRAINT `group_id_refs_id_274b862c` FOREIGN KEY (`group_id`) REFERENCES `auth_group` (`id`),
  CONSTRAINT `user_id_refs_id_40c41112` FOREIGN KEY (`user_id`) REFERENCES `auth_user` (`id`)
) ENGINE=InnoDB AUTO_INCREMENT=145 DEFAULT CHARSET=utf8;
/*!40101 SET character_set_client = @saved_cs_client */;

--
-- Dumping data for table `auth_user_groups`
--

LOCK TABLES `auth_user_groups` WRITE;
/*!40000 ALTER TABLE `auth_user_groups` DISABLE KEYS */;
INSERT INTO `auth_user_groups` VALUES (144,1,1),(122,8,1),(84,9,1),(85,10,1),(86,11,1),(87,12,1),(88,13,1),(89,14,1),(90,15,1),(91,16,1),(92,17,1),(93,18,1),(94,19,1),(95,20,1),(96,21,1),(97,22,1),(98,23,1),(99,24,1),(100,25,1),(101,26,1),(102,27,1),(103,29,1),(105,31,1),(106,32,1),(107,33,1),(119,34,1),(116,37,1),(117,45,1),(111,46,1),(113,47,1),(118,48,1),(129,49,1),(123,52,1),(110,53,1),(128,54,1),(109,55,1),(126,58,1),(127,59,1),(132,61,1),(131,62,1),(133,63,1),(134,64,1),(138,65,1),(139,66,1),(136,70,1),(137,71,1),(142,72,1),(140,74,1),(141,75,1),(143,76,1);
/*!40000 ALTER TABLE `auth_user_groups` ENABLE KEYS */;
UNLOCK TABLES;

--
-- Table structure for table `auth_user_user_permissions`
--

DROP TABLE IF EXISTS `auth_user_user_permissions`;
/*!40101 SET @saved_cs_client     = @@character_set_client */;
/*!40101 SET character_set_client = utf8 */;
CREATE TABLE `auth_user_user_permissions` (
  `id` int(11) NOT NULL AUTO_INCREMENT,
  `user_id` int(11) NOT NULL,
  `permission_id` int(11) NOT NULL,
  PRIMARY KEY (`id`),
  UNIQUE KEY `user_id` (`user_id`,`permission_id`),
  KEY `permission_id_refs_id_35d9ac25` (`permission_id`),
  CONSTRAINT `permission_id_refs_id_35d9ac25` FOREIGN KEY (`permission_id`) REFERENCES `auth_permission` (`id`),
  CONSTRAINT `user_id_refs_id_4dc23c39` FOREIGN KEY (`user_id`) REFERENCES `auth_user` (`id`)
) ENGINE=InnoDB DEFAULT CHARSET=utf8;
/*!40101 SET character_set_client = @saved_cs_client */;

--
-- Dumping data for table `auth_user_user_permissions`
--

LOCK TABLES `auth_user_user_permissions` WRITE;
/*!40000 ALTER TABLE `auth_user_user_permissions` DISABLE KEYS */;
/*!40000 ALTER TABLE `auth_user_user_permissions` ENABLE KEYS */;
UNLOCK TABLES;

--
-- Table structure for table `django_admin_log`
--

DROP TABLE IF EXISTS `django_admin_log`;
/*!40101 SET @saved_cs_client     = @@character_set_client */;
/*!40101 SET character_set_client = utf8 */;
CREATE TABLE `django_admin_log` (
  `id` int(11) NOT NULL AUTO_INCREMENT,
  `action_time` datetime NOT NULL,
  `user_id` int(11) NOT NULL,
  `content_type_id` int(11) DEFAULT NULL,
  `object_id` longtext,
  `object_repr` varchar(200) NOT NULL,
  `action_flag` smallint(5) unsigned NOT NULL,
  `change_message` longtext NOT NULL,
  PRIMARY KEY (`id`),
  KEY `user_id_refs_id_c0d12874` (`user_id`),
  KEY `content_type_id_refs_id_93d2d1f8` (`content_type_id`),
  CONSTRAINT `content_type_id_refs_id_93d2d1f8` FOREIGN KEY (`content_type_id`) REFERENCES `django_content_type` (`id`),
  CONSTRAINT `user_id_refs_id_c0d12874` FOREIGN KEY (`user_id`) REFERENCES `auth_user` (`id`)
) ENGINE=InnoDB AUTO_INCREMENT=522 DEFAULT CHARSET=utf8;
/*!40101 SET character_set_client = @saved_cs_client */;

--
-- Dumping data for table `django_admin_log`
--

LOCK TABLES `django_admin_log` WRITE;
/*!40000 ALTER TABLE `django_admin_log` DISABLE KEYS */;
INSERT INTO `django_admin_log` VALUES (1,'2014-07-21 04:52:19',1,22,'1','3.5 Singles',1,''),(2,'2014-07-21 04:52:39',1,22,'2','3.5 Doubles',1,''),(3,'2014-07-21 04:53:10',1,22,'3','4.0 Singles',1,''),(4,'2014-07-21 04:53:30',1,22,'4','4.0 Doubles',1,''),(5,'2014-07-21 05:14:29',1,23,'4','murali Available 4.0 Doubles',1,''),(6,'2014-07-21 05:15:32',1,23,'5','murali Available 4.0 Singles',1,''),(7,'2014-07-21 16:34:08',8,23,'6','cm Responded Available for 3.5 Doubles',1,''),(8,'2014-07-21 16:34:20',8,23,'6','cm Responded Available for 3.5 Doubles',2,'No fields changed.'),(9,'2014-07-21 18:24:55',1,4,'41','mav1',3,''),(10,'2014-07-21 18:24:55',1,4,'42','maverick1',3,''),(11,'2014-07-21 18:24:55',1,4,'43','maverick2',3,''),(12,'2014-07-21 18:24:55',1,4,'44','maverick3',3,''),(13,'2014-07-21 18:25:45',1,4,'36','murali2',3,''),(14,'2014-07-21 18:41:08',1,4,'45','thulsi',2,'Changed is_staff.'),(15,'2014-07-28 12:51:37',1,4,'47','tejas',1,''),(16,'2014-07-28 12:52:01',1,4,'48','sunil',1,''),(17,'2014-07-28 12:52:17',1,4,'49','paresh',1,''),(18,'2014-07-28 12:52:48',1,4,'50','naren',1,''),(19,'2014-07-28 12:53:12',1,4,'51','rajesh',1,''),(20,'2014-07-28 17:14:35',1,4,'52','mikek',1,''),(21,'2014-07-28 17:15:39',1,4,'53','avi',1,''),(22,'2014-07-29 01:52:50',1,4,'54','bharath',1,''),(23,'2014-07-29 01:54:43',1,4,'55','ashok',1,''),(24,'2014-07-29 02:10:00',1,18,'5','3.5 S',1,''),(25,'2014-07-29 02:11:05',1,18,'6','3.5 D',1,''),(26,'2014-07-29 02:54:25',1,18,'5','3.5 S',2,'Changed name.'),(27,'2014-07-29 02:55:46',1,18,'7','4.5 S',1,''),(28,'2014-07-29 02:57:10',1,18,'8','4.0 D',1,''),(29,'2014-07-29 02:57:31',1,18,'7','4.0 S',2,'Changed name, abbrev and division.'),(30,'2014-07-30 03:50:36',1,21,'89','C Raje & M Panicker vs    & M Ford',3,''),(31,'2014-07-30 03:55:28',1,21,'114','   & R Donthireddy vs R Weinstein & H Nankani',3,''),(32,'2014-07-30 03:57:49',1,21,'115','R Weinstein & H Nankani vs    & A Cimochowski',3,''),(33,'2014-07-30 04:02:58',1,4,'55','ashok',2,'Changed first_name, last_name and is_staff.'),(34,'2014-07-30 04:04:07',1,4,'53','avi',2,'Changed first_name and is_staff.'),(35,'2014-07-30 04:06:38',1,4,'55','ashok',2,'Changed last_name and email.'),(36,'2014-07-30 04:07:14',1,4,'53','avi',2,'Changed last_name and email.'),(37,'2014-07-30 04:07:45',1,4,'54','bharath',2,'Changed first_name and is_staff.'),(38,'2014-07-30 04:08:09',1,4,'54','bharath',2,'Changed last_name.'),(39,'2014-07-30 04:09:36',1,4,'40','cmraje',3,''),(40,'2014-07-30 04:10:17',1,4,'52','mikek',2,'Changed first_name, last_name, email and is_staff.'),(41,'2014-07-30 04:10:54',1,4,'50','naren',2,'Changed first_name, last_name, email and is_staff.'),(42,'2014-07-30 04:11:39',1,4,'49','paresh',2,'Changed first_name, last_name and is_staff.'),(43,'2014-07-30 04:12:15',1,4,'46','mahendra',2,'Changed first_name, last_name and is_staff.'),(44,'2014-07-30 04:12:53',1,4,'51','rajesh',2,'Changed first_name, last_name and is_staff.'),(45,'2014-07-30 04:13:33',1,4,'48','sunil',2,'Changed first_name, last_name, email and is_staff.'),(46,'2014-07-30 04:14:19',1,4,'47','tejas',2,'Changed first_name, last_name, email and is_staff.'),(47,'2014-07-30 04:21:47',1,4,'54','bharath',2,'Changed email.'),(48,'2014-07-30 04:22:20',1,4,'49','paresh',2,'Changed last_name and email.'),(49,'2014-07-30 04:22:45',1,4,'51','rajesh',2,'Changed last_name and email.'),(50,'2014-07-30 14:49:04',1,4,'55','ashok',2,'Changed groups.'),(51,'2014-07-30 14:49:16',1,4,'53','avi',2,'Changed groups.'),(52,'2014-07-30 14:49:29',1,4,'30','anuj',2,'Changed groups.'),(53,'2014-07-30 14:49:56',1,4,'46','mahendra',2,'Changed groups.'),(54,'2014-07-30 14:50:13',1,4,'52','mikek',2,'Changed groups.'),(55,'2014-07-30 14:50:50',1,4,'47','tejas',2,'Changed groups.'),(56,'2014-07-30 14:51:19',1,4,'45','thulsi',2,'Changed groups.'),(57,'2014-07-30 14:54:45',1,4,'48','sunil',2,'Changed groups.'),(58,'2014-07-30 14:55:14',1,4,'37','robert',2,'Changed groups.'),(59,'2014-07-30 14:55:50',1,4,'38','tennisdad01',3,''),(60,'2014-07-30 14:56:37',1,4,'45','thulsi',2,'Changed first_name and last_name.'),(61,'2014-07-30 18:02:55',1,21,'152','S Varughese vs V Nara',1,''),(62,'2014-07-30 18:03:50',1,21,'153','S Majumdar vs P Mathew',1,''),(63,'2014-07-30 18:04:32',1,21,'154','E Witten vs A Paddy',1,''),(64,'2014-07-30 18:25:04',1,21,'155','R Anuga vs B Bharath',1,''),(65,'2014-07-30 18:25:37',1,21,'156','R Weinstein vs R Donthireddy',1,''),(66,'2014-07-30 18:26:03',1,21,'157','M Donthireddy vs S Sastri',1,''),(67,'2014-07-30 18:26:32',1,21,'158','G Redkar vs H Nankani',1,''),(68,'2014-07-30 18:27:29',1,21,'159','J Peng vs S Munipalli',1,''),(69,'2014-07-30 18:28:06',1,21,'160','N Khasnis vs V Nara',1,''),(70,'2014-07-30 18:28:41',1,21,'161','S Majumdar vs A Cimochowski',1,''),(71,'2014-07-31 00:20:00',48,4,'48','sunil',2,'Changed email.'),(72,'2014-07-31 00:22:28',48,16,'40','sunil',2,'Changed mobile_phone.'),(73,'2014-07-31 02:33:27',1,4,'34','stephen',2,'Changed email.'),(74,'2014-07-31 15:47:06',11,21,'157','M Donthireddy vs N Khasnis',2,'Changed away_player1.'),(75,'2014-07-31 15:47:43',11,21,'160','N Khasnis vs S Munipalli',2,'Changed away_player1.'),(76,'2014-07-31 15:48:08',11,21,'158','G Redkar vs V Nara',2,'Changed away_player1.'),(77,'2014-07-31 15:48:33',11,21,'159','J Peng vs M Donthireddy',2,'Changed away_player1.'),(78,'2014-07-31 15:50:30',11,21,'157','S Sastri vs H Nankani',2,'Changed home_player1 and away_player1.'),(79,'2014-07-31 17:31:13',1,8,'1','cm',2,'Changed timezone and language.'),(80,'2014-07-31 17:32:08',1,4,'8','cm',2,'Changed first_name.'),(81,'2014-07-31 17:32:35',1,4,'8','cm',2,'Changed email.'),(82,'2014-07-31 17:32:59',1,4,'8','cm',2,'Changed email.'),(83,'2014-07-31 17:53:58',1,4,'56','MLKalan',3,''),(84,'2014-07-31 17:54:21',1,4,'52','mikek',2,'Changed email.'),(85,'2014-07-31 17:55:41',1,4,'50','naren',2,'Changed email.'),(86,'2014-07-31 19:59:55',1,21,'129','C Raje & M Donthireddy vs B Botsch & M Ford',2,'Changed match_num and comment.'),(87,'2014-07-31 20:01:50',1,21,'146','M Donthireddy vs V Nara',2,'Changed comment.'),(88,'2014-08-03 15:53:19',8,21,'91','C Raje & M Panicker vs N Damani & T Raje',2,'Changed comment.'),(89,'2014-08-04 00:22:45',29,21,'135','J Peng vs A Cimochowski',2,'Changed date, home_won and score.'),(90,'2014-08-05 01:40:54',55,21,'108','V Nara vs A Paddy',2,'Changed home_won, score and comment.'),(91,'2014-08-05 02:42:34',8,21,'91','C Raje & M Panicker vs N Damani & T Raje',2,'Changed home_won and score.'),(92,'2014-08-05 03:26:19',11,21,'162','N Khasnis vs S Sastri',1,''),(93,'2014-08-05 03:29:43',11,21,'162','N Khasnis vs S Sastri',3,''),(94,'2014-08-05 03:30:25',11,21,'147','S Sastri vs N Khasnis',2,'Changed home_won and score.'),(95,'2014-08-05 03:31:30',11,21,'147','S Sastri vs N Khasnis',2,'Changed score.'),(96,'2014-08-05 03:47:05',49,21,'102','S Varughese vs P Mathew',2,'Changed date, home_won, score and comment.'),(97,'2014-08-05 03:48:30',49,21,'102','S Varughese vs P Mathew',2,'Changed score.'),(98,'2014-08-05 03:48:53',49,21,'102','S Varughese vs P Mathew',3,''),(99,'2014-08-05 03:51:29',49,21,'163','S Varughese vs P Mathew',1,''),(100,'2014-08-05 03:53:23',49,21,'163','S Varughese vs P Mathew',3,''),(101,'2014-08-05 03:54:17',49,21,'164','S Varughese vs P Mathew',1,''),(102,'2014-08-05 11:46:04',33,21,'103','E Witten vs B Bharath',2,'Changed match_num, home_won and score.'),(103,'2014-08-05 16:21:38',49,21,'164','S Varughese vs P Mathew',2,'Changed home_won and score.'),(104,'2014-08-05 16:22:09',49,21,'164','S Varughese vs P Mathew',2,'Changed home_won and score.'),(105,'2014-08-05 16:22:51',49,21,'164','S Varughese vs P Mathew',2,'Changed score.'),(106,'2014-08-05 16:24:32',49,21,'164','S Varughese vs P Mathew',2,'Changed home_won and score.'),(107,'2014-08-05 16:24:49',49,21,'164','S Varughese vs P Mathew',2,'Changed score.'),(108,'2014-08-05 16:25:11',49,21,'164','S Varughese vs P Mathew',2,'Changed home_won.'),(109,'2014-08-07 03:13:17',49,21,'93','P Mathew & B Bharath vs N Damani & T Raje',2,'Changed home_won and score.'),(110,'2014-08-07 11:19:57',8,21,'129','C Raje & M Donthireddy vs B Botsch & M Ford',2,'Changed date, home_won, score and comment.'),(111,'2014-08-07 11:19:57',8,21,'129','C Raje & M Donthireddy vs B Botsch & M Ford',2,'No fields changed.'),(112,'2014-08-09 00:36:40',1,21,'146','M Donthireddy vs V Nara',2,'Changed home_won, score and comment.'),(113,'2014-08-10 14:28:56',55,21,'111','A Paddy vs S Majumdar',2,'Changed home_won and score.'),(114,'2014-08-10 14:32:05',55,21,'154','E Witten vs A Paddy',2,'Changed date.'),(115,'2014-08-10 15:51:00',21,21,'140','R Donthireddy vs G Redkar',2,'Changed date, home_won and score.'),(116,'2014-08-10 17:46:43',14,21,'141','S Majumdar vs S Munipalli',2,'Changed date, home_won and score.'),(117,'2014-08-10 17:55:47',14,21,'141','S Majumdar vs S Munipalli',2,'Changed comment.'),(118,'2014-08-11 01:10:39',37,21,'128','N Bandaru & G Redkar vs S Sastri & R Henry',2,'Changed date, home_won and score.'),(119,'2014-08-11 01:28:49',21,21,'118','R Kapil & N Khasnis vs M Klein & R Donthireddy',2,'Changed date, home_won, score and comment.'),(120,'2014-08-11 01:30:29',21,21,'118','R Kapil & N Khasnis vs M Klein & R Donthireddy',2,'Changed score.'),(121,'2014-08-11 21:12:05',18,21,'90','P Mathew & B Bharath vs A Pawar & M Ford',2,'Changed date, match_num, home_won and score.'),(122,'2014-08-11 23:45:38',48,21,'106','S Varughese vs E Witten',2,'Changed home_won, score and comment.'),(123,'2014-08-12 01:40:25',48,21,'104','S Varughese vs B Bharath',2,'Changed home_won and score.'),(124,'2014-08-12 02:54:02',49,21,'105','P Mathew vs E Witten',2,'Changed home_won and score.'),(125,'2014-08-12 13:36:20',21,21,'142','R Donthireddy vs S Munipalli',2,'Changed date, home_won and score.'),(126,'2014-08-14 01:49:32',55,21,'154','E Witten vs A Paddy',2,'Changed home_won and score.'),(127,'2014-08-14 11:08:56',37,21,'131','S Sastri & R Henry vs C Raje & M Donthireddy',2,'Changed home_won and score.'),(128,'2014-08-14 13:01:21',12,21,'151','N Khasnis vs V Nara',2,'Changed home_won and score.'),(129,'2014-08-15 04:19:44',24,21,'116','R Weinstein & H Nankani vs S Varughese & A Cimochowski',2,'Changed home_won and score.'),(130,'2014-08-15 04:21:00',24,21,'116','R Weinstein & H Nankani vs S Varughese & A Cimochowski',2,'No fields changed.'),(131,'2014-08-15 04:21:13',24,21,'116','R Weinstein & H Nankani vs S Varughese & A Cimochowski',2,'No fields changed.'),(132,'2014-08-16 16:30:45',20,21,'143','G Redkar vs S Majumdar',2,'Changed home_won and score.'),(133,'2014-08-17 17:24:05',8,21,'95','C Raje & M Panicker vs M Patel & H Nankani',2,'Changed home_won and score.'),(134,'2014-08-18 03:46:30',17,21,'134','R Weinstein vs H Nankani',2,'Changed home_won and score.'),(135,'2014-08-19 02:30:09',49,21,'96','P Mathew & B Bharath vs J Joseph & S Giridhar',2,'Changed home_won and score.'),(136,'2014-08-19 02:30:42',49,21,'96','P Mathew & B Bharath vs J Joseph & S Giridhar',2,'Changed home_won and score.'),(137,'2014-08-19 02:31:02',49,21,'96','P Mathew & B Bharath vs J Joseph & S Giridhar',2,'Changed score.'),(138,'2014-08-19 03:10:39',24,21,'139','A Cimochowski vs H Nankani',2,'Changed home_won and score.'),(139,'2014-08-19 12:39:25',12,21,'152','S Varughese vs V Nara',2,'Changed home_won and score.'),(140,'2014-08-19 12:40:06',12,21,'152','S Varughese vs V Nara',2,'Changed home_won.'),(141,'2014-08-19 12:52:01',46,21,'92','M Patel & H Nankani vs J Joseph & S Giridhar',2,'Changed home_won, score and comment.'),(142,'2014-08-19 15:33:57',9,21,'138','R Weinstein vs J Peng',2,'Changed date, home_won and score.'),(143,'2014-08-19 21:14:31',8,21,'95','C Raje & M Panicker vs M Patel & H Nankani',2,'Changed score.'),(144,'2014-08-20 01:45:58',32,21,'160','N Khasnis vs S Munipalli',2,'Changed date, home_won and score.'),(145,'2014-08-20 14:18:38',12,21,'158','G Redkar vs V Nara',2,'Changed home_won and score.'),(146,'2014-08-21 02:44:37',26,21,'96','P Mathew & B Bharath vs J Joseph & S Giridhar',2,'Changed score.'),(147,'2014-08-21 03:10:04',21,21,'144','R Donthireddy vs S Majumdar',2,'Changed date, home_won and score.'),(148,'2014-08-21 03:10:11',21,21,'144','R Donthireddy vs S Majumdar',2,'No fields changed.'),(149,'2014-08-21 13:30:30',12,21,'149','V Nara vs S Sastri',2,'Changed home_won and comment.'),(150,'2014-08-22 03:44:25',8,21,'100','J Joseph & S Giridhar vs C Raje & M Panicker',2,'Changed home_won and score.'),(151,'2014-08-22 04:50:31',9,21,'119','R Weinstein & H Nankani vs M Patel & S Majumdar',2,'Changed home_won and score.'),(152,'2014-08-23 00:25:18',1,21,'148','M Donthireddy vs N Khasnis',2,'Changed home_won and score.'),(153,'2014-08-23 00:30:57',1,21,'150','M Donthireddy vs S Sastri',2,'Changed home_won and comment.'),(154,'2014-08-23 11:46:56',55,21,'113','R Anuga vs A Paddy',2,'Changed home_won.'),(155,'2014-08-23 11:47:56',55,21,'113','R Anuga vs A Paddy',2,'Changed score and comment.'),(156,'2014-08-23 13:04:51',12,21,'112','V Nara vs S Majumdar',2,'Changed home_won and score.'),(157,'2014-08-23 13:56:48',1,21,'132','N Bandaru & G Redkar vs C Raje & M Donthireddy',2,'Changed home_won, score and comment.'),(158,'2014-08-24 00:19:28',21,21,'120','S Varughese & A Cimochowski vs M Klein & R Donthireddy',2,'Changed home_won, score and comment.'),(159,'2014-08-24 00:20:06',1,21,'132','N Bandaru & G Redkar vs C Raje & M Donthireddy',2,'Changed comment.'),(160,'2014-08-24 13:36:32',17,21,'97','N Damani & T Raje vs M Patel & H Nankani',2,'Changed date, home_won and score.'),(161,'2014-08-24 19:03:45',9,21,'136','R Weinstein vs A Cimochowski',2,'Changed home_won and score.'),(162,'2014-08-24 23:06:08',9,21,'125','R Weinstein & H Nankani vs R Kapil & N Khasnis',2,'Changed home_won and score.'),(163,'2014-08-24 23:51:03',20,21,'145','S Munipalli vs G Redkar',2,'Changed home_won and score.'),(164,'2014-08-26 02:39:24',1,21,'159','J Peng vs M Donthireddy',2,'Changed home_won and score.'),(165,'2014-08-26 12:26:35',48,21,'127','M Patel & S Majumdar vs S Varughese & A Cimochowski',2,'Changed date, home_won and score.'),(166,'2014-08-27 03:21:05',29,21,'137','H Nankani vs J Peng',2,'Changed home_won and score.'),(167,'2014-08-27 13:21:06',17,21,'157','S Sastri vs H Nankani',2,'Changed home_won, score and comment.'),(168,'2014-08-27 14:03:37',11,21,'123','M Patel & S Majumdar vs R Kapil & N Khasnis',2,'Changed comment.'),(169,'2014-08-28 01:35:45',24,21,'161','S Majumdar vs A Cimochowski',2,'Changed date, home_won and score.'),(170,'2014-08-28 03:09:48',17,21,'99','P Mathew & B Bharath vs M Patel & H Nankani',2,'Changed home_won and score.'),(171,'2014-08-28 03:26:26',8,21,'98','A Pawar & M Ford vs C Raje & M Panicker',2,'Changed date, home_won and score.'),(172,'2014-08-29 00:10:25',20,21,'130','N Bandaru & G Redkar vs B Botsch & M Ford',2,'Changed home_won, score and comment.'),(173,'2014-08-29 02:44:49',9,21,'122','R Weinstein & H Nankani vs M Klein & R Donthireddy',2,'Changed home_won and score.'),(174,'2014-08-29 14:02:35',21,21,'156','R Weinstein vs R Donthireddy',2,'Changed home_won and score.'),(175,'2014-08-29 22:40:01',51,21,'109','S Majumdar vs R Anuga',2,'Changed date, home_won and score.'),(176,'2014-08-30 02:09:58',11,21,'123','M Patel & S Majumdar vs R Kapil & N Khasnis',2,'Changed home_won and score.'),(177,'2014-08-30 02:10:31',11,21,'123','M Patel & S Majumdar vs R Kapil & N Khasnis',2,'Changed score.'),(178,'2014-08-31 04:11:52',17,21,'169','H Nankani & M Patel vs   bye &   bye',2,'Changed home_won.'),(179,'2014-08-31 15:28:48',12,21,'175','V Nara vs R Weinstein',2,'Changed home_won and score.'),(180,'2014-08-31 17:06:47',17,21,'174','H Nankani vs A Cimochowski',2,'Changed home_won and score.'),(181,'2014-08-31 19:44:40',49,21,'172','  bye &   bye vs P Mathew & B Bharath',2,'No fields changed.'),(182,'2014-08-31 19:45:19',49,21,'172','  bye &   bye vs P Mathew & B Bharath',2,'Changed home_won.'),(183,'2014-08-31 19:45:39',49,21,'172','  bye &   bye vs P Mathew & B Bharath',2,'Changed home_won.'),(184,'2014-09-01 18:57:20',8,21,'180','C Raje & M Donthireddy vs S Varughese & A Cimochowski',2,'Changed home_won and score.'),(185,'2014-09-01 20:53:00',20,21,'176','G Redkar vs R Donthireddy',2,'Changed home_won and score.'),(186,'2014-09-01 20:54:10',20,21,'176','G Redkar vs R Donthireddy',2,'Changed score.'),(187,'2014-09-01 23:00:42',8,21,'177','H Nankani & R Weinstein vs M Ford & B Botsch',2,'Changed away_player1 and away_player2.'),(188,'2014-09-02 00:38:18',1,21,'181','H Nankani & R Weinstein vs B Botsch & M Ford',1,''),(189,'2014-09-02 00:39:27',1,21,'177','H Nankani & R Weinstein vs M Ford & B Botsch',3,''),(190,'2014-09-03 01:00:55',17,21,'181','H Nankani & R Weinstein vs B Botsch & M Ford',2,'Changed home_won and score.'),(191,'2014-09-03 02:26:56',1,21,'173','M Donthireddy vs J Peng',2,'Changed date, home_won and score.'),(192,'2014-09-03 18:13:13',1,21,'182','M Donthireddy vs H Nankani',1,''),(193,'2014-09-04 20:10:30',12,21,'165','V Nara vs B Bharath',2,'Changed home_won and comment.'),(194,'2014-09-05 04:04:27',8,21,'170','M Ford & A Pawar vs C Raje & M Panicker',2,'Changed home_won and score.'),(195,'2014-09-06 01:00:38',17,21,'182','M Donthireddy vs H Nankani',2,'Changed home_won and score.'),(196,'2014-09-06 02:17:43',1,21,'179','N Bandaru & G Redkar vs R Kapil & N Khasnis',2,'Changed date, home_won and score.'),(197,'2014-09-06 03:30:16',8,21,'171','S Giridhar & J Joseph vs N Damani & T Raje',2,'Changed home_won and score.'),(198,'2014-09-06 15:10:54',55,21,'167','A Paddy vs E Witten',2,'Changed home_won.'),(199,'2014-09-06 15:12:07',55,21,'167','A Paddy vs E Witten',2,'Changed score and comment.'),(200,'2014-09-06 15:12:51',55,21,'167','A Paddy vs E Witten',2,'Changed comment.'),(201,'2014-09-07 16:02:29',11,21,'183','R Kapil & N Khasnis vs C Raje & M Donthireddy',1,''),(202,'2014-09-07 17:46:18',21,21,'178','R Henry & S Sastri vs M Klein & R Donthireddy',2,'Changed date, home_won, score and comment.'),(203,'2014-09-07 23:37:18',1,21,'184','R Weinstein & H Nankani vs M Klein & R Donthireddy',1,''),(204,'2014-09-07 23:56:04',9,21,'184','R Weinstein & H Nankani vs M Klein & R Donthireddy',2,'Changed home_won, score and comment.'),(205,'2014-09-09 01:08:23',17,21,'184','R Weinstein & H Nankani vs M Klein & R Donthireddy',2,'Changed home_won and score.'),(206,'2014-09-09 01:59:32',48,21,'168','S Majumdar vs S Varughese',2,'Changed home_won and score.'),(207,'2014-09-09 03:34:27',9,21,'184','R Weinstein & H Nankani vs M Klein & R Donthireddy',2,'Changed score.'),(208,'2014-09-10 01:12:56',17,21,'185','H Nankani & M Patel vs M Ford & A Pawar',1,''),(209,'2014-09-11 00:47:32',55,21,'186','A Paddy vs S Varughese',1,''),(210,'2014-09-12 02:39:57',49,21,'166','R Anuga vs P Mathew',2,'Changed home_won and comment.'),(211,'2014-09-12 16:41:56',8,21,'187','S Giridhar & J Joseph vs P Mathew & B Bharath',1,''),(212,'2014-09-12 20:23:23',8,21,'188','V Nara vs P Mathew',1,''),(213,'2014-09-13 00:17:31',21,21,'189','V Nara vs R Donthireddy',1,''),(214,'2014-09-13 04:05:39',12,21,'188','V Nara vs P Mathew',2,'Changed score.'),(215,'2014-09-14 21:55:51',1,21,'190','M Donthireddy vs R Donthireddy',1,''),(216,'2014-09-14 21:56:21',1,21,'191','H Nankani & R Weinstein vs R Kapil & N Khasnis',1,''),(217,'2014-09-14 21:58:35',1,21,'192','P Mathew vs A Paddy',1,''),(218,'2014-09-14 22:00:16',1,21,'193','H Nankani & M Patel vs S Giridhar & J Joseph',1,''),(219,'2014-09-14 22:01:25',1,21,'192','P Mathew vs A Paddy',2,'Changed date, home_won and comment.'),(220,'2014-09-19 01:20:11',55,21,'192','P Mathew vs A Paddy',2,'Changed home_won, score and comment.'),(221,'2015-02-08 20:23:49',1,18,'15','HH15 4.0S',1,''),(222,'2015-02-08 20:25:55',1,28,'15','murali HH15 4.0S',1,''),(223,'2015-02-08 20:38:23',1,18,'16','HH15 3.5S',1,''),(224,'2015-02-08 20:39:09',1,18,'17','HH15 4.0D',1,''),(225,'2015-02-08 20:40:09',1,28,'16','murali HH15 4.0D',1,''),(226,'2015-02-09 02:32:59',1,28,'17','cm HH15 3.5S',1,''),(227,'2015-02-09 02:33:24',1,28,'17','cm HH15 3.5S',3,''),(228,'2015-02-09 21:02:58',8,28,'18','cm HH15 3.5S',1,''),(229,'2015-02-09 21:03:14',8,28,'19','cm HH15 4.0D',1,''),(230,'2015-02-09 21:06:42',8,24,'39','bye',3,''),(231,'2015-02-09 21:08:43',8,25,'1','cm',2,'Changed work_phone.'),(232,'2015-02-09 21:10:01',8,25,'39','tejas',2,'Changed mobile_phone and home_phone.'),(233,'2015-02-10 21:59:32',1,4,'57','bye',1,''),(234,'2015-02-10 21:59:52',1,4,'57','bye',2,'No fields changed.'),(235,'2015-02-10 22:00:26',1,4,'57','bye',2,'Changed first_name and last_name.'),(236,'2015-02-10 22:02:37',1,4,'57','bye',2,'Changed first_name.'),(237,'2015-02-11 02:34:26',11,28,'20','nikhil HH15 4.0D',1,''),(238,'2015-02-11 02:34:38',11,28,'21','nikhil HH15 4.0S',1,''),(239,'2015-02-11 13:09:52',1,18,'17','HH15 4.0D',2,'Changed name.'),(240,'2015-02-11 14:16:00',12,28,'22','vijay HH15 4.0S',1,''),(241,'2015-02-11 14:24:00',55,25,'47','ashok',2,'Changed mobile_phone.'),(242,'2015-02-11 14:51:52',33,28,'23','ed HH15 3.5S',1,''),(243,'2015-02-11 14:52:09',33,28,'24','ed HH15 4.0D',1,''),(244,'2015-02-11 14:52:39',55,28,'25','ashok HH15 3.5S',1,''),(245,'2015-02-11 14:53:40',55,28,'26','ashok HH15 4.0D',1,''),(246,'2015-02-11 15:05:05',1,18,'17','HH15 Doubles',2,'Changed abbrev.'),(247,'2015-02-11 16:32:16',9,28,'27','rob HH15 4.0S',1,''),(248,'2015-02-11 16:32:51',9,28,'28','rob HH15 Doubles',1,''),(249,'2015-02-11 18:45:27',1,25,'12','mike',2,'Changed home_phone.'),(250,'2015-02-11 18:45:36',1,25,'12','mike',2,'Changed home_phone.'),(251,'2015-02-11 19:06:53',1,25,'12','mike',2,'Changed home_phone.'),(252,'2015-02-11 19:07:09',1,25,'44','mikek',2,'Changed home_phone.'),(253,'2015-02-11 19:08:10',1,28,'29','mikek HH15 Doubles',1,''),(254,'2015-02-11 23:33:32',46,28,'30','mahendra HH15 Doubles',1,''),(255,'2015-02-12 03:44:13',14,28,'31','subrato HH15 3.5S',1,''),(256,'2015-02-12 03:45:03',14,28,'32','subrato HH15 Doubles',1,''),(257,'2015-02-12 03:46:13',14,28,'31','subrato HH15 3.5S',3,''),(258,'2015-02-12 03:46:53',14,28,'33','subrato HH15 3.5S',1,''),(259,'2015-02-13 14:33:09',1,28,'34','sumanth HH15 4.0S',1,''),(260,'2015-02-13 14:33:26',1,28,'35','sumanth HH15 Doubles',1,''),(261,'2015-03-05 20:53:21',17,28,'36','harish HH15 4.0S',1,''),(262,'2015-03-05 20:53:31',17,28,'37','harish HH15 Doubles',1,''),(263,'2015-03-16 17:35:00',29,28,'38','jeff HH15 4.0S',1,''),(264,'2015-03-16 18:01:36',18,28,'39','mike HH15 Doubles',1,''),(265,'2015-03-16 18:02:38',18,28,'40','mike HH15 4.0S',1,''),(266,'2015-03-16 18:41:38',26,28,'41','jose HH15 Doubles',1,''),(267,'2015-03-16 18:55:36',25,28,'42','sai HH15 Doubles',1,''),(268,'2015-03-16 19:56:37',20,28,'43','guru HH15 4.0S',1,''),(269,'2015-03-16 19:57:19',20,28,'44','guru HH15 Doubles',1,''),(270,'2015-03-16 20:47:39',10,28,'45','bryan HH15 Doubles',1,''),(271,'2015-03-16 22:20:25',15,28,'46','nizar HH15 Doubles',1,''),(272,'2015-03-17 01:31:48',48,28,'47','sunil HH15 3.5S',1,''),(273,'2015-03-17 01:32:34',48,28,'48','sunil HH15 Doubles',1,''),(274,'2015-03-17 11:36:12',14,28,'33','subrato HH15 3.5S',3,''),(275,'2015-03-17 11:36:25',14,28,'49','subrato HH15 4.0S',1,''),(276,'2015-03-17 16:18:24',45,28,'50','thulsi HH15 4.0S',1,''),(277,'2015-03-18 16:54:12',1,28,'51','raviathome HH15 4.0S',1,''),(278,'2015-03-18 16:56:01',1,4,'58','raviathome',2,'Changed groups.'),(279,'2015-03-22 17:26:14',8,28,'52','tejas HH15 3.5S',1,''),(280,'2015-03-22 17:26:24',8,28,'53','tejas HH15 Doubles',1,''),(281,'2015-03-23 02:38:20',21,28,'54','ramd HH15 4.0S',1,''),(282,'2015-03-23 02:39:07',21,28,'55','ramd HH15 Doubles',1,''),(283,'2015-03-25 17:48:55',1,4,'59','dharmeshsingh',2,'Changed is_staff and groups.'),(284,'2015-03-25 19:02:35',1,4,'58','raviathome',2,'Changed first_name, last_name and is_staff.'),(285,'2015-03-25 19:02:54',1,4,'59','dharmeshsingh',2,'Changed first_name and last_name.'),(286,'2015-03-25 19:51:12',1,28,'56','dharmeshsingh HH15 3.5S',1,''),(287,'2015-03-25 19:51:23',1,28,'57','dharmeshsingh HH15 Doubles',1,''),(288,'2015-03-29 14:21:22',53,28,'58','avi HH15 Doubles',1,''),(289,'2015-03-29 16:17:44',8,28,'59','stephen HH15 Doubles',1,''),(290,'2015-03-29 18:38:28',8,28,'59','stephen HH15 Doubles',3,''),(291,'2015-03-30 19:07:23',8,28,'60','ramk HH15 Doubles',1,''),(292,'2015-03-30 22:45:17',1,4,'54','bharath',2,'Changed groups.'),(293,'2015-03-30 22:45:35',1,4,'49','paresh',2,'Changed groups.'),(294,'2015-03-31 02:31:52',1,28,'61','paresh HH15 Doubles',1,''),(295,'2015-03-31 02:32:18',1,28,'62','bharath HH15 Doubles',1,''),(296,'2015-03-31 09:16:46',13,28,'63','sudhakar HH15 Doubles',1,''),(297,'2015-04-01 01:22:35',1,28,'64','paresh HH15 4.0S',1,''),(298,'2015-04-18 15:53:00',1,21,'439','M Donthireddy & R Donthireddy vs S Sastri & R Kapil',2,'Changed round_num, match_num, home_won and score.'),(299,'2015-04-19 20:30:54',55,21,'258','T Raje vs A Paddy',2,'Changed home_won, score and comment.'),(300,'2015-04-19 20:53:44',1,28,'65','subhrendu HH15 Doubles',1,''),(301,'2015-04-19 20:55:45',1,28,'66','manoj HH15 Doubles',1,''),(302,'2015-04-19 21:25:47',1,21,'526','M Donthireddy & R Donthireddy vs S Sastri & R Kapil',2,'Changed home_won and score.'),(303,'2015-04-20 02:53:43',1,4,'61','shubrendu',1,''),(304,'2015-04-20 02:54:56',1,4,'61','shubrendu',2,'Changed first_name, last_name, email, is_staff and groups.'),(305,'2015-04-20 03:16:11',61,21,'509','N Damani & A Paddy vs C Raje & T Raje',2,'Changed date and round_num.'),(306,'2015-04-20 03:16:47',61,21,'500','J Joseph & S Giridhar vs C Raje & T Raje',2,'Changed date and round_num.'),(307,'2015-04-21 09:35:42',55,21,'509','N Damani & A Paddy vs C Raje & T Raje',2,'Changed home_won and score.'),(308,'2015-04-23 02:28:57',55,21,'497','N Damani & A Paddy vs M Panicker & S Datta',2,'Changed home_won and score.'),(309,'2015-04-23 18:30:37',17,21,'633','S Munipalli vs H Nankani',2,'Changed home_won and score.'),(310,'2015-04-26 00:04:34',8,21,'259','C Raje vs E Witten',2,'Changed home_won and score.'),(311,'2015-04-26 18:32:31',29,21,'596','H Nankani vs J Peng',2,'Changed home_won and score.'),(312,'2015-04-26 18:48:02',1,21,'576','M Donthireddy vs R Weinstein',2,'Changed home_won and score.'),(313,'2015-04-26 18:49:33',1,21,'632','M Donthireddy vs J Peng',2,'Changed comment.'),(314,'2015-04-26 23:55:47',17,21,'525','R Weinstein & H Nankani vs M Ford & M Klein',2,'Changed home_won and score.'),(315,'2015-04-27 03:18:53',10,21,'527','B Botsch & S Munipalli vs N Khasnis & G Redkar',2,'Changed home_won, score and comment.'),(316,'2015-04-28 03:50:58',14,21,'499','M Patel & S Majumdar vs S Varughese & D Singh',2,'Changed date, home_won and score.'),(317,'2015-04-28 18:13:16',45,21,'578','R Vaidyanathan vs T Raja',2,'Changed date, home_won and score.'),(318,'2015-05-01 03:46:49',17,21,'609','R Donthireddy vs H Nankani',2,'Changed home_won and score.'),(319,'2015-05-02 02:19:59',45,21,'584','R Weinstein vs T Raja',2,'Changed date, home_won and score.'),(320,'2015-05-03 22:17:42',55,21,'268','A Paddy vs D Singh',2,'Changed home_won and score.'),(321,'2015-05-03 22:45:30',32,21,'582','S Munipalli vs N Khasnis',2,'Changed home_won and score.'),(322,'2015-05-04 18:00:23',59,21,'257','S Varughese vs D Singh',2,'Changed date, home_won and score.'),(323,'2015-05-04 18:01:49',59,21,'261','D Singh vs E Witten',2,'Changed home_won, score and comment.'),(324,'2015-05-07 02:04:00',48,21,'260','S Varughese vs A Paddy',2,'Changed home_won and score.'),(325,'2015-05-07 02:28:47',14,21,'508','E Witten & A Pawar vs M Patel & S Majumdar',2,'Changed home_won, score and comment.'),(326,'2015-05-07 02:31:39',14,21,'504','M Patel & S Majumdar vs J Joseph & S Giridhar',2,'Changed home_won, score and comment.'),(327,'2015-05-07 02:52:09',29,21,'589','J Peng vs S Munipalli',2,'Changed home_won and score.'),(328,'2015-05-07 16:44:45',1,4,'62','koundinya_90',2,'Changed first_name, last_name and groups. Changed mobile_phone for player \"koundinya_90\".'),(329,'2015-05-07 17:16:39',8,21,'506','P Mathew & B Bharath vs C Raje & T Raje',2,'Changed home_won and score.'),(330,'2015-05-12 03:28:09',17,21,'537','R Weinstein & H Nankani vs M Donthireddy & R Donthireddy',2,'Changed home_won and score.'),(331,'2015-05-12 04:40:55',14,21,'514','C Raje & T Raje vs M Patel & S Majumdar',2,'Changed home_won, score and comment.'),(332,'2015-05-13 03:26:58',1,21,'639','M Donthireddy vs H Nankani',2,'Changed home_won and score.'),(333,'2015-05-13 03:27:46',17,21,'639','M Donthireddy vs H Nankani',2,'Changed score and comment.'),(334,'2015-05-15 02:13:17',1,21,'590','M Donthireddy vs T Raja',2,'Changed home_won and score.'),(335,'2015-05-15 19:44:38',8,21,'264','A Paddy vs C Raje',2,'Changed home_won and score.'),(336,'2015-05-15 19:47:13',8,21,'503','E Witten & A Pawar vs C Raje & T Raje',2,'Changed home_won and score.'),(337,'2015-05-16 12:50:15',17,21,'534','R Weinstein & H Nankani vs B Botsch & S Munipalli',2,'Changed home_won, score and comment.'),(338,'2015-05-17 21:39:51',47,21,'267','E Witten vs T Raje',2,'Changed home_won and score.'),(339,'2015-05-17 21:40:14',47,21,'267','E Witten vs T Raje',2,'Changed score.'),(340,'2015-05-17 21:41:08',47,21,'267','E Witten vs T Raje',2,'Changed score.'),(341,'2015-05-17 22:14:09',55,21,'505','N Damani & A Paddy vs S Varughese & D Singh',2,'Changed home_won and score.'),(342,'2015-05-20 18:55:14',8,21,'519','C Raje & T Raje vs M Panicker & S Datta',2,'Changed home_won and score.'),(343,'2015-05-21 18:31:35',1,4,'61','shubrendu',2,'Changed password.'),(344,'2015-05-21 20:23:27',1,4,'61','subhrendu',2,'Changed username and first_name.'),(345,'2015-05-21 20:24:05',1,4,'61','subhrendu',2,'Changed password.'),(346,'2015-05-24 17:52:00',1,21,'611','M Donthireddy vs V Nara',2,'Changed home_won and score.'),(347,'2015-05-27 03:04:28',17,21,'528','R Weinstein & H Nankani vs S Sastri & R Kapil',2,'Changed home_won, score and comment.'),(348,'2015-05-27 09:57:50',23,21,'507','M Panicker & S Datta vs J Joseph & S Giridhar',2,'Changed date, home_won, score and comment.'),(349,'2015-05-27 14:10:12',12,21,'587','G Redkar vs V Nara',2,'Changed home_won and score.'),(350,'2015-05-28 13:07:36',55,21,'513','N Damani & A Paddy vs J Joseph & S Giridhar',2,'Changed home_won, score and comment.'),(351,'2015-05-28 13:07:48',55,21,'513','N Damani & A Paddy vs J Joseph & S Giridhar',2,'No fields changed.'),(352,'2015-05-29 03:23:47',61,21,'512','M Panicker & S Datta vs E Witten & A Pawar',2,'Changed home_won and score.'),(353,'2015-05-29 14:25:28',12,21,'581','J Peng vs V Nara',2,'Changed home_won and score.'),(354,'2015-06-03 11:08:56',1,21,'530','M Donthireddy & R Donthireddy vs B Botsch & S Munipalli',2,'Changed home_won and score.'),(355,'2015-06-04 23:10:13',1,21,'501','N Damani & A Paddy vs P Mathew & B Bharath',2,'Changed score and comment.'),(356,'2015-06-05 02:11:07',61,21,'502','M Panicker & S Datta vs S Varughese & D Singh',2,'Changed home_won, score and comment.'),(357,'2015-06-05 03:38:41',17,21,'627','V Nara vs H Nankani',2,'Changed home_won, score and comment.'),(358,'2015-06-07 03:10:03',17,21,'655','H Nankani vs R Weinstein',2,'Changed home_won and score.'),(359,'2015-06-07 21:54:58',55,21,'320','A Paddy vs D Singh',2,'Changed home_won and score.'),(360,'2015-06-08 01:48:48',10,21,'532','S Sastri & R Kapil vs B Botsch & S Munipalli',2,'Changed date, home_won, score and comment.'),(361,'2015-06-09 19:10:38',58,21,'602','R Vaidyanathan vs J Peng',2,'Changed home_won and score.'),(362,'2015-06-10 03:11:26',61,21,'522','M Patel & S Majumdar vs M Panicker & S Datta',2,'Changed home_won, score and comment.'),(363,'2015-06-11 02:43:41',8,21,'500','J Joseph & S Giridhar vs C Raje & T Raje',2,'Changed date, home_won and score.'),(364,'2015-06-15 00:20:37',47,21,'265','D Singh vs T Raje',2,'Changed home_won and score.'),(365,'2015-06-17 13:34:00',14,21,'517','N Damani & A Paddy vs M Patel & S Majumdar',2,'Changed home_won and score.'),(366,'2015-06-17 13:34:02',14,21,'517','N Damani & A Paddy vs M Patel & S Majumdar',2,'No fields changed.'),(367,'2015-06-23 22:59:08',47,21,'314','T Raje vs C Raje',2,'Changed home_won and score.'),(368,'2015-06-23 22:59:38',47,21,'314','T Raje vs C Raje',2,'Changed home_won and score.'),(369,'2015-06-23 23:00:03',47,21,'262','T Raje vs C Raje',2,'Changed home_won and score.'),(370,'2015-07-01 13:07:03',10,21,'538','B Botsch & S Munipalli vs M Ford & M Klein',2,'Changed date, home_won, score and comment.'),(371,'2015-07-09 03:17:40',29,21,'608','R Weinstein vs J Peng',2,'Changed home_won and score.'),(372,'2015-07-09 03:18:25',29,21,'614','T Raja vs J Peng',2,'Changed home_won and score.'),(373,'2015-07-09 03:19:39',29,21,'648','J Peng vs R Donthireddy',2,'Changed home_won and score.'),(374,'2015-08-19 22:51:37',1,18,'17','HH15 Doubles',2,'Changed name.'),(375,'2015-08-19 22:51:57',1,18,'17','HH15S Doubles',2,'Changed abbrev.'),(376,'2015-08-19 22:53:48',1,18,'18','HH15F',1,''),(377,'2015-08-19 22:54:10',1,18,'18','HH15F MD',2,'Changed abbrev.'),(378,'2015-08-19 22:57:52',1,21,'667','H Nankani & S Mutnuru vs R Weinstein & T Raje',1,''),(379,'2015-08-19 22:59:29',1,21,'668','S Munipalli & C Raje vs S Giridhar & M Klein',1,''),(380,'2015-08-19 23:00:52',1,21,'669','G Redkar & S Majumdar vs R Donthireddy & A Pawar',1,''),(381,'2015-08-19 23:01:30',1,21,'670','R Kapil & M Patel vs A Cimochowski & M Panicker',1,''),(382,'2015-08-19 23:02:29',1,21,'671','B Botsch & E Witten vs S Datta & S Varughese',1,''),(383,'2015-08-19 23:04:24',1,21,'672','J Peng & A Paddy vs M Ford & N Damani',1,''),(384,'2015-08-19 23:05:10',1,21,'673','S Datta & S Varughese vs H Nankani & S Mutnuru',1,''),(385,'2015-08-19 23:05:40',1,21,'674','R Weinstein & T Raje vs S Munipalli & C Raje',1,''),(386,'2015-08-19 23:06:21',1,21,'675','S Giridhar & M Klein vs G Redkar & S Majumdar',1,''),(387,'2015-08-19 23:06:45',1,21,'676','R Donthireddy & A Pawar vs J Peng & A Paddy',1,''),(388,'2015-08-19 23:07:30',1,21,'677','M Ford & N Damani vs R Kapil & M Patel',1,''),(389,'2015-08-19 23:08:00',1,21,'678','A Cimochowski & M Panicker vs B Botsch & E Witten',1,''),(390,'2015-08-19 23:11:02',1,21,'673','S Datta & S Varughese vs H Nankani & S Mutnuru',2,'Changed date.'),(391,'2015-08-19 23:11:18',1,21,'678','A Cimochowski & M Panicker vs B Botsch & E Witten',2,'Changed date.'),(392,'2015-08-19 23:11:32',1,21,'674','R Weinstein & T Raje vs S Munipalli & C Raje',2,'Changed date.'),(393,'2015-08-19 23:11:47',1,21,'675','S Giridhar & M Klein vs G Redkar & S Majumdar',2,'Changed date.'),(394,'2015-08-19 23:11:59',1,21,'676','R Donthireddy & A Pawar vs J Peng & A Paddy',2,'Changed date.'),(395,'2015-08-19 23:12:10',1,21,'677','M Ford & N Damani vs R Kapil & M Patel',2,'Changed date.'),(396,'2015-08-19 23:19:28',1,21,'679','H Nankani & S Mutnuru vs A Cimochowski & M Panicker',1,''),(397,'2015-08-19 23:20:06',1,21,'680','S Munipalli & C Raje vs S Datta & S Varughese',1,''),(398,'2015-08-19 23:20:34',1,21,'681','G Redkar & S Majumdar vs R Weinstein & T Raje',1,''),(399,'2015-08-19 23:21:08',1,21,'682','J Peng & A Paddy vs S Giridhar & M Klein',1,''),(400,'2015-08-19 23:21:43',1,21,'683','R Kapil & M Patel vs R Donthireddy & A Pawar',1,''),(401,'2015-08-19 23:22:24',1,21,'684','B Botsch & E Witten vs M Ford & N Damani',1,''),(402,'2015-08-19 23:23:09',1,21,'685','M Ford & N Damani vs H Nankani & S Mutnuru',1,''),(403,'2015-08-19 23:23:30',1,21,'686','A Cimochowski & M Panicker vs S Munipalli & C Raje',1,''),(404,'2015-08-19 23:24:04',1,21,'687','S Datta & S Varughese vs G Redkar & S Majumdar',1,''),(405,'2015-08-19 23:24:33',1,21,'688','R Weinstein & T Raje vs J Peng & A Paddy',1,''),(406,'2015-08-19 23:25:26',1,21,'689','S Giridhar & M Klein vs R Kapil & M Patel',1,''),(407,'2015-08-19 23:26:00',1,21,'690','R Donthireddy & A Pawar vs B Botsch & E Witten',1,''),(408,'2015-08-19 23:30:30',1,4,'63','sraman',1,''),(409,'2015-08-19 23:31:36',1,4,'63','sraman',2,'Changed first_name, last_name, email, is_staff and groups.'),(410,'2015-08-19 23:32:26',1,21,'667','H Nankani & S Raman vs R Weinstein & T Raje',2,'Changed home_player2.'),(411,'2015-08-19 23:33:02',1,21,'673','S Datta & S Varughese vs H Nankani & S Raman',2,'Changed away_player2.'),(412,'2015-08-19 23:33:24',1,21,'679','H Nankani & S Raman vs A Cimochowski & M Panicker',2,'Changed home_player2.'),(413,'2015-08-19 23:33:42',1,21,'685','M Ford & N Damani vs H Nankani & S Raman',2,'Changed away_player2.'),(414,'2015-08-20 11:37:33',8,21,'668','S Munipalli & C Raje vs S Giridhar & M Klein',2,'Changed home_won and score.'),(415,'2015-08-20 11:37:44',8,21,'668','S Munipalli & C Raje vs S Giridhar & M Klein',2,'No fields changed.'),(416,'2015-08-20 13:01:16',25,21,'675','S Giridhar & M Klein vs G Redkar & M Panicker',2,'Changed away_player2, home_won and score.'),(417,'2015-08-20 14:52:41',8,21,'675','S Giridhar & M Klein vs G Redkar & S Majumdar',2,'Changed away_player2 and comment.'),(418,'2015-08-20 17:18:49',1,4,'20','guru',2,'Changed password.'),(419,'2015-08-20 17:45:53',20,21,'669','G Redkar & S Majumdar vs R Donthireddy & A Pawar',2,'Changed score.'),(420,'2015-08-20 17:56:55',20,21,'669','G Redkar & S Majumdar vs R Donthireddy & A Pawar',2,'Changed home_won.'),(421,'2015-08-22 15:43:16',46,21,'689','S Giridhar & M Klein vs R Kapil & M Patel',2,'Changed date, home_won, score and comment.'),(422,'2015-08-22 15:49:37',46,21,'683','R Kapil & M Patel vs R Donthireddy & A Pawar',2,'Changed date, home_won, score and comment.'),(423,'2015-08-23 16:29:29',21,21,'683','R Kapil & M Patel vs R Donthireddy & A Pawar',2,'Changed score and comment.'),(424,'2015-08-23 16:33:04',21,21,'676','R Donthireddy & A Pawar vs J Peng & A Paddy',2,'Changed home_won and score.'),(425,'2015-08-23 16:34:39',21,21,'676','R Donthireddy & A Pawar vs J Peng & A Paddy',2,'Changed score.'),(426,'2015-08-23 16:36:04',21,21,'669','G Redkar & S Majumdar vs R Donthireddy & A Pawar',2,'Changed score.'),(427,'2015-08-27 01:56:54',10,21,'678','A Cimochowski & M Panicker vs B Botsch & E Witten',2,'Changed date, home_won, score and comment.'),(428,'2015-08-28 02:46:57',47,21,'681','G Redkar & S Majumdar vs R Weinstein & T Raje',2,'Changed home_won and score.'),(429,'2015-08-30 20:31:17',9,21,'674','R Weinstein & T Raje vs S Munipalli & C Raje',2,'Changed date and score.'),(430,'2015-08-30 20:33:32',9,21,'674','R Weinstein & T Raje vs S Munipalli & C Raje',2,'Changed home_won.'),(431,'2015-08-31 03:05:17',17,21,'679','H Nankani & S Raman vs A Cimochowski & M Panicker',2,'Changed home_won and score.'),(432,'2015-09-02 14:40:57',21,21,'690','R Donthireddy & A Pawar vs B Botsch & E Witten',2,'Changed date, home_won and score.'),(433,'2015-09-03 03:56:59',17,21,'667','H Nankani & S Raman vs R Weinstein & T Raje',2,'Changed home_won and score.'),(434,'2015-09-04 18:13:38',46,21,'677','M Ford & N Damani vs R Kapil & M Patel',2,'Changed date, home_won, score and comment.'),(435,'2015-09-05 16:10:22',55,21,'682','J Peng & A Paddy vs S Giridhar & M Klein',2,'Changed home_won and score.'),(436,'2015-09-05 19:38:27',46,21,'670','R Kapil & M Patel vs A Cimochowski & M Panicker',2,'Changed date, home_won, score and comment.'),(437,'2015-09-06 01:38:51',10,21,'671','B Botsch & E Witten vs S Datta & S Varughese',2,'Changed home_won, score and comment.'),(438,'2015-09-07 03:38:10',17,21,'673','S Datta & S Varughese vs H Nankani & S Raman',2,'Changed home_won and score.'),(439,'2015-09-07 03:38:48',17,21,'673','S Datta & S Varughese vs H Nankani & S Raman',2,'Changed comment.'),(440,'2015-09-09 02:18:21',47,21,'688','R Weinstein & T Raje vs J Peng & A Paddy',2,'Changed date, home_won and score.'),(441,'2015-09-09 12:24:43',55,21,'672','J Peng & A Paddy vs M Ford & N Damani',2,'Changed home_won, score and comment.'),(442,'2015-09-09 12:25:02',55,21,'672','J Peng & A Paddy vs M Ford & N Damani',2,'Changed comment.'),(443,'2015-09-11 01:06:52',17,21,'685','M Ford & N Damani vs H Nankani & S Raman',2,'Changed home_won and score.'),(444,'2015-09-12 03:06:08',10,21,'684','B Botsch & E Witten vs M Ford & N Damani',2,'Changed home_won, score and comment.'),(445,'2015-09-13 17:09:17',61,21,'687','S Datta & S Varughese vs G Redkar & S Majumdar',2,'Changed home_won, score and comment.'),(446,'2015-09-15 15:51:09',8,21,'677','M Ford & N Damani vs R Kapil & M Patel',2,'Changed score.'),(447,'2015-09-17 12:52:18',1,18,'19','HHDF15',1,''),(448,'2015-09-17 16:40:11',8,21,'686','A Cimochowski & M Panicker vs S Munipalli & C Raje',2,'Changed home_won and score.'),(449,'2015-09-18 13:52:44',8,21,'680','S Munipalli & C Raje vs S Datta & S Varughese',2,'Changed comment.'),(450,'2015-09-20 20:15:32',33,21,'696','E Witten & B Botsch vs R Weinstein & T Raje',2,'Changed date, home_won, score and comment.'),(451,'2015-09-21 00:38:39',1,21,'698','S Giridhar & M Klein vs R Kapil & M Patel',2,'Changed home_won, score and comment.'),(452,'2015-09-22 03:04:08',17,21,'695','H Nankani & S Raman vs M Panicker & A Cimochowski',2,'Changed home_won, score and comment.'),(453,'2015-09-23 02:46:07',21,21,'697','A Pawar & R Donthireddy vs A Paddy & J Peng',2,'Changed home_won, score and comment.'),(454,'2015-09-26 16:41:29',8,21,'699','A Pawar & R Donthireddy vs R Kapil & M Patel',1,''),(455,'2015-09-26 17:36:03',8,21,'700','H Nankani & S Raman vs B Botsch & E Witten',1,''),(456,'2016-03-19 20:02:07',1,18,'20','HH16S',1,'Added.'),(457,'2016-03-19 20:04:38',1,18,'21','HH16D',1,'Added.'),(458,'2016-03-23 02:39:27',8,24,'8','cm',2,'Changed first_name.'),(459,'2016-03-23 12:23:49',1,4,'64','madhu',2,'Changed first_name, last_name and groups. Changed mobile_phone for player \"madhu\".'),(460,'2016-03-23 12:24:40',1,4,'64','madhu',2,'Changed is_staff and is_superuser.'),(461,'2016-03-23 12:33:25',64,4,'64','madhu',2,'Changed work_phone and format_preference for player \"madhu\".'),(462,'2016-03-25 16:29:38',1,4,'66','gopi',2,'Changed first_name, last_name, is_staff, is_superuser and groups. Changed mobile_phone and format_preference for player \"gopi\".'),(463,'2016-03-25 20:31:58',8,4,'24','andrew',2,'Changed mobile_phone and format_preference for player \"andrew\".'),(464,'2016-03-25 20:33:31',8,4,'8','cm',2,'No fields changed.'),(465,'2016-03-25 20:48:03',8,4,'70','naveen',2,'Changed first_name, last_name, is_staff, is_superuser and groups. Changed mobile_phone, home_phone and format_preference for player \"naveen\".'),(466,'2016-03-25 20:56:34',8,4,'70','naveen',2,'Changed mobile_phone and home_phone for player \"naveen\".'),(467,'2016-03-25 20:59:21',8,4,'71','smitesh',2,'Changed first_name, last_name, is_staff, is_superuser and groups. Changed mobile_phone, home_phone and format_preference for player \"smitesh\".'),(468,'2016-03-25 22:47:11',1,22,'5','At EB Smash',1,'Added.'),(469,'2016-03-25 22:48:13',1,22,'6','vs EB Smash',1,'Added.'),(470,'2016-03-25 22:49:40',1,22,'7','Round 1 HH league',1,'Added.'),(471,'2016-03-25 23:27:12',1,22,'8','test',1,'Added.'),(472,'2016-03-26 01:10:24',1,22,'8','test -- Other -- 2016-03-01 19:27:09+00:00',3,''),(473,'2016-03-26 01:10:24',1,22,'3','4.0 Singles --  -- 2014-07-21 00:00:00+00:00',3,''),(474,'2016-03-26 01:10:24',1,22,'2','3.5 Doubles --  -- 2014-07-21 00:00:00+00:00',3,''),(475,'2016-03-26 01:10:24',1,22,'1','3.5 Singles --  -- 2014-07-21 00:00:00+00:00',3,''),(476,'2016-03-26 06:09:23',10,22,'9','USTA 4.0 40+ Match -- Home match vs. EB Smash -- 2016-04-30 08:30:00+00:00',1,'Added.'),(477,'2016-03-26 06:09:59',10,22,'9','USTA 4.0 40+ Match -- vs. EB Smash -- 2016-04-30 08:30:00+00:00',2,'Changed name.'),(478,'2016-03-26 21:42:27',1,22,'6','USTA 4.0 18+ Match -- vs EB Smash',3,''),(479,'2016-03-26 21:47:31',1,22,'10','Hackers League Doubles -- Round 1',1,'Added.'),(480,'2016-03-26 21:50:14',1,22,'11','USTA 4.0 40+ Match -- vs Mercer Slammers',1,'Added.'),(481,'2016-03-26 21:51:00',1,22,'12','Hackers League Singles -- Round 2',1,'Added.'),(482,'2016-03-26 21:51:22',1,22,'12','Hackers League Singles -- Round 2',2,'No fields changed.'),(483,'2016-03-26 21:51:55',1,22,'13','Hackers League Doubles -- Round 2',1,'Added.'),(484,'2016-03-26 21:52:45',1,22,'14','USTA 4.0 40+ Match -- vs Nassau Spiders',1,'Added.'),(485,'2016-03-26 21:53:48',1,22,'15','USTA 4.0 40+ Match -- At Mercer Slammers',1,'Added.'),(486,'2016-03-26 21:54:35',1,22,'16','USTA 4.0 40+ Match -- At Nassau Spiders',1,'Added.'),(487,'2016-03-26 21:55:13',1,22,'17','USTA 4.0 40+ Match -- At Nassau Spiders',1,'Added.'),(488,'2016-03-26 21:55:51',1,22,'18','USTA 4.0 40+ Match -- vs Mercer Slammers',1,'Added.'),(489,'2016-03-26 21:56:34',1,22,'19','USTA 4.0 40+ Match -- vs EB Smash',1,'Added.'),(490,'2016-03-26 22:00:00',1,22,'7','Hackers League Singles -- Round 1',2,'Changed name.'),(491,'2016-03-26 23:18:19',63,4,'63','sraman',2,'Changed mobile_phone and home_phone for player \"sraman\".'),(492,'2016-03-27 23:06:39',19,28,'105','ramk HH16D',1,'Added.'),(493,'2016-03-28 13:40:02',1,4,'65','qiding',2,'Changed first_name, last_name, is_staff, is_superuser and groups.'),(494,'2016-03-29 10:25:29',1,22,'20','Get Together -- Team meeting',1,'Added.'),(495,'2016-03-29 12:01:13',8,22,'20','Get Together -- Team meeting',2,'No fields changed.'),(496,'2016-03-29 13:39:01',1,22,'36','Hackers League -- Week 3 Thu',2,'Changed event_type.'),(497,'2016-03-29 13:39:16',1,22,'35','Hackers League -- Week 3 Tue',2,'Changed event_type.'),(498,'2016-03-29 13:39:35',1,22,'36','Hackers League -- Week 3 Thu',2,'Changed date.'),(499,'2016-03-29 13:39:58',1,22,'35','Hackers League -- Week 3 Tue',2,'Changed date.'),(500,'2016-03-29 15:50:10',8,22,'20','Get Together -- Team meeting',2,'No fields changed.'),(501,'2016-03-29 16:53:41',1,4,'66','gopi',2,'Changed groups.'),(502,'2016-03-29 17:04:01',1,4,'74','altaf',2,'Changed first_name, last_name, is_staff, is_superuser and groups. Changed format_preference for player \"altaf\".'),(503,'2016-03-29 17:04:29',1,4,'75','dave',2,'Changed first_name, last_name, is_staff, is_superuser and groups. Changed format_preference for player \"dave\".'),(504,'2016-03-29 17:05:01',1,4,'72','ktrock',2,'Changed first_name, last_name, is_staff, is_superuser and groups. Changed format_preference for player \"ktrock\".'),(505,'2016-03-29 17:05:34',1,4,'76','sreenivas',2,'Changed first_name, last_name, is_staff, is_superuser and groups. Changed format_preference for player \"sreenivas\".'),(506,'2016-03-29 17:59:07',8,22,'20','Get Together -- Team meeting',2,'Changed comment.'),(507,'2016-03-30 11:51:44',1,29,'25','sraman prefs',2,'Changed rating_adj.'),(508,'2016-03-31 21:01:44',8,22,'20','Other -- Outdoor Practice',2,'Changed event_type, date and name.'),(509,'2016-03-31 21:02:22',8,22,'37','Get Together -- Team Meeting',1,'Added.'),(510,'2016-03-31 23:27:05',1,29,'33','rob prefs',1,'Added.'),(511,'2016-04-01 02:17:10',1,29,'33','rob prefs',2,'Changed rating_adj.'),(512,'2016-04-01 15:16:44',65,24,'65','qiding',2,'Changed mobile_phone for player \"qiding\".'),(513,'2016-04-01 23:42:22',1,29,'34','vijay prefs',1,'Added.'),(514,'2016-04-02 12:41:31',8,22,'7','Hackers League -- Round 1 Tue',3,''),(515,'2016-04-02 12:42:02',8,22,'10','Hackers League -- Week 1 Thu',3,''),(516,'2016-04-02 12:42:44',8,22,'20','Other -- Outdoor Practice',2,'Changed comment.'),(517,'2016-04-02 12:42:49',8,22,'20','Other -- Outdoor Practice',2,'No fields changed.'),(518,'2016-04-06 17:04:23',55,22,'37','Get Together -- Team Meeting',2,'Changed comment.'),(519,'2016-04-07 15:41:54',1,4,'1','murali',2,'Changed home_phone for player \"Player object\".'),(520,'2016-04-07 16:52:57',1,19,'3','HVTS',2,'Changed name.'),(521,'2016-04-07 16:53:26',1,19,'4','NTC',1,'');
/*!40000 ALTER TABLE `django_admin_log` ENABLE KEYS */;
UNLOCK TABLES;

--
-- Table structure for table `django_content_type`
--

DROP TABLE IF EXISTS `django_content_type`;
/*!40101 SET @saved_cs_client     = @@character_set_client */;
/*!40101 SET character_set_client = utf8 */;
CREATE TABLE `django_content_type` (
  `id` int(11) NOT NULL AUTO_INCREMENT,
  `app_label` varchar(100) NOT NULL,
  `model` varchar(100) NOT NULL,
  PRIMARY KEY (`id`),
  UNIQUE KEY `app_label` (`app_label`,`model`)
) ENGINE=InnoDB AUTO_INCREMENT=30 DEFAULT CHARSET=utf8;
/*!40101 SET character_set_client = @saved_cs_client */;

--
-- Dumping data for table `django_content_type`
--

LOCK TABLES `django_content_type` WRITE;
/*!40000 ALTER TABLE `django_content_type` DISABLE KEYS */;
INSERT INTO `django_content_type` VALUES (8,'account','account'),(13,'account','accountdeletion'),(11,'account','emailaddress'),(12,'account','emailconfirmation'),(9,'account','signupcode'),(10,'account','signupcoderesult'),(1,'admin','logentry'),(3,'auth','group'),(2,'auth','permission'),(4,'auth','user'),(5,'contenttypes','contenttype'),(14,'eventlog','log'),(6,'sessions','session'),(7,'sites','site'),(15,'south','migrationhistory'),(20,'tennis','courttime'),(22,'tennis','event'),(23,'tennis','eventrsvp'),(19,'tennis','facility'),(18,'tennis','league'),(21,'tennis','match'),(17,'tennis','organization'),(16,'tennis','player'),(24,'tennis','playernameemail'),(25,'tennis','playerphone'),(29,'tennis','pprefs'),(28,'tennis','registration');
/*!40000 ALTER TABLE `django_content_type` ENABLE KEYS */;
UNLOCK TABLES;

--
-- Table structure for table `django_migrations`
--

DROP TABLE IF EXISTS `django_migrations`;
/*!40101 SET @saved_cs_client     = @@character_set_client */;
/*!40101 SET character_set_client = utf8 */;
CREATE TABLE `django_migrations` (
  `id` int(11) NOT NULL AUTO_INCREMENT,
  `app` varchar(255) NOT NULL,
  `name` varchar(255) NOT NULL,
  `applied` datetime NOT NULL,
  PRIMARY KEY (`id`)
) ENGINE=InnoDB AUTO_INCREMENT=41 DEFAULT CHARSET=utf8;
/*!40101 SET character_set_client = @saved_cs_client */;

--
-- Dumping data for table `django_migrations`
--

LOCK TABLES `django_migrations` WRITE;
/*!40000 ALTER TABLE `django_migrations` DISABLE KEYS */;
INSERT INTO `django_migrations` VALUES (21,'contenttypes','0001_initial','2015-01-24 22:57:09'),(22,'auth','0001_initial','2015-01-24 22:57:09'),(23,'admin','0001_initial','2015-01-24 22:57:09'),(24,'sessions','0001_initial','2015-01-24 22:57:09'),(25,'sites','0001_initial','2015-01-24 22:57:09'),(26,'tennis','0001_initial','2015-01-24 22:57:09'),(27,'contenttypes','0002_remove_content_type_name','2016-03-19 19:27:09'),(28,'auth','0002_alter_permission_name_max_length','2016-03-19 19:27:09'),(29,'auth','0003_alter_user_email_max_length','2016-03-19 19:27:09'),(30,'auth','0004_alter_user_username_opts','2016-03-19 19:27:09'),(31,'auth','0005_alter_user_last_login_null','2016-03-19 19:27:09'),(32,'auth','0006_require_contenttypes_0002','2016-03-19 19:27:09'),(33,'auth','0007_alter_validators_add_error_messages','2016-03-19 19:27:09'),(34,'tennis','0002_player_format_preference','2016-03-19 19:35:54'),(35,'tennis','0003_event_event_type','2016-03-25 21:23:56'),(36,'tennis','0004_auto_20160325_2242','2016-03-25 22:42:18'),(37,'tennis','0005_auto_20160325_2244','2016-03-25 22:44:34'),(38,'tennis','0006_auto_20160326_1448','2016-03-26 14:49:01'),(39,'tennis','0007_auto_20160329_1735','2016-03-29 17:35:31'),(40,'tennis','0008_auto_20160329_1758','2016-03-29 17:58:50');
/*!40000 ALTER TABLE `django_migrations` ENABLE KEYS */;
UNLOCK TABLES;

--
-- Table structure for table `django_session`
--

DROP TABLE IF EXISTS `django_session`;
/*!40101 SET @saved_cs_client     = @@character_set_client */;
/*!40101 SET character_set_client = utf8 */;
CREATE TABLE `django_session` (
  `session_key` varchar(40) NOT NULL,
  `session_data` longtext NOT NULL,
  `expire_date` datetime NOT NULL,
  PRIMARY KEY (`session_key`)
) ENGINE=InnoDB DEFAULT CHARSET=utf8;
/*!40101 SET character_set_client = @saved_cs_client */;

--
-- Dumping data for table `django_session`
--

LOCK TABLES `django_session` WRITE;
/*!40000 ALTER TABLE `django_session` DISABLE KEYS */;
INSERT INTO `django_session` VALUES ('0021bvqdkpfkrx5itexjvin94ji3laym','MjA0ODJhZGRmYmZhYzVjMWRjZmIwMzFmZGYwMjlmYTlmM2U3YjBkZjp7Il9hdXRoX3VzZXJfaGFzaCI6IjM0N2U2Y2UwMGJjYTU1ZGM4OGMxZGZiNDMxZDk3NDA5ODE0YWU5ZjQiLCJfYXV0aF91c2VyX2JhY2tlbmQiOiJhY2NvdW50LmF1dGhfYmFja2VuZHMuVXNlcm5hbWVBdXRoZW50aWNhdGlvbkJhY2tlbmQiLCJfYXV0aF91c2VyX2lkIjoyOX0=','2015-05-10 18:31:26'),('03tof4b2au7w4wfsokdw0otlce1oqcty','NmQwNWY3OGJkNzY1Y2ZhOGE5MDM0OThiY2M1ZGU5MjdiZjdhYjM4Njp7Il9zZXNzaW9uX2V4cGlyeSI6MzE1MzYwMDAwLCJfYXV0aF91c2VyX2hhc2giOiJmNzY4N2JkODQ0ZGQzOTNiMjMyNjNlNTBjYWVmNWFjMDRlZTczZmYwIiwiX2F1dGhfdXNlcl9iYWNrZW5kIjoiYWNjb3VudC5hdXRoX2JhY2tlbmRzLlVzZXJuYW1lQXV0aGVudGljYXRpb25CYWNrZW5kIiwiX2F1dGhfdXNlcl9pZCI6IjE3In0=','2026-03-23 15:41:22'),('08d5nmwz1kgcw8106cr960kn8fefrrzy','YjJmZGMwNzgyMDU3OTEzOGU2NjkzNDIwMWEwY2U4MDVlMTFjM2JiZjp7Il9zZXNzaW9uX2V4cGlyeSI6MCwiX2F1dGhfdXNlcl9oYXNoIjoiMWNhMzI5ZDliNGRlOWJmMGE3OTllMTY2NDlkOTFkODc2YjNlYjM3NiIsIl9hdXRoX3VzZXJfYmFja2VuZCI6ImFjY291bnQuYXV0aF9iYWNrZW5kcy5Vc2VybmFtZUF1dGhlbnRpY2F0aW9uQmFja2VuZCIsIl9hdXRoX3VzZXJfaWQiOjExfQ==','2015-03-30 22:33:00'),('09yrd2xaxcbvo3x27qvi56sg4sy6h54c','YzBiNDQ5NmNhNDVhOThjNjRmYzU5ZDI4ODVjOTkzMzBkY2I1MmQ2MTp7Il9zZXNzaW9uX2V4cGlyeSI6MCwiX2F1dGhfdXNlcl9oYXNoIjoiNjYwYmEwMGVhNzM5ODY3MTM4M2M1NDdjYTNlYmIwYWU4ZDQ1YmNlOSIsIl9hdXRoX3VzZXJfYmFja2VuZCI6ImFjY291bnQuYXV0aF9iYWNrZW5kcy5Vc2VybmFtZUF1dGhlbnRpY2F0aW9uQmFja2VuZCIsIl9hdXRoX3VzZXJfaWQiOjQ2fQ==','2015-10-10 16:03:16'),('0eb8fi80lyxctn3guiciuet2gfy28xbe','Y2Q2N2I4MzBmZmIxMzc5MjNkODkyOGQ2MTkxNjlhOTFiODllYmRhMzp7Il9zZXNzaW9uX2V4cGlyeSI6MCwiX2F1dGhfdXNlcl9oYXNoIjoiMjg2OGU5MGNjZDY2ZDA2NmI4MmNiNWRkMTc3YTUzNDU5MzkzNjdlYyIsIl9hdXRoX3VzZXJfYmFja2VuZCI6ImFjY291bnQuYXV0aF9iYWNrZW5kcy5Vc2VybmFtZUF1dGhlbnRpY2F0aW9uQmFja2VuZCIsIl9hdXRoX3VzZXJfaWQiOjh9','2015-05-18 17:34:42'),('0mgpez4u4al3dh4kmtm668jfgbfxh1hi','N2QyYTc0NWUwZGUxOGEwMGM1M2MwOTZjNzMwNDc0NDc1ZmI0ZmI4ZDp7Il9zZXNzaW9uX2V4cGlyeSI6MCwiX2F1dGhfdXNlcl9oYXNoIjoiMzRlNDkwZGExZjUzZDNkN2MwMDE2NzA5ZDY1OTQyODU0ZWY2Njg4ZSIsIl9hdXRoX3VzZXJfYmFja2VuZCI6ImFjY291bnQuYXV0aF9iYWNrZW5kcy5Vc2VybmFtZUF1dGhlbnRpY2F0aW9uQmFja2VuZCIsIl9hdXRoX3VzZXJfaWQiOiI4In0=','2016-04-12 15:49:05'),('0mk5p5y3kca955hr1al6ar68wxs0wn7o','Y2Q2N2I4MzBmZmIxMzc5MjNkODkyOGQ2MTkxNjlhOTFiODllYmRhMzp7Il9zZXNzaW9uX2V4cGlyeSI6MCwiX2F1dGhfdXNlcl9oYXNoIjoiMjg2OGU5MGNjZDY2ZDA2NmI4MmNiNWRkMTc3YTUzNDU5MzkzNjdlYyIsIl9hdXRoX3VzZXJfYmFja2VuZCI6ImFjY291bnQuYXV0aF9iYWNrZW5kcy5Vc2VybmFtZUF1dGhlbnRpY2F0aW9uQmFja2VuZCIsIl9hdXRoX3VzZXJfaWQiOjh9','2015-05-26 18:08:09'),('0nc4rjgld38hv8zzrquc82n3crltgmlu','MDMyNThhYjE4N2UzOGFmZWU4MzYwZmE5NmY4N2FkYTg0ZjEwYzNiNjp7Il9zZXNzaW9uX2V4cGlyeSI6MCwiX2F1dGhfdXNlcl9oYXNoIjoiODIzMjFhOTZiNzNlZDA5OWIwNGY0ZGYzYWZmOGU4YzQ1NmU0MDdlMiIsIl9hdXRoX3VzZXJfYmFja2VuZCI6ImFjY291bnQuYXV0aF9iYWNrZW5kcy5Vc2VybmFtZUF1dGhlbnRpY2F0aW9uQmFja2VuZCIsIl9hdXRoX3VzZXJfaWQiOjQ4fQ==','2015-04-21 22:24:51'),('0p8nycdq35v720zw6fq9gi7csoxudwma','Y2Q2N2I4MzBmZmIxMzc5MjNkODkyOGQ2MTkxNjlhOTFiODllYmRhMzp7Il9zZXNzaW9uX2V4cGlyeSI6MCwiX2F1dGhfdXNlcl9oYXNoIjoiMjg2OGU5MGNjZDY2ZDA2NmI4MmNiNWRkMTc3YTUzNDU5MzkzNjdlYyIsIl9hdXRoX3VzZXJfYmFja2VuZCI6ImFjY291bnQuYXV0aF9iYWNrZW5kcy5Vc2VybmFtZUF1dGhlbnRpY2F0aW9uQmFja2VuZCIsIl9hdXRoX3VzZXJfaWQiOjh9','2015-04-11 18:58:20'),('0qy0qvp7euu71wdmhiqyg9i4fav641fd','MWUxMDhkOTRkZTlmOTVjNmNlZmRhMDUzN2ZiYzUxNzU4ZjY4ODI3NTp7Il9zZXNzaW9uX2V4cGlyeSI6MCwiX2F1dGhfdXNlcl9iYWNrZW5kIjoiYWNjb3VudC5hdXRoX2JhY2tlbmRzLlVzZXJuYW1lQXV0aGVudGljYXRpb25CYWNrZW5kIiwiX2F1dGhfdXNlcl9pZCI6MTR9','2014-08-31 21:23:55'),('0tay2tz3scbfh2gcg7qba4oyc6819wkv','NTE4NDMyYTJiYzY0NTE2NTNiNzI1MDI2YThjN2MzZjY3ZDg0YWRmMTp7Il9zZXNzaW9uX2V4cGlyeSI6MCwiX2F1dGhfdXNlcl9oYXNoIjoiNjRmMDZkZDQxMzc5YTA1MGZkNDE1YzgzN2NhNThiNTg2NDQ3MmM2YiIsIl9hdXRoX3VzZXJfYmFja2VuZCI6ImFjY291bnQuYXV0aF9iYWNrZW5kcy5Vc2VybmFtZUF1dGhlbnRpY2F0aW9uQmFja2VuZCIsIl9hdXRoX3VzZXJfaWQiOjh9','2015-02-25 20:40:52'),('11cgqy9hx5lck5e8tac2hwf7b3y9zzo8','OGNiZmY4ZDM1YjBhMTRiOGQ4OTdjMTQ4ZjBiODBkN2E3Yjg4MTA0Mjp7Il9hdXRoX3VzZXJfYmFja2VuZCI6ImFjY291bnQuYXV0aF9iYWNrZW5kcy5Vc2VybmFtZUF1dGhlbnRpY2F0aW9uQmFja2VuZCIsIl9hdXRoX3VzZXJfaWQiOjQ5fQ==','2014-09-14 19:44:23'),('12ep4qk7eip2v4rdvhkmpfzpgrdeptko','OThjNzUyMGFmNTU4NDQzYTE3NmU1MzUwMmI2N2NkMWY2Y2ZhYzUxZDp7Il9hdXRoX3VzZXJfYmFja2VuZCI6ImFjY291bnQuYXV0aF9iYWNrZW5kcy5Vc2VybmFtZUF1dGhlbnRpY2F0aW9uQmFja2VuZCIsIl9hdXRoX3VzZXJfaWQiOjh9','2014-09-15 18:56:44'),('1e4jfc9j5x936zu4u4y043dm7ihsubjp','OTliZTlmNDgwNWJkMDgxYmY0NWYxYjcyOWZjY2U1Nzg3ZTI2MzA0MDp7Il9zZXNzaW9uX2V4cGlyeSI6MzE1MzYwMDAwLCJfYXV0aF91c2VyX2hhc2giOiIyMDUyOTYzNWM5OWNjMTBmOTBjZmRkNTA1NDJhNDc4N2UzYzk0YTIyIiwiX2F1dGhfdXNlcl9iYWNrZW5kIjoiYWNjb3VudC5hdXRoX2JhY2tlbmRzLlVzZXJuYW1lQXV0aGVudGljYXRpb25CYWNrZW5kIiwiX2F1dGhfdXNlcl9pZCI6IjE0In0=','2026-03-22 04:33:04'),('1fn6nfnlsvmf3u1drisllsnyl6pkmkas','NTE4NDMyYTJiYzY0NTE2NTNiNzI1MDI2YThjN2MzZjY3ZDg0YWRmMTp7Il9zZXNzaW9uX2V4cGlyeSI6MCwiX2F1dGhfdXNlcl9oYXNoIjoiNjRmMDZkZDQxMzc5YTA1MGZkNDE1YzgzN2NhNThiNTg2NDQ3MmM2YiIsIl9hdXRoX3VzZXJfYmFja2VuZCI6ImFjY291bnQuYXV0aF9iYWNrZW5kcy5Vc2VybmFtZUF1dGhlbnRpY2F0aW9uQmFja2VuZCIsIl9hdXRoX3VzZXJfaWQiOjh9','2015-02-23 21:01:42'),('1hna49yxgwpozhgbmw9i019oo5f63abc','OWYxODJiZTgxMjZjYTNkMDZmNGExYmY1OWU4MzI3MTU4ZjI5ODI5Nzp7Il9zZXNzaW9uX2V4cGlyeSI6MCwiX2F1dGhfdXNlcl9oYXNoIjoiODU4OWU3NjczOTdjMzJlNDM5NjlkODc5MmU0YTNmZjI1NTQ4M2NmZCIsIl9hdXRoX3VzZXJfYmFja2VuZCI6ImFjY291bnQuYXV0aF9iYWNrZW5kcy5Vc2VybmFtZUF1dGhlbnRpY2F0aW9uQmFja2VuZCIsIl9hdXRoX3VzZXJfaWQiOjYwfQ==','2015-05-04 03:01:26'),('1mjs03azwmrrgc39uxrkbde3u3ij8yto','ZjYwNTMwYjlkMGYyNjNkNzc3MzJlZTFmNDA1ODU1NTA1NzNhMzAwNzp7Il9zZXNzaW9uX2V4cGlyeSI6MCwiX2F1dGhfdXNlcl9iYWNrZW5kIjoiYWNjb3VudC5hdXRoX2JhY2tlbmRzLlVzZXJuYW1lQXV0aGVudGljYXRpb25CYWNrZW5kIiwiX2F1dGhfdXNlcl9pZCI6OH0=','2014-08-21 13:47:27'),('1ogfvjzystvi1837obhkopdzokplu2y2','YWFjNDhkYjMxMjYxNTAxYjVjMWIzYjkxMjI2YmI3NDcwNzkxNjFkNzp7Il9hdXRoX3VzZXJfYmFja2VuZCI6ImFjY291bnQuYXV0aF9iYWNrZW5kcy5Vc2VybmFtZUF1dGhlbnRpY2F0aW9uQmFja2VuZCIsIl9hdXRoX3VzZXJfaWQiOjF9','2014-10-08 01:24:51'),('1rltxl3p3moucsca7lburxto08v4bcml','NjA2YWNhMzQxZTMwMmZjNzg4MmQ0MTlhNDZiZDEzZGQyNjdhMzAzNjp7Il9hdXRoX3VzZXJfaGFzaCI6IjBmZjdlZjNjYWI3OGM5M2Q2NDViZGJiNjEwMTFlZDBhYzk1YmMzODkiLCJfYXV0aF91c2VyX2JhY2tlbmQiOiJhY2NvdW50LmF1dGhfYmFja2VuZHMuVXNlcm5hbWVBdXRoZW50aWNhdGlvbkJhY2tlbmQiLCJfYXV0aF91c2VyX2lkIjozM30=','2015-10-04 20:13:34'),('1t9sr647w0d8lii8fqlrvfco6seyk0yi','YjJmZGMwNzgyMDU3OTEzOGU2NjkzNDIwMWEwY2U4MDVlMTFjM2JiZjp7Il9zZXNzaW9uX2V4cGlyeSI6MCwiX2F1dGhfdXNlcl9oYXNoIjoiMWNhMzI5ZDliNGRlOWJmMGE3OTllMTY2NDlkOTFkODc2YjNlYjM3NiIsIl9hdXRoX3VzZXJfYmFja2VuZCI6ImFjY291bnQuYXV0aF9iYWNrZW5kcy5Vc2VybmFtZUF1dGhlbnRpY2F0aW9uQmFja2VuZCIsIl9hdXRoX3VzZXJfaWQiOjExfQ==','2015-04-12 16:53:47'),('1vxvc3tcn4bjivw34xjicjssdd0q7k1k','MDI5ZTg3ZWE1M2FkZTAwZjQxZGQxOTAxYzk2NjVhNzVlZDE5NWFhMzp7Il9zZXNzaW9uX2V4cGlyeSI6MCwiX2F1dGhfdXNlcl9oYXNoIjoiMzJhOTc3ZjM1NzUyYjAxMzg0ODg0MzRlMmFjYmY4NDY5M2U5ZDFjYSIsIl9hdXRoX3VzZXJfYmFja2VuZCI6ImFjY291bnQuYXV0aF9iYWNrZW5kcy5Vc2VybmFtZUF1dGhlbnRpY2F0aW9uQmFja2VuZCIsIl9hdXRoX3VzZXJfaWQiOjF9','2015-05-21 16:43:15'),('1wlozb20s3tl7oa2oo6t0dnrawr47m0h','MjQ3ZDBiYTA1N2M5OTVkMzcxNjcwYzYzMTNkN2RmYzhiYjBkODUzMzp7Il9zZXNzaW9uX2V4cGlyeSI6MCwiX2F1dGhfdXNlcl9oYXNoIjoiMzY4ZmU4MzQzMTc5YmNiMDI3ZjcxNzU4MGQ2Y2FlOTU3YTE5ZjdiNSIsIl9hdXRoX3VzZXJfYmFja2VuZCI6ImFjY291bnQuYXV0aF9iYWNrZW5kcy5Vc2VybmFtZUF1dGhlbnRpY2F0aW9uQmFja2VuZCIsIl9hdXRoX3VzZXJfaWQiOiI0OCJ9','2016-04-07 01:11:11'),('22r5f231dnduyao1atvatg0h4d5eh013','Y2Q2N2I4MzBmZmIxMzc5MjNkODkyOGQ2MTkxNjlhOTFiODllYmRhMzp7Il9zZXNzaW9uX2V4cGlyeSI6MCwiX2F1dGhfdXNlcl9oYXNoIjoiMjg2OGU5MGNjZDY2ZDA2NmI4MmNiNWRkMTc3YTUzNDU5MzkzNjdlYyIsIl9hdXRoX3VzZXJfYmFja2VuZCI6ImFjY291bnQuYXV0aF9iYWNrZW5kcy5Vc2VybmFtZUF1dGhlbnRpY2F0aW9uQmFja2VuZCIsIl9hdXRoX3VzZXJfaWQiOjh9','2015-09-02 19:20:28'),('22tjbrafucxi25f6sfveq0n4dmwxbrh0','ZjI2Yjc1YWM4NDJjYmU0NjFjNWU3NDJhNTcxYTcwODRhMTk5MDhlYTp7Il9zZXNzaW9uX2V4cGlyeSI6MCwiX2F1dGhfdXNlcl9oYXNoIjoiOGEzNjg2Y2M3ZmQ3MWZjZjk5MDYyYmQyOTc4NTRhNmZlZmJiMGM5NCIsIl9hdXRoX3VzZXJfYmFja2VuZCI6ImFjY291bnQuYXV0aF9iYWNrZW5kcy5Vc2VybmFtZUF1dGhlbnRpY2F0aW9uQmFja2VuZCIsIl9hdXRoX3VzZXJfaWQiOjMyfQ==','2015-05-12 13:47:44'),('2igvk5jft1l2d3gpl1e9uq7lk863ayt6','ZjIxMDgxYTRiZWNiN2RhN2VmY2M1NGJkODVmNTAzYjc2YmUyYzNmYzp7Il9zZXNzaW9uX2V4cGlyeSI6MzE1MzYwMDAwLCJfYXV0aF91c2VyX2hhc2giOiJkOGQ2NWYwNDZkMWRhNDE2N2I2OWE5NjYyNGNlNzczZGVhOTRlMDNhIiwiX2F1dGhfdXNlcl9iYWNrZW5kIjoiYWNjb3VudC5hdXRoX2JhY2tlbmRzLlVzZXJuYW1lQXV0aGVudGljYXRpb25CYWNrZW5kIiwiX2F1dGhfdXNlcl9pZCI6MX0=','2025-02-08 14:33:54'),('2j1nojclbqcrhftb01nqbx4c4lu04wqt','NTE4NDMyYTJiYzY0NTE2NTNiNzI1MDI2YThjN2MzZjY3ZDg0YWRmMTp7Il9zZXNzaW9uX2V4cGlyeSI6MCwiX2F1dGhfdXNlcl9oYXNoIjoiNjRmMDZkZDQxMzc5YTA1MGZkNDE1YzgzN2NhNThiNTg2NDQ3MmM2YiIsIl9hdXRoX3VzZXJfYmFja2VuZCI6ImFjY291bnQuYXV0aF9iYWNrZW5kcy5Vc2VybmFtZUF1dGhlbnRpY2F0aW9uQmFja2VuZCIsIl9hdXRoX3VzZXJfaWQiOjh9','2015-02-23 21:05:54'),('2sa0c8519j22ft4shjrolrgs35aavpsy','N2QyYTc0NWUwZGUxOGEwMGM1M2MwOTZjNzMwNDc0NDc1ZmI0ZmI4ZDp7Il9zZXNzaW9uX2V4cGlyeSI6MCwiX2F1dGhfdXNlcl9oYXNoIjoiMzRlNDkwZGExZjUzZDNkN2MwMDE2NzA5ZDY1OTQyODU0ZWY2Njg4ZSIsIl9hdXRoX3VzZXJfYmFja2VuZCI6ImFjY291bnQuYXV0aF9iYWNrZW5kcy5Vc2VybmFtZUF1dGhlbnRpY2F0aW9uQmFja2VuZCIsIl9hdXRoX3VzZXJfaWQiOiI4In0=','2016-04-09 01:57:39'),('2vbhyukcrrk75coy2w73xjplut2d0yzp','NjNlMTdjYzJhYmE1Njc2ODlkNjM5MThjMTdiMjA5ZGY3OTM4ZDdiYzp7Il9zZXNzaW9uX2V4cGlyeSI6MzE1MzYwMDAwLCJfYXV0aF91c2VyX2hhc2giOiI4MTQ0ZjhkNTVhY2VkZDI3MmU0ZTBjYjA1YWIxYzFlYjYwZjc4YjBkIiwiX2F1dGhfdXNlcl9iYWNrZW5kIjoiYWNjb3VudC5hdXRoX2JhY2tlbmRzLlVzZXJuYW1lQXV0aGVudGljYXRpb25CYWNrZW5kIiwiX2F1dGhfdXNlcl9pZCI6MTJ9','2025-05-24 14:07:29'),('2ww618u6tbf8pmafnxhah34bg0klf2pu','ODJjYTYwZDkyOTZjMzVhYTViZDJhN2ViMjM1ZGI4YjhjMGQwMGRmYzp7Il9zZXNzaW9uX2V4cGlyeSI6MCwiX2F1dGhfdXNlcl9iYWNrZW5kIjoiYWNjb3VudC5hdXRoX2JhY2tlbmRzLlVzZXJuYW1lQXV0aGVudGljYXRpb25CYWNrZW5kIiwiX2F1dGhfdXNlcl9pZCI6NDh9','2014-08-14 00:16:18'),('334yonryah3u67atlf3t0zt89b3mryn8','Y2I2MjRiMGJlNzQ3MDdkZTk1MTU0NDFhZTRjMDM4MzlhYzc1ZjRiOTp7Il9zZXNzaW9uX2V4cGlyeSI6MzE1MzYwMDAwLCJfYXV0aF91c2VyX2hhc2giOiIxODljNGQ3ZDRjMTNlNDI1Y2FlODc2NTg3N2VhZmEyMDZkMjMzNmFiIiwiX2F1dGhfdXNlcl9iYWNrZW5kIjoiYWNjb3VudC5hdXRoX2JhY2tlbmRzLlVzZXJuYW1lQXV0aGVudGljYXRpb25CYWNrZW5kIiwiX2F1dGhfdXNlcl9pZCI6IjcxIn0=','2026-04-03 18:50:22'),('3a6wo8c37rebo7xtu4kvhn3ywdom5v5s','MGM1ZWI2ZTc5NTM4M2VlODdlNGE0YzcyODNkMTI3ZGM0MWYxMmRkMDp7Il9zZXNzaW9uX2V4cGlyeSI6MzE1MzYwMDAwLCJfYXV0aF91c2VyX2hhc2giOiJkOGM2NDNiMDc5OTI4ODJiN2E1N2UxYmE4YmIyMDA1NWY0MTU2NDUxIiwiX2F1dGhfdXNlcl9iYWNrZW5kIjoiYWNjb3VudC5hdXRoX2JhY2tlbmRzLlVzZXJuYW1lQXV0aGVudGljYXRpb25CYWNrZW5kIiwiX2F1dGhfdXNlcl9pZCI6IjQ2In0=','2026-03-27 12:39:27'),('3e4to2ov0tgawwvkpwlpp7if7dtxavp0','MDMyNThhYjE4N2UzOGFmZWU4MzYwZmE5NmY4N2FkYTg0ZjEwYzNiNjp7Il9zZXNzaW9uX2V4cGlyeSI6MCwiX2F1dGhfdXNlcl9oYXNoIjoiODIzMjFhOTZiNzNlZDA5OWIwNGY0ZGYzYWZmOGU4YzQ1NmU0MDdlMiIsIl9hdXRoX3VzZXJfYmFja2VuZCI6ImFjY291bnQuYXV0aF9iYWNrZW5kcy5Vc2VybmFtZUF1dGhlbnRpY2F0aW9uQmFja2VuZCIsIl9hdXRoX3VzZXJfaWQiOjQ4fQ==','2015-05-09 18:24:54'),('3ftluk0iwhfiykskotd9seg5v2pjcvuc','OThjNzUyMGFmNTU4NDQzYTE3NmU1MzUwMmI2N2NkMWY2Y2ZhYzUxZDp7Il9hdXRoX3VzZXJfYmFja2VuZCI6ImFjY291bnQuYXV0aF9iYWNrZW5kcy5Vc2VybmFtZUF1dGhlbnRpY2F0aW9uQmFja2VuZCIsIl9hdXRoX3VzZXJfaWQiOjh9','2014-09-02 21:10:49'),('3m22itq2z8e8hzfjps3kkj12fs24art5','YjJmZGMwNzgyMDU3OTEzOGU2NjkzNDIwMWEwY2U4MDVlMTFjM2JiZjp7Il9zZXNzaW9uX2V4cGlyeSI6MCwiX2F1dGhfdXNlcl9oYXNoIjoiMWNhMzI5ZDliNGRlOWJmMGE3OTllMTY2NDlkOTFkODc2YjNlYjM3NiIsIl9hdXRoX3VzZXJfYmFja2VuZCI6ImFjY291bnQuYXV0aF9iYWNrZW5kcy5Vc2VybmFtZUF1dGhlbnRpY2F0aW9uQmFja2VuZCIsIl9hdXRoX3VzZXJfaWQiOjExfQ==','2015-04-23 17:59:51'),('3r2acq327qcbi659gjvvn6bqlrcnk7p2','NzA2ZmUwNDM5OTgwYTJlNzNiZTMyYmU2NmVkOGYwNWZkOWM1MzkzNzp7Il9hdXRoX3VzZXJfaGFzaCI6IjI4NjhlOTBjY2Q2NmQwNjZiODJjYjVkZDE3N2E1MzQ1OTM5MzY3ZWMiLCJfYXV0aF91c2VyX2JhY2tlbmQiOiJhY2NvdW50LmF1dGhfYmFja2VuZHMuVXNlcm5hbWVBdXRoZW50aWNhdGlvbkJhY2tlbmQiLCJfYXV0aF91c2VyX2lkIjo4fQ==','2015-10-10 16:41:00'),('3s5atdrp62d7sq8ayd3yc1c1b8n2xyht','Y2Q2N2I4MzBmZmIxMzc5MjNkODkyOGQ2MTkxNjlhOTFiODllYmRhMzp7Il9zZXNzaW9uX2V4cGlyeSI6MCwiX2F1dGhfdXNlcl9oYXNoIjoiMjg2OGU5MGNjZDY2ZDA2NmI4MmNiNWRkMTc3YTUzNDU5MzkzNjdlYyIsIl9hdXRoX3VzZXJfYmFja2VuZCI6ImFjY291bnQuYXV0aF9iYWNrZW5kcy5Vc2VybmFtZUF1dGhlbnRpY2F0aW9uQmFja2VuZCIsIl9hdXRoX3VzZXJfaWQiOjh9','2015-05-26 20:58:58'),('3udldprfhqf1nzpzlzus14cn5qwpyfju','NTE4NDMyYTJiYzY0NTE2NTNiNzI1MDI2YThjN2MzZjY3ZDg0YWRmMTp7Il9zZXNzaW9uX2V4cGlyeSI6MCwiX2F1dGhfdXNlcl9oYXNoIjoiNjRmMDZkZDQxMzc5YTA1MGZkNDE1YzgzN2NhNThiNTg2NDQ3MmM2YiIsIl9hdXRoX3VzZXJfYmFja2VuZCI6ImFjY291bnQuYXV0aF9iYWNrZW5kcy5Vc2VybmFtZUF1dGhlbnRpY2F0aW9uQmFja2VuZCIsIl9hdXRoX3VzZXJfaWQiOjh9','2015-02-26 18:52:50'),('3w3mrjtj1csxj0gfbvy80wwuxpdx53rn','Y2Q2N2I4MzBmZmIxMzc5MjNkODkyOGQ2MTkxNjlhOTFiODllYmRhMzp7Il9zZXNzaW9uX2V4cGlyeSI6MCwiX2F1dGhfdXNlcl9oYXNoIjoiMjg2OGU5MGNjZDY2ZDA2NmI4MmNiNWRkMTc3YTUzNDU5MzkzNjdlYyIsIl9hdXRoX3VzZXJfYmFja2VuZCI6ImFjY291bnQuYXV0aF9iYWNrZW5kcy5Vc2VybmFtZUF1dGhlbnRpY2F0aW9uQmFja2VuZCIsIl9hdXRoX3VzZXJfaWQiOjh9','2015-04-05 17:08:48'),('3wo32mdxececrhdipzejjqi4hxhvwmpz','NzIzNTRhNGIxOGFiYjZmZThkNDc2MGUwODUxMGQ5MjZmNmEzNDc5NTp7Il9hdXRoX3VzZXJfaGFzaCI6IjEwNTk1MzNlY2FhNTNiNjMyMjBkYTZhNjkyMzVlN2NlZmRjNTNkZmIiLCJfYXV0aF91c2VyX2JhY2tlbmQiOiJhY2NvdW50LmF1dGhfYmFja2VuZHMuVXNlcm5hbWVBdXRoZW50aWNhdGlvbkJhY2tlbmQiLCJfYXV0aF91c2VyX2lkIjo5fQ==','2015-09-13 20:30:08'),('3wtfh8ztv6p1k8y23h5vd7ao19j5s0om','YTJhMzVmZTAwMThkYTljMjI1MjE0MjkxM2MxMGQyNzljMTNjMGQ2ZDp7Il9zZXNzaW9uX2V4cGlyeSI6MCwiX2F1dGhfdXNlcl9oYXNoIjoiZWY1YjE2MjU2ZDMyZDJhNTZmNjJlYTc5MzQ3YjUyYjFjNjY0NDFjYSIsIl9hdXRoX3VzZXJfYmFja2VuZCI6ImFjY291bnQuYXV0aF9iYWNrZW5kcy5Vc2VybmFtZUF1dGhlbnRpY2F0aW9uQmFja2VuZCIsIl9hdXRoX3VzZXJfaWQiOjYxfQ==','2015-06-10 03:34:04'),('3yubp9mywlwhplnn1izs6i1yp7tqxopv','Y2Q2N2I4MzBmZmIxMzc5MjNkODkyOGQ2MTkxNjlhOTFiODllYmRhMzp7Il9zZXNzaW9uX2V4cGlyeSI6MCwiX2F1dGhfdXNlcl9oYXNoIjoiMjg2OGU5MGNjZDY2ZDA2NmI4MmNiNWRkMTc3YTUzNDU5MzkzNjdlYyIsIl9hdXRoX3VzZXJfYmFja2VuZCI6ImFjY291bnQuYXV0aF9iYWNrZW5kcy5Vc2VybmFtZUF1dGhlbnRpY2F0aW9uQmFja2VuZCIsIl9hdXRoX3VzZXJfaWQiOjh9','2015-05-18 00:29:37'),('3znnx806m4r3nf6wnx0t5jba4i0jz8hn','Y2Q2N2I4MzBmZmIxMzc5MjNkODkyOGQ2MTkxNjlhOTFiODllYmRhMzp7Il9zZXNzaW9uX2V4cGlyeSI6MCwiX2F1dGhfdXNlcl9oYXNoIjoiMjg2OGU5MGNjZDY2ZDA2NmI4MmNiNWRkMTc3YTUzNDU5MzkzNjdlYyIsIl9hdXRoX3VzZXJfYmFja2VuZCI6ImFjY291bnQuYXV0aF9iYWNrZW5kcy5Vc2VybmFtZUF1dGhlbnRpY2F0aW9uQmFja2VuZCIsIl9hdXRoX3VzZXJfaWQiOjh9','2015-05-10 00:07:12'),('41nx7bzb7m9nf0wa122cfahh8chdengq','Y2Q2N2I4MzBmZmIxMzc5MjNkODkyOGQ2MTkxNjlhOTFiODllYmRhMzp7Il9zZXNzaW9uX2V4cGlyeSI6MCwiX2F1dGhfdXNlcl9oYXNoIjoiMjg2OGU5MGNjZDY2ZDA2NmI4MmNiNWRkMTc3YTUzNDU5MzkzNjdlYyIsIl9hdXRoX3VzZXJfYmFja2VuZCI6ImFjY291bnQuYXV0aF9iYWNrZW5kcy5Vc2VybmFtZUF1dGhlbnRpY2F0aW9uQmFja2VuZCIsIl9hdXRoX3VzZXJfaWQiOjh9','2015-05-26 17:36:24'),('48rk6aozoi9riier82ivtp2vur64od9j','YjRhMmQ5N2RiYTgyZjk1OTFmM2FkOTEzNTZiMzRkYWI2NTEyZTAyNTp7Il9zZXNzaW9uX2V4cGlyeSI6MzE1MzYwMDAwLCJfYXV0aF91c2VyX2JhY2tlbmQiOiJhY2NvdW50LmF1dGhfYmFja2VuZHMuVXNlcm5hbWVBdXRoZW50aWNhdGlvbkJhY2tlbmQiLCJfYXV0aF91c2VyX2lkIjoyNn0=','2024-08-18 02:44:06'),('4al4ejqljik94uug23it5wtqlo7yrejx','YTg1ZjEzZTYwOTMzOTgzZmE2MmJjYzg5ZjI3MmQxNWRiODMyYWY4OTp7Il9hdXRoX3VzZXJfYmFja2VuZCI6ImFjY291bnQuYXV0aF9iYWNrZW5kcy5Vc2VybmFtZUF1dGhlbnRpY2F0aW9uQmFja2VuZCIsIl9hdXRoX3VzZXJfaWQiOjE4fQ==','2014-08-25 21:10:14'),('4qe4vzvtl7z07jl7gyro6p3ckn6yhvaw','YmMzMzE0OTgwMDNlNTVkNTA0OGFiYWNjMDliYTg3NGJjM2MyMTg3Nzp7Il9zZXNzaW9uX2V4cGlyeSI6MCwiX2F1dGhfdXNlcl9oYXNoIjoiNjdlYzI3YTZmMDM4YTlhODk2NjM3YzdmMDgyZWI2OTM1MThjZGRlYSIsIl9hdXRoX3VzZXJfYmFja2VuZCI6ImFjY291bnQuYXV0aF9iYWNrZW5kcy5Vc2VybmFtZUF1dGhlbnRpY2F0aW9uQmFja2VuZCIsIl9hdXRoX3VzZXJfaWQiOjQ3fQ==','2015-06-29 00:20:05'),('51fpft02stl2uys0bc44oghywti4a842','YjRlNTQ4NzM5ZTk0NWZjMTZiYThiMmQzNWY2OTdmM2ZlY2Q0MjM1NTp7Il9hdXRoX3VzZXJfaGFzaCI6IjAwYWRhMzkzNDM5YWYzMzExYjdjNWE1OGM5Y2QxZDg5MDFiZmFmOTYiLCJfYXV0aF91c2VyX2JhY2tlbmQiOiJhY2NvdW50LmF1dGhfYmFja2VuZHMuVXNlcm5hbWVBdXRoZW50aWNhdGlvbkJhY2tlbmQiLCJfYXV0aF91c2VyX2lkIjo1Mn0=','2015-02-25 17:59:31'),('535z1l9wsouve6eqme17wq2s9ecq5ydc','YmU4ODkxYTJhNjM2ODU5NWYxODk3MzczNzQ2MzkxMjM4YzkxNWNmNjp7Il9hdXRoX3VzZXJfaWQiOjEsIl9hdXRoX3VzZXJfYmFja2VuZCI6ImFjY291bnQuYXV0aF9iYWNrZW5kcy5Vc2VybmFtZUF1dGhlbnRpY2F0aW9uQmFja2VuZCIsIl9zZXNzaW9uX2V4cGlyeSI6MzE1MzYwMDAwfQ==','2024-07-28 18:53:45'),('579qvfclznzyp49sxtpk2zsxc6q24yux','ZjUxOWM2MDllMDM5OGExMTRlYjM1YjhiMzA5NzQyM2Q1MjE5YTA5Njp7Il9zZXNzaW9uX2V4cGlyeSI6MzE1MzYwMDAwLCJfYXV0aF91c2VyX2hhc2giOiI2NjBiYTAwZWE3Mzk4NjcxMzgzYzU0N2NhM2ViYjBhZThkNDViY2U5IiwiX2F1dGhfdXNlcl9iYWNrZW5kIjoiYWNjb3VudC5hdXRoX2JhY2tlbmRzLlVzZXJuYW1lQXV0aGVudGljYXRpb25CYWNrZW5kIiwiX2F1dGhfdXNlcl9pZCI6NDZ9','2025-08-19 15:39:15'),('58w1yob2hkpw6oopi34xjg9n9hgoxtgz','OGQwNjJmZjlkZjdhZDQyZWUyMTBkMDZmNjk5NzBhNzBkN2FiY2RkYTp7Il9zZXNzaW9uX2V4cGlyeSI6MzE1MzYwMDAwLCJfYXV0aF91c2VyX2hhc2giOiIzMmE5NzdmMzU3NTJiMDEzODQ4ODQzNGUyYWNiZjg0NjkzZTlkMWNhIiwiX2F1dGhfdXNlcl9iYWNrZW5kIjoiYWNjb3VudC5hdXRoX2JhY2tlbmRzLlVzZXJuYW1lQXV0aGVudGljYXRpb25CYWNrZW5kIiwiX2F1dGhfdXNlcl9pZCI6MX0=','2025-05-10 03:24:52'),('59gh9ivrnx6asdryo22spuvni4zh99tr','OTU2NDg2MzRkZTlhNjA0NmQ5ZmJmMGI1ZjMwNGViYmNlNWQ5OGRjZTp7fQ==','2015-09-19 20:26:09'),('59tnglb1qktuy4yz0g8e37kua7kuqohq','OTU2NDg2MzRkZTlhNjA0NmQ5ZmJmMGI1ZjMwNGViYmNlNWQ5OGRjZTp7fQ==','2015-02-27 14:58:04'),('5agyfscwj9qme5tp7w3vkgfvyjxegs0s','MWFlMjI3MDQxYmZiY2U1ZDcyNGE1YTM2YjkwNWJhZDU1YWI4ODVlMzp7Il9zZXNzaW9uX2V4cGlyeSI6MCwiX2F1dGhfdXNlcl9oYXNoIjoiNzU4YWJjMGIzNmJlN2Q5MTNkZTUyMTVhOTdiYjRjMzRhOGZkNjVkOSIsIl9hdXRoX3VzZXJfYmFja2VuZCI6ImFjY291bnQuYXV0aF9iYWNrZW5kcy5Vc2VybmFtZUF1dGhlbnRpY2F0aW9uQmFja2VuZCIsIl9hdXRoX3VzZXJfaWQiOjE1fQ==','2015-05-14 22:02:26'),('5bevv024mqafszk9phygzsu048yohz2d','OTU2NDg2MzRkZTlhNjA0NmQ5ZmJmMGI1ZjMwNGViYmNlNWQ5OGRjZTp7fQ==','2015-09-18 18:14:46'),('5cmgu2rqvwazgb1lymclt86muwan1u6c','MWI3OGY0MzExN2Q4NzYyZTAxYjIyOTBiZDFmNzJjOTE1MjVhY2Q4NTp7Il9hdXRoX3VzZXJfYmFja2VuZCI6ImFjY291bnQuYXV0aF9iYWNrZW5kcy5Vc2VybmFtZUF1dGhlbnRpY2F0aW9uQmFja2VuZCIsIl9hdXRoX3VzZXJfaWQiOjEyfQ==','2014-09-18 20:09:55'),('5ftuz6ibegcz1rf4tdb2wcs0cst2x0f9','NjlmYjRkYWYzYzc5NDI2YjYwYWY1OTIzMTYwOGI4ZDVmNTZhYWQyNjp7Il9zZXNzaW9uX2V4cGlyeSI6MCwiX2F1dGhfdXNlcl9oYXNoIjoiNDJkYTJhZWEyZmU0ZDcxOTRlYmE5ZDcwNGE3MzUxMmY3OTNmZTU3ZiIsIl9hdXRoX3VzZXJfYmFja2VuZCI6ImFjY291bnQuYXV0aF9iYWNrZW5kcy5Vc2VybmFtZUF1dGhlbnRpY2F0aW9uQmFja2VuZCIsIl9hdXRoX3VzZXJfaWQiOiI2NSJ9','2016-04-20 16:23:41'),('5hdl7zpadxa4r0nurdp58vnxtuoltyhp','YmE5YWNlZTg5ZjU3ODMxMTI5NGNhNzYxYmEzOTQzM2M4MmE2NGE3NTp7Il9zZXNzaW9uX2V4cGlyeSI6MCwiX2F1dGhfdXNlcl9oYXNoIjoiMjQwZmVhNmFkOTczMzA0MjZmNTFlNGJhYmE0ODQ4NjAxZDc1NGQzYiIsIl9hdXRoX3VzZXJfYmFja2VuZCI6ImFjY291bnQuYXV0aF9iYWNrZW5kcy5Vc2VybmFtZUF1dGhlbnRpY2F0aW9uQmFja2VuZCIsIl9hdXRoX3VzZXJfaWQiOiI1MyJ9','2016-04-15 10:30:12'),('5k3s9n74b57ygvn076recsn3m3xwm2o4','OGNiZmY4ZDM1YjBhMTRiOGQ4OTdjMTQ4ZjBiODBkN2E3Yjg4MTA0Mjp7Il9hdXRoX3VzZXJfYmFja2VuZCI6ImFjY291bnQuYXV0aF9iYWNrZW5kcy5Vc2VybmFtZUF1dGhlbnRpY2F0aW9uQmFja2VuZCIsIl9hdXRoX3VzZXJfaWQiOjQ5fQ==','2014-08-19 16:21:09'),('5onnhq8drmbxo8afijwjmbiyd4j0ig4w','ZGMzZWNjOWJmMGU3ZjU5NzRiYWRjNzkzNWU0YTU3ZmUyY2Q2NDIxOTp7Il9zZXNzaW9uX2V4cGlyeSI6MCwiX2F1dGhfdXNlcl9iYWNrZW5kIjoiYWNjb3VudC5hdXRoX2JhY2tlbmRzLlVzZXJuYW1lQXV0aGVudGljYXRpb25CYWNrZW5kIiwiX2F1dGhfdXNlcl9pZCI6NDl9','2014-08-18 20:24:30'),('5qasag7v6ax1bxy5qpnuw1q7az86a8sc','ZGM1ZmQxZWU1MzI2NDhmZDY4MDlmN2Q0ZDEyNGRjY2NiZWY0NjZlOTp7Il9zZXNzaW9uX2V4cGlyeSI6MCwiX2F1dGhfdXNlcl9oYXNoIjoiMGZmN2VmM2NhYjc4YzkzZDY0NWJkYmI2MTAxMWVkMGFjOTViYzM4OSIsIl9hdXRoX3VzZXJfYmFja2VuZCI6ImFjY291bnQuYXV0aF9iYWNrZW5kcy5Vc2VybmFtZUF1dGhlbnRpY2F0aW9uQmFja2VuZCIsIl9hdXRoX3VzZXJfaWQiOjMzfQ==','2015-06-05 17:51:38'),('5zkqs403so42o648e9dm4vnrprxm867i','YzBiNDQ5NmNhNDVhOThjNjRmYzU5ZDI4ODVjOTkzMzBkY2I1MmQ2MTp7Il9zZXNzaW9uX2V4cGlyeSI6MCwiX2F1dGhfdXNlcl9oYXNoIjoiNjYwYmEwMGVhNzM5ODY3MTM4M2M1NDdjYTNlYmIwYWU4ZDQ1YmNlOSIsIl9hdXRoX3VzZXJfYmFja2VuZCI6ImFjY291bnQuYXV0aF9iYWNrZW5kcy5Vc2VybmFtZUF1dGhlbnRpY2F0aW9uQmFja2VuZCIsIl9hdXRoX3VzZXJfaWQiOjQ2fQ==','2015-09-19 19:35:41'),('5zrf591l6f3vz0hui8lubx3vn6pla77l','OTYxZDU0MmQxZTQ2MzJiN2UzMDc2MTNjNWU4MTEyZGZjYWE2YzQ0ZTp7Il9hdXRoX3VzZXJfaGFzaCI6IjZlNmI2ZWJhM2RiMGNjOTVkMjBhMTViYWI0M2UxMjU4ZmNkODZiYzYiLCJfYXV0aF91c2VyX2JhY2tlbmQiOiJhY2NvdW50LmF1dGhfYmFja2VuZHMuVXNlcm5hbWVBdXRoZW50aWNhdGlvbkJhY2tlbmQiLCJfYXV0aF91c2VyX2lkIjoiNTUifQ==','2016-04-06 02:28:53'),('644vcfl4ft7lkerwvvwy5in3gbgky3dg','NmQ0YjMyYjYyOGQ4Y2E2NDA3NTgwNjViOGU0ZDZmNjY2YTNkYWRmNTp7Il9zZXNzaW9uX2V4cGlyeSI6MzE1MzYwMDAwLCJfYXV0aF91c2VyX2JhY2tlbmQiOiJhY2NvdW50LmF1dGhfYmFja2VuZHMuVXNlcm5hbWVBdXRoZW50aWNhdGlvbkJhY2tlbmQiLCJfYXV0aF91c2VyX2lkIjoxfQ==','2024-08-21 19:44:17'),('65oecvs61gu90zhb60bplajt9mvm58kr','Y2Q2N2I4MzBmZmIxMzc5MjNkODkyOGQ2MTkxNjlhOTFiODllYmRhMzp7Il9zZXNzaW9uX2V4cGlyeSI6MCwiX2F1dGhfdXNlcl9oYXNoIjoiMjg2OGU5MGNjZDY2ZDA2NmI4MmNiNWRkMTc3YTUzNDU5MzkzNjdlYyIsIl9hdXRoX3VzZXJfYmFja2VuZCI6ImFjY291bnQuYXV0aF9iYWNrZW5kcy5Vc2VybmFtZUF1dGhlbnRpY2F0aW9uQmFja2VuZCIsIl9hdXRoX3VzZXJfaWQiOjh9','2015-05-10 17:24:18'),('6aok40rv6u6g185v8pc4i4fdvzphcbhn','NTJmNWYzNjU4NjNlYmZjZGY2ZGVmZDMwNmY1NDg4MGFlYzQ3MGZiNDp7Il9zZXNzaW9uX2V4cGlyeSI6MCwiX2F1dGhfdXNlcl9iYWNrZW5kIjoiYWNjb3VudC5hdXRoX2JhY2tlbmRzLlVzZXJuYW1lQXV0aGVudGljYXRpb25CYWNrZW5kIiwiX2F1dGhfdXNlcl9pZCI6Mzd9','2014-08-28 11:06:00'),('6n5yhxynqo5h0if6gon4ava1kk82uhab','ODQ5YzZmMGUzNWIxNDA3YTg0NmEzN2I5ZTQ3ZmNkZmEwOWY2MDEwNTp7Il9zZXNzaW9uX2V4cGlyeSI6MCwiX2F1dGhfdXNlcl9oYXNoIjoiOGUzMTVkNmRjNTc3YmI5YTYxMGFhMmY4ZTVkMjhhYzE4NWU0ODAwMCIsIl9hdXRoX3VzZXJfYmFja2VuZCI6ImFjY291bnQuYXV0aF9iYWNrZW5kcy5Vc2VybmFtZUF1dGhlbnRpY2F0aW9uQmFja2VuZCIsIl9hdXRoX3VzZXJfaWQiOiI4In0=','2016-04-20 15:45:01'),('6yu77dsxcd1fwb5ov3p4mhm1wr1if9p1','OThjNzUyMGFmNTU4NDQzYTE3NmU1MzUwMmI2N2NkMWY2Y2ZhYzUxZDp7Il9hdXRoX3VzZXJfYmFja2VuZCI6ImFjY291bnQuYXV0aF9iYWNrZW5kcy5Vc2VybmFtZUF1dGhlbnRpY2F0aW9uQmFja2VuZCIsIl9hdXRoX3VzZXJfaWQiOjh9','2014-08-04 16:33:34'),('6yz2k77061rf8coreuxq5z94wvu08had','ODQ5YzZmMGUzNWIxNDA3YTg0NmEzN2I5ZTQ3ZmNkZmEwOWY2MDEwNTp7Il9zZXNzaW9uX2V4cGlyeSI6MCwiX2F1dGhfdXNlcl9oYXNoIjoiOGUzMTVkNmRjNTc3YmI5YTYxMGFhMmY4ZTVkMjhhYzE4NWU0ODAwMCIsIl9hdXRoX3VzZXJfYmFja2VuZCI6ImFjY291bnQuYXV0aF9iYWNrZW5kcy5Vc2VybmFtZUF1dGhlbnRpY2F0aW9uQmFja2VuZCIsIl9hdXRoX3VzZXJfaWQiOiI4In0=','2016-04-18 17:21:14'),('6z4koapb9t4e2ndc2klhuf767t9i0f0a','Y2I2MjRiMGJlNzQ3MDdkZTk1MTU0NDFhZTRjMDM4MzlhYzc1ZjRiOTp7Il9zZXNzaW9uX2V4cGlyeSI6MzE1MzYwMDAwLCJfYXV0aF91c2VyX2hhc2giOiIxODljNGQ3ZDRjMTNlNDI1Y2FlODc2NTg3N2VhZmEyMDZkMjMzNmFiIiwiX2F1dGhfdXNlcl9iYWNrZW5kIjoiYWNjb3VudC5hdXRoX2JhY2tlbmRzLlVzZXJuYW1lQXV0aGVudGljYXRpb25CYWNrZW5kIiwiX2F1dGhfdXNlcl9pZCI6IjcxIn0=','2026-03-24 00:06:19'),('6z5sbyw8j3lam0eyuhzm9ohnlwclyjlw','NmMwY2FhZGZiNTlmOGU0NzVhNjM1NmI3NzAxNTJjYTA0ODVlZTI0ZDp7Il9hdXRoX3VzZXJfaWQiOiI2NCIsIl9hdXRoX3VzZXJfaGFzaCI6IjEzMDY3NTAwNTg4OWM2ZjBjZDFjNjlhNWE2ZjEzM2M0Yzc1ZTc3ODIiLCJfYXV0aF91c2VyX2JhY2tlbmQiOiJhY2NvdW50LmF1dGhfYmFja2VuZHMuVXNlcm5hbWVBdXRoZW50aWNhdGlvbkJhY2tlbmQiLCJfc2Vzc2lvbl9leHBpcnkiOjB9','2016-04-06 12:18:20'),('73rdotplx26zmmj3jf5j5q51pbo1o8yg','OThjNzUyMGFmNTU4NDQzYTE3NmU1MzUwMmI2N2NkMWY2Y2ZhYzUxZDp7Il9hdXRoX3VzZXJfYmFja2VuZCI6ImFjY291bnQuYXV0aF9iYWNrZW5kcy5Vc2VybmFtZUF1dGhlbnRpY2F0aW9uQmFja2VuZCIsIl9hdXRoX3VzZXJfaWQiOjh9','2014-09-15 22:59:49'),('73u3isat5w7ll83hnebnsoyw9hhyi243','MGViOTY2NDdlMjM5MmFmZDBmNGUzYzU5YjdiMzcxMzA5Y2I3NDgxMjp7Il9hdXRoX3VzZXJfaGFzaCI6ImVmNWIxNjI1NmQzMmQyYTU2ZjYyZWE3OTM0N2I1MmIxYzY2NDQxY2EiLCJfYXV0aF91c2VyX2JhY2tlbmQiOiJhY2NvdW50LmF1dGhfYmFja2VuZHMuVXNlcm5hbWVBdXRoZW50aWNhdGlvbkJhY2tlbmQiLCJfYXV0aF91c2VyX2lkIjo2MX0=','2015-06-04 20:24:24'),('73wjg6zfikb39n19ki4s5n09uw3plsdr','ZTUyNDNmNjFmYzI0ZjljY2QwNjI5YTAxY2Y0YTYxODA4YzdhZDdlMzp7Il9zZXNzaW9uX2V4cGlyeSI6MCwiX2F1dGhfdXNlcl9oYXNoIjoiZDhkNjVmMDQ2ZDFkYTQxNjdiNjlhOTY2MjRjZTc3M2RlYTk0ZTAzYSIsIl9hdXRoX3VzZXJfYmFja2VuZCI6ImFjY291bnQuYXV0aF9iYWNrZW5kcy5Vc2VybmFtZUF1dGhlbnRpY2F0aW9uQmFja2VuZCIsIl9hdXRoX3VzZXJfaWQiOjF9','2015-02-23 21:54:12'),('750km2wr8ythl64u570gmlwjhte9n15o','OTRhMjQ2ZGQzZWU0NmI5NTA5NzY4MWQxYzlhNWE0OTRjYTk5ZjJkMDp7Il9zZXNzaW9uX2V4cGlyeSI6MCwiX2F1dGhfdXNlcl9oYXNoIjoiMWQwMWEzOTNhZDYwM2Y2OTEyMGNjYzYyMjYzODk4MTVjNTU5MjViYSIsIl9hdXRoX3VzZXJfYmFja2VuZCI6ImRqYW5nby5jb250cmliLmF1dGguYmFja2VuZHMuTW9kZWxCYWNrZW5kIiwiX2F1dGhfdXNlcl9pZCI6NTl9','2015-04-07 21:28:09'),('75984r1cyudbwnfjgza4zqrtbynrv79y','ODNhYjVhMWJhNTVlZDQ1MjAzMjg2MjZjNjg3NTU4Njg4YTRiMWE4Yzp7Il9hdXRoX3VzZXJfaGFzaCI6ImEyMWQwMGQwNmQ4ODAxNjQ3M2IzYjY1Njc0NjA3NThlMDQ3NmVhNjkiLCJfYXV0aF91c2VyX2JhY2tlbmQiOiJhY2NvdW50LmF1dGhfYmFja2VuZHMuVXNlcm5hbWVBdXRoZW50aWNhdGlvbkJhY2tlbmQiLCJfYXV0aF91c2VyX2lkIjoiMSJ9','2016-04-09 22:06:30'),('7hez596dlykmburecab7cqu5q54jx6a1','ODJjYTYwZDkyOTZjMzVhYTViZDJhN2ViMjM1ZGI4YjhjMGQwMGRmYzp7Il9zZXNzaW9uX2V4cGlyeSI6MCwiX2F1dGhfdXNlcl9iYWNrZW5kIjoiYWNjb3VudC5hdXRoX2JhY2tlbmRzLlVzZXJuYW1lQXV0aGVudGljYXRpb25CYWNrZW5kIiwiX2F1dGhfdXNlcl9pZCI6NDh9','2014-09-09 02:00:42'),('7m37fw2463ekjyv37o73maz5m3z7po30','NjNlMTdjYzJhYmE1Njc2ODlkNjM5MThjMTdiMjA5ZGY3OTM4ZDdiYzp7Il9zZXNzaW9uX2V4cGlyeSI6MzE1MzYwMDAwLCJfYXV0aF91c2VyX2hhc2giOiI4MTQ0ZjhkNTVhY2VkZDI3MmU0ZTBjYjA1YWIxYzFlYjYwZjc4YjBkIiwiX2F1dGhfdXNlcl9iYWNrZW5kIjoiYWNjb3VudC5hdXRoX2JhY2tlbmRzLlVzZXJuYW1lQXV0aGVudGljYXRpb25CYWNrZW5kIiwiX2F1dGhfdXNlcl9pZCI6MTJ9','2025-05-23 22:35:16'),('7p7wm4h66ji8j1sn73n27cm1rkv7v59n','ZjYwNTMwYjlkMGYyNjNkNzc3MzJlZTFmNDA1ODU1NTA1NzNhMzAwNzp7Il9zZXNzaW9uX2V4cGlyeSI6MCwiX2F1dGhfdXNlcl9iYWNrZW5kIjoiYWNjb3VudC5hdXRoX2JhY2tlbmRzLlVzZXJuYW1lQXV0aGVudGljYXRpb25CYWNrZW5kIiwiX2F1dGhfdXNlcl9pZCI6OH0=','2014-08-25 11:27:40'),('7vtnnu7jezlmx4m6zeuwdk3ts07kskjy','ZDQ5Mjc0ODFhZTFmZGJmMjM3NmNhZDhlMTAxNzY4ZTAwMDliY2JhMjp7Il9hdXRoX3VzZXJfaWQiOiI2NSIsIl9hdXRoX3VzZXJfaGFzaCI6IjQyZGEyYWVhMmZlNGQ3MTk0ZWJhOWQ3MDRhNzM1MTJmNzkzZmU1N2YiLCJfYXV0aF91c2VyX2JhY2tlbmQiOiJhY2NvdW50LmF1dGhfYmFja2VuZHMuVXNlcm5hbWVBdXRoZW50aWNhdGlvbkJhY2tlbmQiLCJfc2Vzc2lvbl9leHBpcnkiOjB9','2016-04-08 13:43:20'),('7xty303p7sqkrfdezjrqumif16nf5r7a','N2E5NmI3NjFmYWU1MWMzZDhlYTllOGYyNzY3YjgzZDNjYTI1YjMxYjp7Il9hdXRoX3VzZXJfYmFja2VuZCI6ImFjY291bnQuYXV0aF9iYWNrZW5kcy5Vc2VybmFtZUF1dGhlbnRpY2F0aW9uQmFja2VuZCIsIl9hdXRoX3VzZXJfaWQiOiIxIiwiX2F1dGhfdXNlcl9oYXNoIjoiZjdiMDk1YjJlNzY2ZDllMzQ1OGMzMjE2ZmI3ZDk1ZjZmNmJhNTAxMSIsIl9zZXNzaW9uX2V4cGlyeSI6MH0=','2016-04-21 16:55:26'),('848yh78mbu2t31vw14ac7a4wuyxtnh47','NjNlMTdjYzJhYmE1Njc2ODlkNjM5MThjMTdiMjA5ZGY3OTM4ZDdiYzp7Il9zZXNzaW9uX2V4cGlyeSI6MzE1MzYwMDAwLCJfYXV0aF91c2VyX2hhc2giOiI4MTQ0ZjhkNTVhY2VkZDI3MmU0ZTBjYjA1YWIxYzFlYjYwZjc4YjBkIiwiX2F1dGhfdXNlcl9iYWNrZW5kIjoiYWNjb3VudC5hdXRoX2JhY2tlbmRzLlVzZXJuYW1lQXV0aGVudGljYXRpb25CYWNrZW5kIiwiX2F1dGhfdXNlcl9pZCI6MTJ9','2025-05-27 01:25:32'),('8515lima62imyk7cw1b3mh5fb7t5ue81','NjZkNzAwMmE4Yjc0MGE3NzA0MWFlN2YwYWVkZWIyNzVlZjYwZDQ0Mjp7Il9hdXRoX3VzZXJfYmFja2VuZCI6ImFjY291bnQuYXV0aF9iYWNrZW5kcy5Vc2VybmFtZUF1dGhlbnRpY2F0aW9uQmFja2VuZCIsIl9hdXRoX3VzZXJfaWQiOjU1fQ==','2014-09-06 11:46:37'),('86a0vh2xug21og5wawrpqbqfrcoabd0l','OTU2NDg2MzRkZTlhNjA0NmQ5ZmJmMGI1ZjMwNGViYmNlNWQ5OGRjZTp7fQ==','2015-04-15 02:15:55'),('89tu41nhab5azvldb74l4vwd2hfqak45','MDI5ZTg3ZWE1M2FkZTAwZjQxZGQxOTAxYzk2NjVhNzVlZDE5NWFhMzp7Il9zZXNzaW9uX2V4cGlyeSI6MCwiX2F1dGhfdXNlcl9oYXNoIjoiMzJhOTc3ZjM1NzUyYjAxMzg0ODg0MzRlMmFjYmY4NDY5M2U5ZDFjYSIsIl9hdXRoX3VzZXJfYmFja2VuZCI6ImFjY291bnQuYXV0aF9iYWNrZW5kcy5Vc2VybmFtZUF1dGhlbnRpY2F0aW9uQmFja2VuZCIsIl9hdXRoX3VzZXJfaWQiOjF9','2015-04-07 21:50:20'),('8aeud1pkwc4grm53gdueb1upp8jhdesy','MDMyNThhYjE4N2UzOGFmZWU4MzYwZmE5NmY4N2FkYTg0ZjEwYzNiNjp7Il9zZXNzaW9uX2V4cGlyeSI6MCwiX2F1dGhfdXNlcl9oYXNoIjoiODIzMjFhOTZiNzNlZDA5OWIwNGY0ZGYzYWZmOGU4YzQ1NmU0MDdlMiIsIl9hdXRoX3VzZXJfYmFja2VuZCI6ImFjY291bnQuYXV0aF9iYWNrZW5kcy5Vc2VybmFtZUF1dGhlbnRpY2F0aW9uQmFja2VuZCIsIl9hdXRoX3VzZXJfaWQiOjQ4fQ==','2015-05-02 21:41:35'),('8b23y6m3a2xvznenusfporysoiw36caq','Y2I2MjRiMGJlNzQ3MDdkZTk1MTU0NDFhZTRjMDM4MzlhYzc1ZjRiOTp7Il9zZXNzaW9uX2V4cGlyeSI6MzE1MzYwMDAwLCJfYXV0aF91c2VyX2hhc2giOiIxODljNGQ3ZDRjMTNlNDI1Y2FlODc2NTg3N2VhZmEyMDZkMjMzNmFiIiwiX2F1dGhfdXNlcl9iYWNrZW5kIjoiYWNjb3VudC5hdXRoX2JhY2tlbmRzLlVzZXJuYW1lQXV0aGVudGljYXRpb25CYWNrZW5kIiwiX2F1dGhfdXNlcl9pZCI6IjcxIn0=','2026-03-24 00:10:33'),('8d4u0m6dn7alfqlrb0bkf33ui5ushvgj','ZDkyZjQyYjFhZTM5NTc1MTlmZWMzNWFkNmI0ODZjZTAyNjRkM2NjMzp7Il9zZXNzaW9uX2V4cGlyeSI6MzE1MzYwMDAwLCJfYXV0aF91c2VyX2JhY2tlbmQiOiJhY2NvdW50LmF1dGhfYmFja2VuZHMuVXNlcm5hbWVBdXRoZW50aWNhdGlvbkJhY2tlbmQiLCJfYXV0aF91c2VyX2lkIjoxMn0=','2024-08-20 13:03:40'),('8dfebo0nki7fjilz4qcxf3bktg7jr8no','ZmMwMzE4ZWE4NjM3ODQwNjY0ODhkNzMxOGYzMjBlMjU0MWExZjAzMTp7Il9zZXNzaW9uX2V4cGlyeSI6MCwiX2F1dGhfdXNlcl9oYXNoIjoiZmZmZTYyZmFmM2Q0ZTUwYWYyYzUyMTNhOGJmN2FjNmJlMmRmYWIzYSIsIl9hdXRoX3VzZXJfYmFja2VuZCI6ImFjY291bnQuYXV0aF9iYWNrZW5kcy5Vc2VybmFtZUF1dGhlbnRpY2F0aW9uQmFja2VuZCIsIl9hdXRoX3VzZXJfaWQiOjI1fQ==','2015-09-03 17:11:00'),('8kgohdntasfgz6azfwnoafxuwto6z15u','NTJmNWYzNjU4NjNlYmZjZGY2ZGVmZDMwNmY1NDg4MGFlYzQ3MGZiNDp7Il9zZXNzaW9uX2V4cGlyeSI6MCwiX2F1dGhfdXNlcl9iYWNrZW5kIjoiYWNjb3VudC5hdXRoX2JhY2tlbmRzLlVzZXJuYW1lQXV0aGVudGljYXRpb25CYWNrZW5kIiwiX2F1dGhfdXNlcl9pZCI6Mzd9','2014-08-28 12:52:58'),('8q99zhjzcvl2m2klamtl8nr9zq06u2z8','ZWQ5MDJlNTdiMjQ1MGMzZTRhMDk1YzBmNzMyNTYzOGUxMzVkYWZiZDp7Il9zZXNzaW9uX2V4cGlyeSI6MCwiX2F1dGhfdXNlcl9iYWNrZW5kIjoiYWNjb3VudC5hdXRoX2JhY2tlbmRzLlVzZXJuYW1lQXV0aGVudGljYXRpb25CYWNrZW5kIiwiX2F1dGhfdXNlcl9pZCI6NTJ9','2014-09-08 13:25:29'),('91tk0psky3ajcp9oasp5cgkc55cv6zf8','N2YzODNmN2I2MmRhMzZmMjg2Y2NiODc3MTJkYWI5Mzg0N2Q0NmEyZDp7Il9zZXNzaW9uX2V4cGlyeSI6MCwiX2F1dGhfdXNlcl9oYXNoIjoiOTQ2ZmIyYmRkYzYzZDIzYzFiYWZhNjA1NzE0ZWVkYzJmZDM3MWZiNSIsIl9hdXRoX3VzZXJfYmFja2VuZCI6ImFjY291bnQuYXV0aF9iYWNrZW5kcy5Vc2VybmFtZUF1dGhlbnRpY2F0aW9uQmFja2VuZCIsIl9hdXRoX3VzZXJfaWQiOiI0NSJ9','2016-04-20 18:25:07'),('99k1ht8o56vfn8jfxr0qlc8f00megq22','ODI0ZmQ1ZTYxNmIwN2U4NDAzN2NjOGI2OGQzMTk2N2QzYTc0ODc0Mzp7Il9hdXRoX3VzZXJfaGFzaCI6ImY3YjA5NWIyZTc2NmQ5ZTM0NThjMzIxNmZiN2Q5NWY2ZjZiYTUwMTEiLCJfYXV0aF91c2VyX2JhY2tlbmQiOiJhY2NvdW50LmF1dGhfYmFja2VuZHMuVXNlcm5hbWVBdXRoZW50aWNhdGlvbkJhY2tlbmQiLCJfc2Vzc2lvbl9leHBpcnkiOjMxNTM2MDAwMCwiX2F1dGhfdXNlcl9pZCI6IjEifQ==','2026-04-05 18:48:50'),('9c7dta6zwloy60u1sp7ojkhnvccy8z61','ODM4YzlkZjlkYjg3MWViMjMzZGNjZWQyNDY3YmU0N2QyMjc2MTMzZDp7Il9hdXRoX3VzZXJfYmFja2VuZCI6ImFjY291bnQuYXV0aF9iYWNrZW5kcy5Vc2VybmFtZUF1dGhlbnRpY2F0aW9uQmFja2VuZCIsIl9hdXRoX3VzZXJfaWQiOjIxfQ==','2014-09-12 14:01:53'),('9cs7ftimiehj6se9rvbsfs1sqa0r5smx','Y2MyNDg1MmUxYjg3MWJjZTk5MmMxZWFhNzExMmVmMDc4YzE5N2M2Mjp7Il9zZXNzaW9uX2V4cGlyeSI6MCwiX2F1dGhfdXNlcl9oYXNoIjoiMzY5NTBiMmMwOWI5OGE4MTllNDRjN2ZiMjM3NmFlMjkyMzI1OTNjOSIsIl9hdXRoX3VzZXJfYmFja2VuZCI6ImFjY291bnQuYXV0aF9iYWNrZW5kcy5Vc2VybmFtZUF1dGhlbnRpY2F0aW9uQmFja2VuZCIsIl9hdXRoX3VzZXJfaWQiOjUzfQ==','2015-05-01 16:28:44'),('9dwi4a5qrhao3kg5ib4lqj1darpgq1e4','Y2Q2N2I4MzBmZmIxMzc5MjNkODkyOGQ2MTkxNjlhOTFiODllYmRhMzp7Il9zZXNzaW9uX2V4cGlyeSI6MCwiX2F1dGhfdXNlcl9oYXNoIjoiMjg2OGU5MGNjZDY2ZDA2NmI4MmNiNWRkMTc3YTUzNDU5MzkzNjdlYyIsIl9hdXRoX3VzZXJfYmFja2VuZCI6ImFjY291bnQuYXV0aF9iYWNrZW5kcy5Vc2VybmFtZUF1dGhlbnRpY2F0aW9uQmFja2VuZCIsIl9hdXRoX3VzZXJfaWQiOjh9','2015-04-08 20:38:45'),('9fj0qaurl8oxb2a5koeyg85cq1j80si0','OTU2NDg2MzRkZTlhNjA0NmQ5ZmJmMGI1ZjMwNGViYmNlNWQ5OGRjZTp7fQ==','2015-05-19 19:11:42'),('9kieww8fh0mpd7dytq34s88tqdtexa93','MTk0MTAwZmE5ZmViOTIzMDNhY2NjZjJlNWIxNDI2NmRiZmViYjNmNTp7Il9zZXNzaW9uX2V4cGlyeSI6MzE1MzYwMDAwLCJfYXV0aF91c2VyX2hhc2giOiI3NThhYmMwYjM2YmU3ZDkxM2RlNTIxNWE5N2JiNGMzNGE4ZmQ2NWQ5IiwiX2F1dGhfdXNlcl9iYWNrZW5kIjoiYWNjb3VudC5hdXRoX2JhY2tlbmRzLlVzZXJuYW1lQXV0aGVudGljYXRpb25CYWNrZW5kIiwiX2F1dGhfdXNlcl9pZCI6MTV9','2025-03-13 22:19:53'),('9kk81qjdm80b5s5n3gkta1zx9jr7pz0j','ZjYwNTMwYjlkMGYyNjNkNzc3MzJlZTFmNDA1ODU1NTA1NzNhMzAwNzp7Il9zZXNzaW9uX2V4cGlyeSI6MCwiX2F1dGhfdXNlcl9iYWNrZW5kIjoiYWNjb3VudC5hdXRoX2JhY2tlbmRzLlVzZXJuYW1lQXV0aGVudGljYXRpb25CYWNrZW5kIiwiX2F1dGhfdXNlcl9pZCI6OH0=','2014-08-21 11:17:49'),('9lhvuqtbjxnfkcd4ygypluc5apzbolx8','ODJjYTYwZDkyOTZjMzVhYTViZDJhN2ViMjM1ZGI4YjhjMGQwMGRmYzp7Il9zZXNzaW9uX2V4cGlyeSI6MCwiX2F1dGhfdXNlcl9iYWNrZW5kIjoiYWNjb3VudC5hdXRoX2JhY2tlbmRzLlVzZXJuYW1lQXV0aGVudGljYXRpb25CYWNrZW5kIiwiX2F1dGhfdXNlcl9pZCI6NDh9','2014-08-28 15:44:51'),('9sio1hv6ev2oj9mlxdr2099abc2ymfej','YzUzMWE1MDcxYzM4MjQyOWMzMzg4NDg0OTg2OGZjMTI1MzhlZGQ2YTp7Il9zZXNzaW9uX2V4cGlyeSI6MzE1MzYwMDAwLCJfYXV0aF91c2VyX2hhc2giOiI0OTk0NGNhNGUyNWI0YzhlOTc5ZTExMTkwZjBhYjhhOGNjODQwMDI5IiwiX2F1dGhfdXNlcl9iYWNrZW5kIjoiYWNjb3VudC5hdXRoX2JhY2tlbmRzLlVzZXJuYW1lQXV0aGVudGljYXRpb25CYWNrZW5kIiwiX2F1dGhfdXNlcl9pZCI6MTN9','2025-03-28 16:14:50'),('a7j7sz4o1bri5idhvepap9n9kfhdauah','ODQ5YzZmMGUzNWIxNDA3YTg0NmEzN2I5ZTQ3ZmNkZmEwOWY2MDEwNTp7Il9zZXNzaW9uX2V4cGlyeSI6MCwiX2F1dGhfdXNlcl9oYXNoIjoiOGUzMTVkNmRjNTc3YmI5YTYxMGFhMmY4ZTVkMjhhYzE4NWU0ODAwMCIsIl9hdXRoX3VzZXJfYmFja2VuZCI6ImFjY291bnQuYXV0aF9iYWNrZW5kcy5Vc2VybmFtZUF1dGhlbnRpY2F0aW9uQmFja2VuZCIsIl9hdXRoX3VzZXJfaWQiOiI4In0=','2016-04-13 00:31:03'),('a8nvjpj0lmc01xily5cl4y4l971nlna9','ZGMzZWNjOWJmMGU3ZjU5NzRiYWRjNzkzNWU0YTU3ZmUyY2Q2NDIxOTp7Il9zZXNzaW9uX2V4cGlyeSI6MCwiX2F1dGhfdXNlcl9iYWNrZW5kIjoiYWNjb3VudC5hdXRoX2JhY2tlbmRzLlVzZXJuYW1lQXV0aGVudGljYXRpb25CYWNrZW5kIiwiX2F1dGhfdXNlcl9pZCI6NDl9','2014-08-19 03:37:33'),('aa2gims6wavtjorzyebrqexl8xuyvikt','MDMyNThhYjE4N2UzOGFmZWU4MzYwZmE5NmY4N2FkYTg0ZjEwYzNiNjp7Il9zZXNzaW9uX2V4cGlyeSI6MCwiX2F1dGhfdXNlcl9oYXNoIjoiODIzMjFhOTZiNzNlZDA5OWIwNGY0ZGYzYWZmOGU4YzQ1NmU0MDdlMiIsIl9hdXRoX3VzZXJfYmFja2VuZCI6ImFjY291bnQuYXV0aF9iYWNrZW5kcy5Vc2VybmFtZUF1dGhlbnRpY2F0aW9uQmFja2VuZCIsIl9hdXRoX3VzZXJfaWQiOjQ4fQ==','2015-04-11 18:45:56'),('ab2c5uyy1oo1kc309vnym42t0phd3q0z','YTJhMzVmZTAwMThkYTljMjI1MjE0MjkxM2MxMGQyNzljMTNjMGQ2ZDp7Il9zZXNzaW9uX2V4cGlyeSI6MCwiX2F1dGhfdXNlcl9oYXNoIjoiZWY1YjE2MjU2ZDMyZDJhNTZmNjJlYTc5MzQ3YjUyYjFjNjY0NDFjYSIsIl9hdXRoX3VzZXJfYmFja2VuZCI6ImFjY291bnQuYXV0aF9iYWNrZW5kcy5Vc2VybmFtZUF1dGhlbnRpY2F0aW9uQmFja2VuZCIsIl9hdXRoX3VzZXJfaWQiOjYxfQ==','2015-06-06 04:55:17'),('acyqr039bsc0bo4thovsr2ng385s6p6e','MTJhMjNiODVkODA1MDYyMDQ5NWRhNTk3ODI4ZjFhN2IyMDE3NjMxYjp7Il9zZXNzaW9uX2V4cGlyeSI6MzE1MzYwMDAwLCJfYXV0aF91c2VyX2hhc2giOiIwM2UzYjIyZWFhNzI2MmMzZmQ1MWYwMmFlZGNhOWM0OGM4ODE5NDRiIiwiX2F1dGhfdXNlcl9iYWNrZW5kIjoiYWNjb3VudC5hdXRoX2JhY2tlbmRzLlVzZXJuYW1lQXV0aGVudGljYXRpb25CYWNrZW5kIiwiX2F1dGhfdXNlcl9pZCI6MTd9','2025-03-02 20:52:13'),('aleqk29ek3oz1493ygal10egxjs7a1bh','M2JmZGI4ZDkxODBhNGVlN2E4ZDI1ZDcyNDJiZDRhMzNlNThjODIyNjp7Il9zZXNzaW9uX2V4cGlyeSI6MCwiX2F1dGhfdXNlcl9oYXNoIjoiMDBhZGEzOTM0MzlhZjMzMTFiN2M1YTU4YzljZDFkODkwMWJmYWY5NiIsIl9hdXRoX3VzZXJfYmFja2VuZCI6ImFjY291bnQuYXV0aF9iYWNrZW5kcy5Vc2VybmFtZUF1dGhlbnRpY2F0aW9uQmFja2VuZCIsIl9hdXRoX3VzZXJfaWQiOjUyfQ==','2015-05-04 14:15:53'),('anq4rovm1krkue3f7xd7z7itpfw427xb','MTMyMDk5ZjhhODBiZGU1MmU0ZTI3YmNkZjAyZjIxNDY2NTdiYjlhNjp7Il9zZXNzaW9uX2V4cGlyeSI6MCwiX2F1dGhfdXNlcl9oYXNoIjoiOTAxMDhiYjUxMmJlM2IwYmU5NDQyOGY2NzlhNDkzMWY5N2Q3NmM4ZCIsIl9hdXRoX3VzZXJfYmFja2VuZCI6ImFjY291bnQuYXV0aF9iYWNrZW5kcy5Vc2VybmFtZUF1dGhlbnRpY2F0aW9uQmFja2VuZCIsIl9hdXRoX3VzZXJfaWQiOiI5In0=','2016-04-09 14:55:43'),('ao1oexkazclzvm3v61gfvjo1w4f3s2hk','ZDYyOTg3OWZiMTNiMmQwMWE5NmFhN2Q3NjU1N2ZkOTFjZWRjODRiMzp7Il9zZXNzaW9uX2V4cGlyeSI6MzE1MzYwMDAwLCJfYXV0aF91c2VyX2hhc2giOiI2MjNjMGJlZDk3ZmY4YzU2YmY5YWVkMmVlZTAwMzFhMWViYTE3YzNlIiwiX2F1dGhfdXNlcl9iYWNrZW5kIjoiYWNjb3VudC5hdXRoX2JhY2tlbmRzLlVzZXJuYW1lQXV0aGVudGljYXRpb25CYWNrZW5kIiwiX2F1dGhfdXNlcl9pZCI6MTB9','2025-02-08 04:25:45'),('aq3jcbasjt92i6lxq94b7bhnaqc8j05z','MmU2MDlkMTcwODc4ODkxOTc4MGFkMmFiZGIwYmQwZTk4MWUzMzQyMTp7Il9zZXNzaW9uX2V4cGlyeSI6MCwiX2F1dGhfdXNlcl9oYXNoIjoiNzA5ZmRkNjQyNDZkNmY1MTY2ODg2MTgwZWY4ZWVjODU5ODE3NzQwOSIsIl9hdXRoX3VzZXJfYmFja2VuZCI6ImFjY291bnQuYXV0aF9iYWNrZW5kcy5Vc2VybmFtZUF1dGhlbnRpY2F0aW9uQmFja2VuZCIsIl9hdXRoX3VzZXJfaWQiOiIyNSJ9','2016-04-19 17:45:55'),('au394s22pdnl9cd69j7nvcx97mpk5cr7','OTU2NDg2MzRkZTlhNjA0NmQ5ZmJmMGI1ZjMwNGViYmNlNWQ5OGRjZTp7fQ==','2014-08-24 17:56:28'),('ax4pmp2pxym9x0f6yonveayoanb9wb9d','YzcxNjY5ODUwYWJjZmY0NzY5YTRhMTNmZGM5Yzc4MzhlY2IzYmQ5Zjp7Il9zZXNzaW9uX2V4cGlyeSI6MCwiX2F1dGhfdXNlcl9oYXNoIjoiN2QwMzdjODhiZDlhMTQ1ODY2MThlNmM0ZWE0YWJhMDdhOTBhMjlmZSIsIl9hdXRoX3VzZXJfYmFja2VuZCI6ImFjY291bnQuYXV0aF9iYWNrZW5kcy5Vc2VybmFtZUF1dGhlbnRpY2F0aW9uQmFja2VuZCIsIl9hdXRoX3VzZXJfaWQiOiI2MSJ9','2016-04-06 03:35:32'),('b20180seuh1nyj5e8q0ix0gbtf4ijau5','Y2JiOWQwMzEyMGM1OTllNzMyN2NiMWUyM2NkZjUyNTNlYTMxYjgxMTp7Il9zZXNzaW9uX2V4cGlyeSI6MzE1MzYwMDAwLCJfYXV0aF91c2VyX2hhc2giOiJiNGQ0MTJjYWVhZmQzZDgzZWQyYmUxNDdjNDkyMjk4ZTE5ZDg2ODI0IiwiX2F1dGhfdXNlcl9iYWNrZW5kIjoiYWNjb3VudC5hdXRoX2JhY2tlbmRzLlVzZXJuYW1lQXV0aGVudGljYXRpb25CYWNrZW5kIiwiX2F1dGhfdXNlcl9pZCI6NTh9','2025-04-21 02:56:14'),('b5nl7o0tc46ciz7r72sc7o9a9zmccw6d','Y2Q2N2I4MzBmZmIxMzc5MjNkODkyOGQ2MTkxNjlhOTFiODllYmRhMzp7Il9zZXNzaW9uX2V4cGlyeSI6MCwiX2F1dGhfdXNlcl9oYXNoIjoiMjg2OGU5MGNjZDY2ZDA2NmI4MmNiNWRkMTc3YTUzNDU5MzkzNjdlYyIsIl9hdXRoX3VzZXJfYmFja2VuZCI6ImFjY291bnQuYXV0aF9iYWNrZW5kcy5Vc2VybmFtZUF1dGhlbnRpY2F0aW9uQmFja2VuZCIsIl9hdXRoX3VzZXJfaWQiOjh9','2015-06-03 18:55:27'),('ba66k37iyb7tx7r8uipltepv1lgevytc','NTJmNWYzNjU4NjNlYmZjZGY2ZGVmZDMwNmY1NDg4MGFlYzQ3MGZiNDp7Il9zZXNzaW9uX2V4cGlyeSI6MCwiX2F1dGhfdXNlcl9iYWNrZW5kIjoiYWNjb3VudC5hdXRoX2JhY2tlbmRzLlVzZXJuYW1lQXV0aGVudGljYXRpb25CYWNrZW5kIiwiX2F1dGhfdXNlcl9pZCI6Mzd9','2014-09-13 12:25:53'),('bffxkhtobfehyim6wyr6ipwwec93zlmy','YjU5MTkyYjU1ZGNjYzQ5MmM4MmIwMzM5OTMxZTFiNTAzYjU1Yjg4NDp7Il9hdXRoX3VzZXJfYmFja2VuZCI6ImFjY291bnQuYXV0aF9iYWNrZW5kcy5Vc2VybmFtZUF1dGhlbnRpY2F0aW9uQmFja2VuZCIsIl9hdXRoX3VzZXJfaWQiOjQ4fQ==','2014-09-23 01:58:29'),('bg2ubjw6ejjv2te3pvw2i79o0wr9086d','Y2MzYzIyOWMyZjg5YzVjMDdhOTEwMTg2MTQyYjJjNzUwMmNmOTAwZjp7Il9zZXNzaW9uX2V4cGlyeSI6MCwiX2F1dGhfdXNlcl9oYXNoIjoiMDM3ZTMwZmQ4N2RmNmVkODg0ZDE4MTJiYzM0YTBhYjRhYzQyNjk2NCIsIl9hdXRoX3VzZXJfYmFja2VuZCI6ImFjY291bnQuYXV0aF9iYWNrZW5kcy5Vc2VybmFtZUF1dGhlbnRpY2F0aW9uQmFja2VuZCIsIl9hdXRoX3VzZXJfaWQiOiIyMyJ9','2016-04-08 14:58:07'),('bjdxq0m3l1j8cszc0dp5ogem8tg5yo2f','ZTljNmI5ZGRmYzZmODgxNWZhY2VhYzNlZTNmYmIzNTUwNmYxNDMzMzp7Il9zZXNzaW9uX2V4cGlyeSI6MCwiX2F1dGhfdXNlcl9iYWNrZW5kIjoiYWNjb3VudC5hdXRoX2JhY2tlbmRzLlVzZXJuYW1lQXV0aGVudGljYXRpb25CYWNrZW5kIiwiX2F1dGhfdXNlcl9pZCI6MjB9','2014-08-14 18:19:28'),('brg39z7w1wlanqeqpj1gurgzojvplcz2','YmMzMzE0OTgwMDNlNTVkNTA0OGFiYWNjMDliYTg3NGJjM2MyMTg3Nzp7Il9zZXNzaW9uX2V4cGlyeSI6MCwiX2F1dGhfdXNlcl9oYXNoIjoiNjdlYzI3YTZmMDM4YTlhODk2NjM3YzdmMDgyZWI2OTM1MThjZGRlYSIsIl9hdXRoX3VzZXJfYmFja2VuZCI6ImFjY291bnQuYXV0aF9iYWNrZW5kcy5Vc2VybmFtZUF1dGhlbnRpY2F0aW9uQmFja2VuZCIsIl9hdXRoX3VzZXJfaWQiOjQ3fQ==','2015-09-23 02:17:28'),('bzgyfbp5e02axcwlspfruwfz66f3sund','NzYzZWI0MDYwYmIzYWJlNTkyNDMxMTMzMjQ1MjMwMGQ5ZTk5ZmIwZjp7Il9hdXRoX3VzZXJfaGFzaCI6IjIyNTk1N2Q5ODZhNDMwYjY5Mjc5YmQ5NzRmZDUwOWU0NGMyNTZmM2QiLCJfYXV0aF91c2VyX2JhY2tlbmQiOiJhY2NvdW50LmF1dGhfYmFja2VuZHMuVXNlcm5hbWVBdXRoZW50aWNhdGlvbkJhY2tlbmQiLCJfYXV0aF91c2VyX2lkIjoiNzIifQ==','2016-04-19 20:34:36'),('c6xd3ug7j6t7xh6lhddgv3f2oy3rvkgi','Y2Q2N2I4MzBmZmIxMzc5MjNkODkyOGQ2MTkxNjlhOTFiODllYmRhMzp7Il9zZXNzaW9uX2V4cGlyeSI6MCwiX2F1dGhfdXNlcl9oYXNoIjoiMjg2OGU5MGNjZDY2ZDA2NmI4MmNiNWRkMTc3YTUzNDU5MzkzNjdlYyIsIl9hdXRoX3VzZXJfYmFja2VuZCI6ImFjY291bnQuYXV0aF9iYWNrZW5kcy5Vc2VybmFtZUF1dGhlbnRpY2F0aW9uQmFja2VuZCIsIl9hdXRoX3VzZXJfaWQiOjh9','2015-03-30 16:59:09'),('cby4deln86ee2ulekwdb5yrn851xez4h','Y2Q2N2I4MzBmZmIxMzc5MjNkODkyOGQ2MTkxNjlhOTFiODllYmRhMzp7Il9zZXNzaW9uX2V4cGlyeSI6MCwiX2F1dGhfdXNlcl9oYXNoIjoiMjg2OGU5MGNjZDY2ZDA2NmI4MmNiNWRkMTc3YTUzNDU5MzkzNjdlYyIsIl9hdXRoX3VzZXJfYmFja2VuZCI6ImFjY291bnQuYXV0aF9iYWNrZW5kcy5Vc2VybmFtZUF1dGhlbnRpY2F0aW9uQmFja2VuZCIsIl9hdXRoX3VzZXJfaWQiOjh9','2015-04-29 14:46:23'),('cdofmkoa1cwqoh3v88mx5g9tsyjakaut','ZGMzZWNjOWJmMGU3ZjU5NzRiYWRjNzkzNWU0YTU3ZmUyY2Q2NDIxOTp7Il9zZXNzaW9uX2V4cGlyeSI6MCwiX2F1dGhfdXNlcl9iYWNrZW5kIjoiYWNjb3VudC5hdXRoX2JhY2tlbmRzLlVzZXJuYW1lQXV0aGVudGljYXRpb25CYWNrZW5kIiwiX2F1dGhfdXNlcl9pZCI6NDl9','2014-10-04 23:11:10'),('chyt9ngadj7i7xsqsfxt5s231yqidfld','ZThlMWM2OWI0MDE2NDAyMzI0YzZmY2UzYmQ5NjA1NzU1NDg4Yzg1OTp7Il9zZXNzaW9uX2V4cGlyeSI6MCwiX2F1dGhfdXNlcl9oYXNoIjoiMjA1Mjk2MzVjOTljYzEwZjkwY2ZkZDUwNTQyYTQ3ODdlM2M5NGEyMiIsIl9hdXRoX3VzZXJfYmFja2VuZCI6ImFjY291bnQuYXV0aF9iYWNrZW5kcy5Vc2VybmFtZUF1dGhlbnRpY2F0aW9uQmFja2VuZCIsIl9hdXRoX3VzZXJfaWQiOiIxNCJ9','2016-04-06 16:30:17'),('cq2czpwzo86ttuvngw5ezds5ybfd98ub','MWEzZjNmZGI3YTJmNmQwZTM0ODIzYmRkMjkyOWE1YmJhODQ0NjAyYjp7Il9zZXNzaW9uX2V4cGlyeSI6MCwiX2F1dGhfdXNlcl9oYXNoIjoiZjIwODI2NDc2MGJiY2Q0NWEzNDM2ZWM4MzgzMDBlOWY1OTM4N2RjMSIsIl9hdXRoX3VzZXJfYmFja2VuZCI6ImFjY291bnQuYXV0aF9iYWNrZW5kcy5Vc2VybmFtZUF1dGhlbnRpY2F0aW9uQmFja2VuZCIsIl9hdXRoX3VzZXJfaWQiOjF9','2015-02-22 19:48:04'),('cttrfkadtj218tvc5r47a7cwu9sswzme','YjQ5OGRkN2EyYTU3MTEyNzMzNGIyNjM0ZmY5MzdiYzRhYmJhZmY0Mjp7Il9zZXNzaW9uX2V4cGlyeSI6MCwiX2F1dGhfdXNlcl9oYXNoIjoiOWZkOWFmNjI3MjFhOTRmYThlNzlmZTY5YTI5YjE3Nzg3NGVjN2RkOCIsIl9hdXRoX3VzZXJfYmFja2VuZCI6ImFjY291bnQuYXV0aF9iYWNrZW5kcy5Vc2VybmFtZUF1dGhlbnRpY2F0aW9uQmFja2VuZCIsIl9hdXRoX3VzZXJfaWQiOjYyfQ==','2015-05-20 00:22:36'),('cxtyf3l56pi2lffad2u0mlt51z2uttgp','NzYzZWI0MDYwYmIzYWJlNTkyNDMxMTMzMjQ1MjMwMGQ5ZTk5ZmIwZjp7Il9hdXRoX3VzZXJfaGFzaCI6IjIyNTk1N2Q5ODZhNDMwYjY5Mjc5YmQ5NzRmZDUwOWU0NGMyNTZmM2QiLCJfYXV0aF91c2VyX2JhY2tlbmQiOiJhY2NvdW50LmF1dGhfYmFja2VuZHMuVXNlcm5hbWVBdXRoZW50aWNhdGlvbkJhY2tlbmQiLCJfYXV0aF91c2VyX2lkIjoiNzIifQ==','2016-04-13 03:17:40'),('czex91ucuscpwmxl8l0exyd6psa9uptg','ZTljNmI5ZGRmYzZmODgxNWZhY2VhYzNlZTNmYmIzNTUwNmYxNDMzMzp7Il9zZXNzaW9uX2V4cGlyeSI6MCwiX2F1dGhfdXNlcl9iYWNrZW5kIjoiYWNjb3VudC5hdXRoX2JhY2tlbmRzLlVzZXJuYW1lQXV0aGVudGljYXRpb25CYWNrZW5kIiwiX2F1dGhfdXNlcl9pZCI6MjB9','2014-08-30 16:25:28'),('czqywrf853xcnyv9a2xbitnd4cfeb0hp','Y2Q2N2I4MzBmZmIxMzc5MjNkODkyOGQ2MTkxNjlhOTFiODllYmRhMzp7Il9zZXNzaW9uX2V4cGlyeSI6MCwiX2F1dGhfdXNlcl9oYXNoIjoiMjg2OGU5MGNjZDY2ZDA2NmI4MmNiNWRkMTc3YTUzNDU5MzkzNjdlYyIsIl9hdXRoX3VzZXJfYmFja2VuZCI6ImFjY291bnQuYXV0aF9iYWNrZW5kcy5Vc2VybmFtZUF1dGhlbnRpY2F0aW9uQmFja2VuZCIsIl9hdXRoX3VzZXJfaWQiOjh9','2015-05-27 03:04:01'),('d0cvzc9zo2pl82e234dxllha727teffr','Njk2Yzc1OWU3YTIyOGMwMWMyOWM1YWZmZDI1MmU3N2I3MDcxODgzZDp7Il9hdXRoX3VzZXJfYmFja2VuZCI6ImFjY291bnQuYXV0aF9iYWNrZW5kcy5Vc2VybmFtZUF1dGhlbnRpY2F0aW9uQmFja2VuZCIsIl9hdXRoX3VzZXJfaWQiOjl9','2014-09-02 15:31:41'),('d46c54pilscbgqznl820pctffk2wo9db','MTJhMjNiODVkODA1MDYyMDQ5NWRhNTk3ODI4ZjFhN2IyMDE3NjMxYjp7Il9zZXNzaW9uX2V4cGlyeSI6MzE1MzYwMDAwLCJfYXV0aF91c2VyX2hhc2giOiIwM2UzYjIyZWFhNzI2MmMzZmQ1MWYwMmFlZGNhOWM0OGM4ODE5NDRiIiwiX2F1dGhfdXNlcl9iYWNrZW5kIjoiYWNjb3VudC5hdXRoX2JhY2tlbmRzLlVzZXJuYW1lQXV0aGVudGljYXRpb25CYWNrZW5kIiwiX2F1dGhfdXNlcl9pZCI6MTd9','2025-08-25 02:58:23'),('d4rcls4r7nitq4yeoc1ny3hcroecnjus','MzQ5ZGIwMWFmMDMyM2VlYTI2MjdmN2I0NmFjOTJjMTJhOTg2NGEzYjp7Il9zZXNzaW9uX2V4cGlyeSI6MCwiX2F1dGhfdXNlcl9oYXNoIjoiMDU3NGVhMzkxYTdlYmVjY2NiMDJjNDA2ZjlhODk4ZmI3ZDBlNmE2NyIsIl9hdXRoX3VzZXJfYmFja2VuZCI6ImFjY291bnQuYXV0aF9iYWNrZW5kcy5Vc2VybmFtZUF1dGhlbnRpY2F0aW9uQmFja2VuZCIsIl9hdXRoX3VzZXJfaWQiOjIwfQ==','2015-09-03 17:44:59'),('d6lzujs56epddx5cj8qlhf0wxf9z5zvg','NGMwMmY5NDY3ODAyMjFiYTNlYWY1MDI1ZmRkYTg1YzE5MzhkNDQyYjp7Il9zZXNzaW9uX2V4cGlyeSI6MCwiX2F1dGhfdXNlcl9oYXNoIjoiZGM1YWQxM2RjNjM2NGQyMTJlNWRkYzRlOGEzMzYxYmI1MzMxNTJhZiIsIl9hdXRoX3VzZXJfYmFja2VuZCI6ImFjY291bnQuYXV0aF9iYWNrZW5kcy5Vc2VybmFtZUF1dGhlbnRpY2F0aW9uQmFja2VuZCIsIl9hdXRoX3VzZXJfaWQiOiI0NyJ9','2016-04-10 17:21:21'),('daydjxf2r1jitefx8d6czg8c5gmk6vz0','ZDE3Yjk4YTBmMzM3MzMwMTc4Yzk1N2YwY2I5NmMxMTA4MTM2ZmIxMDp7Il9zZXNzaW9uX2V4cGlyeSI6MCwiX2F1dGhfdXNlcl9oYXNoIjoiYjk4YjczZDIxOTRmMjZhYWNkMmMxYTc4NTIwMTJkY2Q2ZWU3ZDViNCIsIl9hdXRoX3VzZXJfYmFja2VuZCI6ImFjY291bnQuYXV0aF9iYWNrZW5kcy5Vc2VybmFtZUF1dGhlbnRpY2F0aW9uQmFja2VuZCIsIl9hdXRoX3VzZXJfaWQiOjIwfQ==','2015-03-30 19:56:23'),('dc3ztzhon5k9561wtjqom08l6a0b5v06','YTJhMzVmZTAwMThkYTljMjI1MjE0MjkxM2MxMGQyNzljMTNjMGQ2ZDp7Il9zZXNzaW9uX2V4cGlyeSI6MCwiX2F1dGhfdXNlcl9oYXNoIjoiZWY1YjE2MjU2ZDMyZDJhNTZmNjJlYTc5MzQ3YjUyYjFjNjY0NDFjYSIsIl9hdXRoX3VzZXJfYmFja2VuZCI6ImFjY291bnQuYXV0aF9iYWNrZW5kcy5Vc2VybmFtZUF1dGhlbnRpY2F0aW9uQmFja2VuZCIsIl9hdXRoX3VzZXJfaWQiOjYxfQ==','2015-06-19 02:07:01'),('dcy868xf566pkuxzwifc80y8f9lqltqd','N2Q5YmYzNjUyOGZiMDZmNzg2NWM5MmM0YmY3MGZiMGQyMTBjNTIwZTp7Il9zZXNzaW9uX2V4cGlyeSI6MCwiX2F1dGhfdXNlcl9iYWNrZW5kIjoiYWNjb3VudC5hdXRoX2JhY2tlbmRzLlVzZXJuYW1lQXV0aGVudGljYXRpb25CYWNrZW5kIiwiX2F1dGhfdXNlcl9pZCI6NDB9','2014-08-04 16:32:46'),('dd7q3g5lr7g4axi1duj1li4s4at9a9xm','NjQ2ODRmOGQwNmQzNGQ2N2NkNzNiM2ZhNzViN2E4NzAwZTY0NDU0ODp7Il9zZXNzaW9uX2V4cGlyeSI6MzE1MzYwMDAwLCJfYXV0aF91c2VyX2JhY2tlbmQiOiJhY2NvdW50LmF1dGhfYmFja2VuZHMuVXNlcm5hbWVBdXRoZW50aWNhdGlvbkJhY2tlbmQiLCJfYXV0aF91c2VyX2lkIjozN30=','2024-08-25 13:50:33'),('dekyr2mjvsxqjp7vtdvyu0bzapxae0uj','MTdmYzhiMjQ1NjFmMzhjN2MwYzFlYjMxMWQxOGU4NGE3Y2Y0ZGU4Yjp7Il9zZXNzaW9uX2V4cGlyeSI6MCwiX2F1dGhfdXNlcl9oYXNoIjoiMzRhNDEyYzNlNWEzMzFlOTYwZmEzMmRlYTE5ZGExMzFhNmQ1Y2I1MCIsIl9hdXRoX3VzZXJfYmFja2VuZCI6ImFjY291bnQuYXV0aF9iYWNrZW5kcy5Vc2VybmFtZUF1dGhlbnRpY2F0aW9uQmFja2VuZCIsIl9hdXRoX3VzZXJfaWQiOiI5In0=','2016-04-13 12:36:23'),('dq1687dkg85vth3writotbaqet224fx4','ZjYwNTMwYjlkMGYyNjNkNzc3MzJlZTFmNDA1ODU1NTA1NzNhMzAwNzp7Il9zZXNzaW9uX2V4cGlyeSI6MCwiX2F1dGhfdXNlcl9iYWNrZW5kIjoiYWNjb3VudC5hdXRoX2JhY2tlbmRzLlVzZXJuYW1lQXV0aGVudGljYXRpb25CYWNrZW5kIiwiX2F1dGhfdXNlcl9pZCI6OH0=','2014-08-31 17:22:49'),('eaee3anpr7kxv79qj2bj3rmexblroeb8','NjY5NzcwODhiNWZiY2M1NDA2MjIwOTQzOTc1MGIxM2JlMjFlZTBiNTp7Il9zZXNzaW9uX2V4cGlyeSI6MCwiX2F1dGhfdXNlcl9oYXNoIjoiY2FhYWJmYWYyYjdmMDVjZTQzNzk4Zjg5YzEwOTQyNzVhYWIwYmFkYiIsIl9hdXRoX3VzZXJfYmFja2VuZCI6ImFjY291bnQuYXV0aF9iYWNrZW5kcy5Vc2VybmFtZUF1dGhlbnRpY2F0aW9uQmFja2VuZCIsIl9hdXRoX3VzZXJfaWQiOjIxfQ==','2015-09-06 16:31:54'),('eea7ugc4ifxrn687vhpdob16pahf4x5g','M2NmYTYzMWEzOWZhZWY2YzQzOGQ0ZThiOTQyMzRlYzAyNTA2NWJhNzp7Il9zZXNzaW9uX2V4cGlyeSI6MCwiX2F1dGhfdXNlcl9oYXNoIjoiZWE5MTY1YTg0MjJlMzcxZGJlYjgzNjg2MDMwZGZmNjViYTc2YWVlNSIsIl9hdXRoX3VzZXJfYmFja2VuZCI6ImFjY291bnQuYXV0aF9iYWNrZW5kcy5Vc2VybmFtZUF1dGhlbnRpY2F0aW9uQmFja2VuZCIsIl9hdXRoX3VzZXJfaWQiOjU5fQ==','2015-05-18 17:58:43'),('efzn83admdvw8xfbx2m0djgf6gv7hvnk','YzNlODBhZjY3MWVkYzYyNmQ4ODE4OWM0ZDdlM2JiMDM1NWVlNjUwYjp7Il9zZXNzaW9uX2V4cGlyeSI6MCwiX2F1dGhfdXNlcl9oYXNoIjoiYmNmYzgxNjZmOGE5ZmVmYjBiZGJlNWY0MzJkNGQ1MjM5NTYyYmMyNyIsIl9hdXRoX3VzZXJfYmFja2VuZCI6ImFjY291bnQuYXV0aF9iYWNrZW5kcy5Vc2VybmFtZUF1dGhlbnRpY2F0aW9uQmFja2VuZCIsIl9hdXRoX3VzZXJfaWQiOjQ1fQ==','2015-03-31 16:16:46'),('ejcki2jk713fwpa9mdum3ka4i7hhy0hc','ZjYwNTMwYjlkMGYyNjNkNzc3MzJlZTFmNDA1ODU1NTA1NzNhMzAwNzp7Il9zZXNzaW9uX2V4cGlyeSI6MCwiX2F1dGhfdXNlcl9iYWNrZW5kIjoiYWNjb3VudC5hdXRoX2JhY2tlbmRzLlVzZXJuYW1lQXV0aGVudGljYXRpb25CYWNrZW5kIiwiX2F1dGhfdXNlcl9pZCI6OH0=','2014-09-05 03:43:37'),('ek6zwuohttiowugu79qb0kruc6d3tzm0','NjNlMTdjYzJhYmE1Njc2ODlkNjM5MThjMTdiMjA5ZGY3OTM4ZDdiYzp7Il9zZXNzaW9uX2V4cGlyeSI6MzE1MzYwMDAwLCJfYXV0aF91c2VyX2hhc2giOiI4MTQ0ZjhkNTVhY2VkZDI3MmU0ZTBjYjA1YWIxYzFlYjYwZjc4YjBkIiwiX2F1dGhfdXNlcl9iYWNrZW5kIjoiYWNjb3VudC5hdXRoX2JhY2tlbmRzLlVzZXJuYW1lQXV0aGVudGljYXRpb25CYWNrZW5kIiwiX2F1dGhfdXNlcl9pZCI6MTJ9','2025-02-08 14:15:36'),('elgicuq8xdhkym5f1gojt6r2fj8zy79w','OGQ0ZjZmMDRhNWUxYmY4NjhiMjgyODRlYmM3NTVlYzhiZjcyZGY0MDp7Il9zZXNzaW9uX2V4cGlyeSI6MCwiX2F1dGhfdXNlcl9oYXNoIjoiYzZjMzE0ZmRhZTEwMDQ3MWMzODc3NTc5OWExNmYzMGFkM2E2YjQ4MyIsIl9hdXRoX3VzZXJfYmFja2VuZCI6ImFjY291bnQuYXV0aF9iYWNrZW5kcy5Vc2VybmFtZUF1dGhlbnRpY2F0aW9uQmFja2VuZCIsIl9hdXRoX3VzZXJfaWQiOiI2NiJ9','2016-04-08 16:33:23'),('eo0nt8j2ukanvjgh137jnr3v3qfrmf0g','YjJmZGMwNzgyMDU3OTEzOGU2NjkzNDIwMWEwY2U4MDVlMTFjM2JiZjp7Il9zZXNzaW9uX2V4cGlyeSI6MCwiX2F1dGhfdXNlcl9oYXNoIjoiMWNhMzI5ZDliNGRlOWJmMGE3OTllMTY2NDlkOTFkODc2YjNlYjM3NiIsIl9hdXRoX3VzZXJfYmFja2VuZCI6ImFjY291bnQuYXV0aF9iYWNrZW5kcy5Vc2VybmFtZUF1dGhlbnRpY2F0aW9uQmFja2VuZCIsIl9hdXRoX3VzZXJfaWQiOjExfQ==','2015-04-05 18:47:19'),('eq2f8yc7jse33m556v7iachbl3efw89n','ZGJiYzBlZmRmYzVkYjQ5NGQwZmE0NDhiYzAyZWZmNGMzOWEzYzhjZjp7Il9zZXNzaW9uX2V4cGlyeSI6MzE1MzYwMDAwLCJfYXV0aF91c2VyX2hhc2giOiJhM2E0ZGFjN2UxNzM2NjhjMmEzMzJiZTg5NDUxYzE2MjU2ZDM4ZDBlIiwiX2F1dGhfdXNlcl9iYWNrZW5kIjoiYWNjb3VudC5hdXRoX2JhY2tlbmRzLlVzZXJuYW1lQXV0aGVudGljYXRpb25CYWNrZW5kIiwiX2F1dGhfdXNlcl9pZCI6MTN9','2025-06-19 21:57:29'),('esrvxa1rmd0affr8tuwb5le7q56h3z56','MDdhNDI2MTkzMjRjMjAwMDAxMjQwM2MwMDMwZjA1M2RlY2ExNjZjNjp7Il9zZXNzaW9uX2V4cGlyeSI6MCwiX2F1dGhfdXNlcl9oYXNoIjoiZjFkZjMyMTc4NWM5Y2Y4MWM4MDkxMjZmMGY4MDg0NjAzYmVjMzVjZSIsIl9hdXRoX3VzZXJfYmFja2VuZCI6ImFjY291bnQuYXV0aF9iYWNrZW5kcy5Vc2VybmFtZUF1dGhlbnRpY2F0aW9uQmFja2VuZCIsIl9hdXRoX3VzZXJfaWQiOjU5fQ==','2015-04-08 17:25:57'),('evojq4nasev75tktihdj4z29u9fc8rzm','ODFhMDg1MGViYmUwMDRmNjE5ZDE0ZjY3ZmFhNzZkMzAzNzhmZTYyNzp7Il9zZXNzaW9uX2V4cGlyeSI6MCwiX2F1dGhfdXNlcl9oYXNoIjoiMjBjZTUxZjlmYTIyMjk1NDE0ZDA4NjhmNzI0YTU4ZmM0Y2M5MzJlMCIsIl9hdXRoX3VzZXJfYmFja2VuZCI6ImFjY291bnQuYXV0aF9iYWNrZW5kcy5Vc2VybmFtZUF1dGhlbnRpY2F0aW9uQmFja2VuZCIsIl9hdXRoX3VzZXJfaWQiOiIyMCJ9','2016-04-11 16:27:32'),('ewdj6uln0yfql49hzf4io78iz5pphwlq','Y2MxN2NkZTRjMjIzODQ4OGU4MGY2MzA1NWQ3NmJhMTZlM2ExNjYzODp7Il9hdXRoX3VzZXJfaGFzaCI6IjZiYWVmZTNmMmRhMjI1MTUyNzRjZDFiMDg5YTljYmFjNTRmMjBjZDAiLCJfYXV0aF91c2VyX2JhY2tlbmQiOiJhY2NvdW50LmF1dGhfYmFja2VuZHMuVXNlcm5hbWVBdXRoZW50aWNhdGlvbkJhY2tlbmQiLCJfYXV0aF91c2VyX2lkIjo2MX0=','2015-05-04 03:09:39'),('f0r2imhrfzi1sx73yqlp0nhwsilkggoj','NmEzZWI2ZDJiZDNhMjNiZGY0YzMzMjM2NGE4N2MyZTc1YWZhNjU3Zjp7Il9hdXRoX3VzZXJfaGFzaCI6ImY2YTllMGI5ZThmYWM2ZDk3N2M5YWYwMjY5ZDVjMWZlMmJiOWJiODkiLCJfYXV0aF91c2VyX2JhY2tlbmQiOiJhY2NvdW50LmF1dGhfYmFja2VuZHMuVXNlcm5hbWVBdXRoZW50aWNhdGlvbkJhY2tlbmQiLCJfYXV0aF91c2VyX2lkIjoxNH0=','2015-07-01 13:33:11'),('f7yxfje4lqkhclx696oyre3umr1idbwf','YzBmYzFmMTQ3MTdjZjQzODc1OWFiMTNjMzVhMGFiNjI0NmNlYjVkYzp7Il9hdXRoX3VzZXJfaGFzaCI6IjYwNGNkMWM4YmVlYmM1YWNjOWJmYjllNzE3ZjA5ZjhkZTIxNGYwMWEiLCJfYXV0aF91c2VyX2JhY2tlbmQiOiJhY2NvdW50LmF1dGhfYmFja2VuZHMuVXNlcm5hbWVBdXRoZW50aWNhdGlvbkJhY2tlbmQiLCJfYXV0aF91c2VyX2lkIjo1NX0=','2015-04-11 20:31:05'),('fbaskl453m4qiuel0i8ufx8bl7xq8ejj','NjM1YWM3MmMzODUwMzIzYzZkYjlhZmI5NDZmYjMzZGFmZTViNGFmMjp7Il9zZXNzaW9uX2V4cGlyeSI6MCwiX2F1dGhfdXNlcl9oYXNoIjoiNjA0Y2QxYzhiZWViYzVhY2M5YmZiOWU3MTdmMDlmOGRlMjE0ZjAxYSIsIl9hdXRoX3VzZXJfYmFja2VuZCI6ImFjY291bnQuYXV0aF9iYWNrZW5kcy5Vc2VybmFtZUF1dGhlbnRpY2F0aW9uQmFja2VuZCIsIl9hdXRoX3VzZXJfaWQiOjU1fQ==','2015-02-25 14:22:15'),('fbumgscg3ryuofhge0ufsw1twonud3ib','MjA0ODJhZGRmYmZhYzVjMWRjZmIwMzFmZGYwMjlmYTlmM2U3YjBkZjp7Il9hdXRoX3VzZXJfaGFzaCI6IjM0N2U2Y2UwMGJjYTU1ZGM4OGMxZGZiNDMxZDk3NDA5ODE0YWU5ZjQiLCJfYXV0aF91c2VyX2JhY2tlbmQiOiJhY2NvdW50LmF1dGhfYmFja2VuZHMuVXNlcm5hbWVBdXRoZW50aWNhdGlvbkJhY2tlbmQiLCJfYXV0aF91c2VyX2lkIjoyOX0=','2015-07-23 03:17:05'),('fnbdpelf6v3mu2d7i2r4hv27iq1yu7n3','ODM4YzlkZjlkYjg3MWViMjMzZGNjZWQyNDY3YmU0N2QyMjc2MTMzZDp7Il9hdXRoX3VzZXJfYmFja2VuZCI6ImFjY291bnQuYXV0aF9iYWNrZW5kcy5Vc2VybmFtZUF1dGhlbnRpY2F0aW9uQmFja2VuZCIsIl9hdXRoX3VzZXJfaWQiOjIxfQ==','2014-08-24 15:49:13'),('fpqpis37ts63mafiatwslb1rhubfnb22','N2QyYTc0NWUwZGUxOGEwMGM1M2MwOTZjNzMwNDc0NDc1ZmI0ZmI4ZDp7Il9zZXNzaW9uX2V4cGlyeSI6MCwiX2F1dGhfdXNlcl9oYXNoIjoiMzRlNDkwZGExZjUzZDNkN2MwMDE2NzA5ZDY1OTQyODU0ZWY2Njg4ZSIsIl9hdXRoX3VzZXJfYmFja2VuZCI6ImFjY291bnQuYXV0aF9iYWNrZW5kcy5Vc2VybmFtZUF1dGhlbnRpY2F0aW9uQmFja2VuZCIsIl9hdXRoX3VzZXJfaWQiOiI4In0=','2016-04-08 18:17:20'),('fr2n50eivcsb6hxoshbb2rqcv2h6lbpb','YWRmYzliZmZlYTM0MjA2NDU1ZDA5OThmZmMwZmZjZWYyM2UxYThiMzp7Il9zZXNzaW9uX2V4cGlyeSI6MzE1MzYwMDAwLCJfYXV0aF91c2VyX2JhY2tlbmQiOiJhY2NvdW50LmF1dGhfYmFja2VuZHMuVXNlcm5hbWVBdXRoZW50aWNhdGlvbkJhY2tlbmQiLCJfYXV0aF91c2VyX2lkIjoxMX0=','2024-07-28 16:58:39'),('fwoqtwi311i91q39v7kqa7evlcync215','OGYxNzg3ZGQ4OGNlMDJmNTMzNjBlOTRkMWNmNzYxYTNiMzE5MzZlMjp7Il9hdXRoX3VzZXJfaGFzaCI6ImNhYWFiZmFmMmI3ZjA1Y2U0Mzc5OGY4OWMxMDk0Mjc1YWFiMGJhZGIiLCJfYXV0aF91c2VyX2JhY2tlbmQiOiJhY2NvdW50LmF1dGhfYmFja2VuZHMuVXNlcm5hbWVBdXRoZW50aWNhdGlvbkJhY2tlbmQiLCJfYXV0aF91c2VyX2lkIjoyMX0=','2015-10-07 02:44:51'),('g3q1f6n955bt0bjinzwk7761zr37pwjs','YzUxODFlOGM0Y2M4ODFjYTg0NzQxNjk2NjcyOWUyNjhmYzk0OTZkMzp7Il9zZXNzaW9uX2V4cGlyeSI6MzE1MzYwMDAwLCJfYXV0aF91c2VyX2hhc2giOiI2MDRjZDFjOGJlZWJjNWFjYzliZmI5ZTcxN2YwOWY4ZGUyMTRmMDFhIiwiX2F1dGhfdXNlcl9iYWNrZW5kIjoiYWNjb3VudC5hdXRoX2JhY2tlbmRzLlVzZXJuYW1lQXV0aGVudGljYXRpb25CYWNrZW5kIiwiX2F1dGhfdXNlcl9pZCI6NTV9','2025-05-04 16:54:55'),('gfdhtvrke0s2dslahhlio2rvuyy5icxo','YjJmZGMwNzgyMDU3OTEzOGU2NjkzNDIwMWEwY2U4MDVlMTFjM2JiZjp7Il9zZXNzaW9uX2V4cGlyeSI6MCwiX2F1dGhfdXNlcl9oYXNoIjoiMWNhMzI5ZDliNGRlOWJmMGE3OTllMTY2NDlkOTFkODc2YjNlYjM3NiIsIl9hdXRoX3VzZXJfYmFja2VuZCI6ImFjY291bnQuYXV0aF9iYWNrZW5kcy5Vc2VybmFtZUF1dGhlbnRpY2F0aW9uQmFja2VuZCIsIl9hdXRoX3VzZXJfaWQiOjExfQ==','2015-02-25 02:34:04'),('gkilj8w2bzyhc6zhvlwm1e4dqz83j1ur','OTYxZDU0MmQxZTQ2MzJiN2UzMDc2MTNjNWU4MTEyZGZjYWE2YzQ0ZTp7Il9hdXRoX3VzZXJfaGFzaCI6IjZlNmI2ZWJhM2RiMGNjOTVkMjBhMTViYWI0M2UxMjU4ZmNkODZiYzYiLCJfYXV0aF91c2VyX2JhY2tlbmQiOiJhY2NvdW50LmF1dGhfYmFja2VuZHMuVXNlcm5hbWVBdXRoZW50aWNhdGlvbkJhY2tlbmQiLCJfYXV0aF91c2VyX2lkIjoiNTUifQ==','2016-04-20 17:03:18'),('gs8rqm2la0pf0uc7n28127yg11j73x8r','MDMyNThhYjE4N2UzOGFmZWU4MzYwZmE5NmY4N2FkYTg0ZjEwYzNiNjp7Il9zZXNzaW9uX2V4cGlyeSI6MCwiX2F1dGhfdXNlcl9oYXNoIjoiODIzMjFhOTZiNzNlZDA5OWIwNGY0ZGYzYWZmOGU4YzQ1NmU0MDdlMiIsIl9hdXRoX3VzZXJfYmFja2VuZCI6ImFjY291bnQuYXV0aF9iYWNrZW5kcy5Vc2VybmFtZUF1dGhlbnRpY2F0aW9uQmFja2VuZCIsIl9hdXRoX3VzZXJfaWQiOjQ4fQ==','2015-05-28 02:21:50'),('gx9t4otbkbtbhgnpb5fbgboqo9e9n1yt','OTU2NDg2MzRkZTlhNjA0NmQ5ZmJmMGI1ZjMwNGViYmNlNWQ5OGRjZTp7fQ==','2015-04-05 19:30:32'),('h3duemdwcv441b4nwa5gslkyiojq9gid','ZDQ1YTIzYjM5NTZiZjQzZjc3MDlmZWY3MDVjOWQ2OGFjN2FmMTY4Mzp7Il9zZXNzaW9uX2V4cGlyeSI6MzE1MzYwMDAwLCJfYXV0aF91c2VyX2hhc2giOiI3ZjYzOGMwMWIxOWJmNjMyNmVmYzE0NjEwOWZlY2M0YmJiODZhZjk1IiwiX2F1dGhfdXNlcl9iYWNrZW5kIjoiYWNjb3VudC5hdXRoX2JhY2tlbmRzLlVzZXJuYW1lQXV0aGVudGljYXRpb25CYWNrZW5kIiwiX2F1dGhfdXNlcl9pZCI6IjEifQ==','2026-03-23 14:20:21'),('hbw7dpb5gx8z2qy7wme83dpbm511cluq','OGQwNjJmZjlkZjdhZDQyZWUyMTBkMDZmNjk5NzBhNzBkN2FiY2RkYTp7Il9zZXNzaW9uX2V4cGlyeSI6MzE1MzYwMDAwLCJfYXV0aF91c2VyX2hhc2giOiIzMmE5NzdmMzU3NTJiMDEzODQ4ODQzNGUyYWNiZjg0NjkzZTlkMWNhIiwiX2F1dGhfdXNlcl9iYWNrZW5kIjoiYWNjb3VudC5hdXRoX2JhY2tlbmRzLlVzZXJuYW1lQXV0aGVudGljYXRpb25CYWNrZW5kIiwiX2F1dGhfdXNlcl9pZCI6MX0=','2025-05-21 17:48:25'),('hg574uuwhrchd05gmkuth3163pij13m6','OThjNzUyMGFmNTU4NDQzYTE3NmU1MzUwMmI2N2NkMWY2Y2ZhYzUxZDp7Il9hdXRoX3VzZXJfYmFja2VuZCI6ImFjY291bnQuYXV0aF9iYWNrZW5kcy5Vc2VybmFtZUF1dGhlbnRpY2F0aW9uQmFja2VuZCIsIl9hdXRoX3VzZXJfaWQiOjh9','2014-09-26 16:40:27'),('hgyzjx13sjwmskmd8wa4xkzzd0s26my8','ODM4YzlkZjlkYjg3MWViMjMzZGNjZWQyNDY3YmU0N2QyMjc2MTMzZDp7Il9hdXRoX3VzZXJfYmFja2VuZCI6ImFjY291bnQuYXV0aF9iYWNrZW5kcy5Vc2VybmFtZUF1dGhlbnRpY2F0aW9uQmFja2VuZCIsIl9hdXRoX3VzZXJfaWQiOjIxfQ==','2014-08-25 01:26:43'),('hh81thhmamfv0t1ysizzpd3s66bc0edn','YmQyZDcyNzY4NjA2YjQ1YTFmNjNiY2VmNThkMGYzOWUzMGJmNmQ2ZTp7Il9zZXNzaW9uX2V4cGlyeSI6MCwiX2F1dGhfdXNlcl9iYWNrZW5kIjoiYWNjb3VudC5hdXRoX2JhY2tlbmRzLlVzZXJuYW1lQXV0aGVudGljYXRpb25CYWNrZW5kIiwiX2F1dGhfdXNlcl9pZCI6MX0=','2014-08-12 01:51:41'),('hz6p41a7kwkvdz0wqiggelybf6mkp4qh','ZDg2ZDBmZjMwMjg3ZDRlZjMxMzExYTk1MWI3OWY4OTgxYWFhMzA2ZTp7Il9zZXNzaW9uX2V4cGlyeSI6MzE1MzYwMDAwLCJfYXV0aF91c2VyX2JhY2tlbmQiOiJhY2NvdW50LmF1dGhfYmFja2VuZHMuVXNlcm5hbWVBdXRoZW50aWNhdGlvbkJhY2tlbmQiLCJfYXV0aF91c2VyX2lkIjoyfQ==','2023-11-08 17:42:09'),('i4vnmfuj2fa4suhhn5uuvhvhdue5ar5h','NjM0MWZiZmZlOWJlODlhOWQ1OGFhMTU3YTFiOWRlYTVhMWIyNmEwODp7Il9zZXNzaW9uX2V4cGlyeSI6MzE1MzYwMDAwLCJfYXV0aF91c2VyX2hhc2giOiIxMDFiMWVlYzAwNGNlNTg4MmE3YjZmODRhY2U4MzJlZTQzMDhiNTU1IiwiX2F1dGhfdXNlcl9iYWNrZW5kIjoiYWNjb3VudC5hdXRoX2JhY2tlbmRzLlVzZXJuYW1lQXV0aGVudGljYXRpb25CYWNrZW5kIiwiX2F1dGhfdXNlcl9pZCI6IjEifQ==','2026-03-11 23:50:57'),('i5ci4x8hsbj67eeqb0d55jo7ay2wstts','N2U0M2E0Y2YzMDc0ODJlYjBmN2FjMDU2MjY3MTBmNWJkN2FkN2U5NDp7Il9zZXNzaW9uX2V4cGlyeSI6MCwiX2F1dGhfdXNlcl9iYWNrZW5kIjoiYWNjb3VudC5hdXRoX2JhY2tlbmRzLlVzZXJuYW1lQXV0aGVudGljYXRpb25CYWNrZW5kIiwiX2F1dGhfdXNlcl9pZCI6OX0=','2014-08-14 04:25:19'),('i7n6g312u70m8a5lxymjd0dz2a8oyhma','Njk2Yzc1OWU3YTIyOGMwMWMyOWM1YWZmZDI1MmU3N2I3MDcxODgzZDp7Il9hdXRoX3VzZXJfYmFja2VuZCI6ImFjY291bnQuYXV0aF9iYWNrZW5kcy5Vc2VybmFtZUF1dGhlbnRpY2F0aW9uQmFja2VuZCIsIl9hdXRoX3VzZXJfaWQiOjl9','2014-09-23 03:34:18'),('i9r2zil1g63hyylrmebrz0fdvoug3qhq','YjQ5OGRkN2EyYTU3MTEyNzMzNGIyNjM0ZmY5MzdiYzRhYmJhZmY0Mjp7Il9zZXNzaW9uX2V4cGlyeSI6MCwiX2F1dGhfdXNlcl9oYXNoIjoiOWZkOWFmNjI3MjFhOTRmYThlNzlmZTY5YTI5YjE3Nzg3NGVjN2RkOCIsIl9hdXRoX3VzZXJfYmFja2VuZCI6ImFjY291bnQuYXV0aF9iYWNrZW5kcy5Vc2VybmFtZUF1dGhlbnRpY2F0aW9uQmFja2VuZCIsIl9hdXRoX3VzZXJfaWQiOjYyfQ==','2015-05-20 00:29:30'),('iee6wyp7jlz7kez3xkodwa5gxxgx9mh2','YWFjNDhkYjMxMjYxNTAxYjVjMWIzYjkxMjI2YmI3NDcwNzkxNjFkNzp7Il9hdXRoX3VzZXJfYmFja2VuZCI6ImFjY291bnQuYXV0aF9iYWNrZW5kcy5Vc2VybmFtZUF1dGhlbnRpY2F0aW9uQmFja2VuZCIsIl9hdXRoX3VzZXJfaWQiOjF9','2014-08-04 19:50:51'),('if06nlq8z46vgxui96xb5iuyyqjdkf3l','NGJjYTA4ZGUzNmQyOGMzZGM1NzY0YTI3Y2E0MzEyYjQ3OTQ3NGEwMjp7Il9hdXRoX3VzZXJfYmFja2VuZCI6ImFjY291bnQuYXV0aF9iYWNrZW5kcy5Vc2VybmFtZUF1dGhlbnRpY2F0aW9uQmFja2VuZCIsIl9hdXRoX3VzZXJfaWQiOjI5fQ==','2014-09-10 03:17:29'),('jckmmokd16d0hmb7fdrww81dqblnsq71','MDI5ZTg3ZWE1M2FkZTAwZjQxZGQxOTAxYzk2NjVhNzVlZDE5NWFhMzp7Il9zZXNzaW9uX2V4cGlyeSI6MCwiX2F1dGhfdXNlcl9oYXNoIjoiMzJhOTc3ZjM1NzUyYjAxMzg0ODg0MzRlMmFjYmY4NDY5M2U5ZDFjYSIsIl9hdXRoX3VzZXJfYmFja2VuZCI6ImFjY291bnQuYXV0aF9iYWNrZW5kcy5Vc2VybmFtZUF1dGhlbnRpY2F0aW9uQmFja2VuZCIsIl9hdXRoX3VzZXJfaWQiOjF9','2015-02-26 03:09:29'),('je1pdq26j81sck6tvti2hma57loikczo','ZjI2Yjc1YWM4NDJjYmU0NjFjNWU3NDJhNTcxYTcwODRhMTk5MDhlYTp7Il9zZXNzaW9uX2V4cGlyeSI6MCwiX2F1dGhfdXNlcl9oYXNoIjoiOGEzNjg2Y2M3ZmQ3MWZjZjk5MDYyYmQyOTc4NTRhNmZlZmJiMGM5NCIsIl9hdXRoX3VzZXJfYmFja2VuZCI6ImFjY291bnQuYXV0aF9iYWNrZW5kcy5Vc2VybmFtZUF1dGhlbnRpY2F0aW9uQmFja2VuZCIsIl9hdXRoX3VzZXJfaWQiOjMyfQ==','2015-05-17 22:44:25'),('jeeg2f0zgwhuofgnoq5r4ukja66035gi','YTJhMzVmZTAwMThkYTljMjI1MjE0MjkxM2MxMGQyNzljMTNjMGQ2ZDp7Il9zZXNzaW9uX2V4cGlyeSI6MCwiX2F1dGhfdXNlcl9oYXNoIjoiZWY1YjE2MjU2ZDMyZDJhNTZmNjJlYTc5MzQ3YjUyYjFjNjY0NDFjYSIsIl9hdXRoX3VzZXJfYmFja2VuZCI6ImFjY291bnQuYXV0aF9iYWNrZW5kcy5Vc2VybmFtZUF1dGhlbnRpY2F0aW9uQmFja2VuZCIsIl9hdXRoX3VzZXJfaWQiOjYxfQ==','2015-06-04 22:38:20'),('jfwca64b93glkggomxy00o2kr0heedqn','Y2Q2N2I4MzBmZmIxMzc5MjNkODkyOGQ2MTkxNjlhOTFiODllYmRhMzp7Il9zZXNzaW9uX2V4cGlyeSI6MCwiX2F1dGhfdXNlcl9oYXNoIjoiMjg2OGU5MGNjZDY2ZDA2NmI4MmNiNWRkMTc3YTUzNDU5MzkzNjdlYyIsIl9hdXRoX3VzZXJfYmFja2VuZCI6ImFjY291bnQuYXV0aF9iYWNrZW5kcy5Vc2VybmFtZUF1dGhlbnRpY2F0aW9uQmFja2VuZCIsIl9hdXRoX3VzZXJfaWQiOjh9','2015-06-22 18:02:39'),('jh49uzw25th8es9srt93w0t26qbnv5op','ZjYwNTMwYjlkMGYyNjNkNzc3MzJlZTFmNDA1ODU1NTA1NzNhMzAwNzp7Il9zZXNzaW9uX2V4cGlyeSI6MCwiX2F1dGhfdXNlcl9iYWNrZW5kIjoiYWNjb3VudC5hdXRoX2JhY2tlbmRzLlVzZXJuYW1lQXV0aGVudGljYXRpb25CYWNrZW5kIiwiX2F1dGhfdXNlcl9pZCI6OH0=','2014-08-14 17:41:38'),('jjvkcugyds7hodngdvaaefljmq8bnxj1','MTIwM2NiMzIzZWI1NzZmMDdkMjIyNjhkOGYxMjEwM2VhNjkxNTFjMzp7Il9zZXNzaW9uX2V4cGlyeSI6MCwiX2F1dGhfdXNlcl9oYXNoIjoiNmIzNDc0YWQwZDIyYjhkNjJiODBmZTk0NmNkN2Q1NDg5ZmI5ZTZkNSIsIl9hdXRoX3VzZXJfYmFja2VuZCI6ImFjY291bnQuYXV0aF9iYWNrZW5kcy5Vc2VybmFtZUF1dGhlbnRpY2F0aW9uQmFja2VuZCIsIl9hdXRoX3VzZXJfaWQiOjI2fQ==','2015-03-30 18:41:04'),('jov0azazld7vs37h57c05q1y7kxqs787','ODJjYTYwZDkyOTZjMzVhYTViZDJhN2ViMjM1ZGI4YjhjMGQwMGRmYzp7Il9zZXNzaW9uX2V4cGlyeSI6MCwiX2F1dGhfdXNlcl9iYWNrZW5kIjoiYWNjb3VudC5hdXRoX2JhY2tlbmRzLlVzZXJuYW1lQXV0aGVudGljYXRpb25CYWNrZW5kIiwiX2F1dGhfdXNlcl9pZCI6NDh9','2014-09-20 16:17:02'),('jucc4b85w97yayzc0e5xfixt4oaf74qx','YzAxNTU1YmE0YTBiYmJkYWYzNTIwNTBjODBjMTU1ZjlmMjVkMjM0Nzp7Il9zZXNzaW9uX2V4cGlyeSI6MzE1MzYwMDAwLCJfYXV0aF91c2VyX2hhc2giOiJlMDA3YjAxMTNjNzdiMGY1ZDBmNTNiMDY3ZDViMzQxYmNmZTQxMDUyIiwiX2F1dGhfdXNlcl9iYWNrZW5kIjoiYWNjb3VudC5hdXRoX2JhY2tlbmRzLlVzZXJuYW1lQXV0aGVudGljYXRpb25CYWNrZW5kIiwiX2F1dGhfdXNlcl9pZCI6IjY0In0=','2026-03-21 15:10:08'),('jygibtcxpye5x31abe38va7n643klqmo','ZTJmZDc0ZmFmMDg2NDM1NGRlNGE1MzUwZGZmYWY4ODY3MmJhZWFkMTp7Il9hdXRoX3VzZXJfaGFzaCI6IjM1MmU0OTA2MjhlZDM1NWZkYjMzMWZmZTEzNzBiYTBlMDRkZTYwYTYiLCJfYXV0aF91c2VyX2JhY2tlbmQiOiJhY2NvdW50LmF1dGhfYmFja2VuZHMuVXNlcm5hbWVBdXRoZW50aWNhdGlvbkJhY2tlbmQiLCJfYXV0aF91c2VyX2lkIjoiMTAifQ==','2016-04-06 02:50:06'),('k1288wn8an2ciphrg534oueqdy0r95dd','M2JmZGI4ZDkxODBhNGVlN2E4ZDI1ZDcyNDJiZDRhMzNlNThjODIyNjp7Il9zZXNzaW9uX2V4cGlyeSI6MCwiX2F1dGhfdXNlcl9oYXNoIjoiMDBhZGEzOTM0MzlhZjMzMTFiN2M1YTU4YzljZDFkODkwMWJmYWY5NiIsIl9hdXRoX3VzZXJfYmFja2VuZCI6ImFjY291bnQuYXV0aF9iYWNrZW5kcy5Vc2VybmFtZUF1dGhlbnRpY2F0aW9uQmFja2VuZCIsIl9hdXRoX3VzZXJfaWQiOjUyfQ==','2015-02-25 16:18:51'),('k26tl2polyjkosbcc27zw5irt4wa8ju6','NmEzZmQ5ZmFlMmQyZmYzOWU3ZTM4YjNlZTIzYjUwNjExYzdlYzBjMDp7Il9hdXRoX3VzZXJfaGFzaCI6IjYxNzFmYjRlYjQxZmM3NjZjYTBkNmRkODYxZDIzMjc5MDIyZDU5NzciLCJfYXV0aF91c2VyX2JhY2tlbmQiOiJhY2NvdW50LmF1dGhfYmFja2VuZHMuVXNlcm5hbWVBdXRoZW50aWNhdGlvbkJhY2tlbmQiLCJfYXV0aF91c2VyX2lkIjoiNjMifQ==','2016-04-19 22:17:55'),('k68tnutrre96k3nqulj6irqp7o0fifgr','OTU2NDg2MzRkZTlhNjA0NmQ5ZmJmMGI1ZjMwNGViYmNlNWQ5OGRjZTp7fQ==','2015-09-16 14:41:57'),('kb3u5yuf9g8rdyp5u863p1as5megci0m','ZjYwNTMwYjlkMGYyNjNkNzc3MzJlZTFmNDA1ODU1NTA1NzNhMzAwNzp7Il9zZXNzaW9uX2V4cGlyeSI6MCwiX2F1dGhfdXNlcl9iYWNrZW5kIjoiYWNjb3VudC5hdXRoX2JhY2tlbmRzLlVzZXJuYW1lQXV0aGVudGljYXRpb25CYWNrZW5kIiwiX2F1dGhfdXNlcl9pZCI6OH0=','2014-09-14 14:01:04'),('kbf5hd7pw0qt0k6aw6dtoxrsdcr0wltj','NzhmYjkyNzRiYjgwOGU5MDE1NjQ0YjA2MDBkOWUzMzExNjBiMGEzNjp7Il9zZXNzaW9uX2V4cGlyeSI6MzE1MzYwMDAwLCJfYXV0aF91c2VyX2hhc2giOiIxNGQxYTJhMDRmOTFiOTgzOTkzNjk4MDlmMDczNWE3MDY4NzNjMDEzIiwiX2F1dGhfdXNlcl9iYWNrZW5kIjoiYWNjb3VudC5hdXRoX2JhY2tlbmRzLlVzZXJuYW1lQXV0aGVudGljYXRpb25CYWNrZW5kIiwiX2F1dGhfdXNlcl9pZCI6NDV9','2025-04-29 02:16:13'),('kerp3kzf296f4vyyi3l95rsnj7v14owa','ODJjYTYwZDkyOTZjMzVhYTViZDJhN2ViMjM1ZGI4YjhjMGQwMGRmYzp7Il9zZXNzaW9uX2V4cGlyeSI6MCwiX2F1dGhfdXNlcl9iYWNrZW5kIjoiYWNjb3VudC5hdXRoX2JhY2tlbmRzLlVzZXJuYW1lQXV0aGVudGljYXRpb25CYWNrZW5kIiwiX2F1dGhfdXNlcl9pZCI6NDh9','2014-09-05 11:55:06'),('kle1yd2rsk8l4ufvtgd4p34kttdn08kg','N2U2YTNmYWFhODE1MjNhOTU0OGNjMmI4ZGYwMTdiMDUyMzVmM2JmMjp7Il9zZXNzaW9uX2V4cGlyeSI6MCwiX2F1dGhfdXNlcl9oYXNoIjoiMzc1YzkxMzY0OTljMTRmYzg3MTk5Y2VjNjlmNjYzODhlYWE2MTAwZiIsIl9hdXRoX3VzZXJfYmFja2VuZCI6ImFjY291bnQuYXV0aF9iYWNrZW5kcy5Vc2VybmFtZUF1dGhlbnRpY2F0aW9uQmFja2VuZCIsIl9hdXRoX3VzZXJfaWQiOjIzfQ==','2015-06-10 09:55:51'),('kmp6l3l22438qj6z3vcwa4u3p78v52dm','OGQwNjJmZjlkZjdhZDQyZWUyMTBkMDZmNjk5NzBhNzBkN2FiY2RkYTp7Il9zZXNzaW9uX2V4cGlyeSI6MzE1MzYwMDAwLCJfYXV0aF91c2VyX2hhc2giOiIzMmE5NzdmMzU3NTJiMDEzODQ4ODQzNGUyYWNiZjg0NjkzZTlkMWNhIiwiX2F1dGhfdXNlcl9iYWNrZW5kIjoiYWNjb3VudC5hdXRoX2JhY2tlbmRzLlVzZXJuYW1lQXV0aGVudGljYXRpb25CYWNrZW5kIiwiX2F1dGhfdXNlcl9pZCI6MX0=','2025-08-16 22:34:25'),('kneogimns4vx73k89o08ifezadjtkype','NmQzMjFiYTQzYmNjNGVlY2VkNzg5ZWYzY2I5ZWNlMGRlMDIxYzE2OTp7Il9zZXNzaW9uX2V4cGlyeSI6MCwiX2F1dGhfdXNlcl9oYXNoIjoiNzkwNDk3MzY2ZjY0ZWNhNzM2M2EwZTI1MjUyMDk0NWI1MjgwMzc4OCIsIl9hdXRoX3VzZXJfYmFja2VuZCI6ImFjY291bnQuYXV0aF9iYWNrZW5kcy5Vc2VybmFtZUF1dGhlbnRpY2F0aW9uQmFja2VuZCIsIl9hdXRoX3VzZXJfaWQiOiI3MCJ9','2016-04-08 21:01:00'),('koivp77bl19ndmxnnpf9by6h4b7zyhig','MzhhZDVlYmQzODgwNTVmY2ExMTUxNTY3YTIwZDg1NTdjYzgxYjc2NDp7Il9hdXRoX3VzZXJfYmFja2VuZCI6ImFjY291bnQuYXV0aF9iYWNrZW5kcy5Vc2VybmFtZUF1dGhlbnRpY2F0aW9uQmFja2VuZCIsIl9hdXRoX3VzZXJfaWQiOjUzfQ==','2014-08-18 17:23:52'),('kpvsyeb2i9kicafqul02i1fco3xxs0oh','MTYzN2U3NWY4NjA1OTBmMzYyZTUxZDc1MWUyYmFjMjI4MzVmOWUwOTp7Il9zZXNzaW9uX2V4cGlyeSI6MCwiX2F1dGhfdXNlcl9oYXNoIjoiYjRkNDEyY2FlYWZkM2Q4M2VkMmJlMTQ3YzQ5MjI5OGUxOWQ4NjgyNCIsIl9hdXRoX3VzZXJfYmFja2VuZCI6ImFjY291bnQuYXV0aF9iYWNrZW5kcy5Vc2VybmFtZUF1dGhlbnRpY2F0aW9uQmFja2VuZCIsIl9hdXRoX3VzZXJfaWQiOjU4fQ==','2015-03-30 22:47:04'),('ksiaulg6h5fszk4blbvlq95xci5w26nt','MTdmYzhiMjQ1NjFmMzhjN2MwYzFlYjMxMWQxOGU4NGE3Y2Y0ZGU4Yjp7Il9zZXNzaW9uX2V4cGlyeSI6MCwiX2F1dGhfdXNlcl9oYXNoIjoiMzRhNDEyYzNlNWEzMzFlOTYwZmEzMmRlYTE5ZGExMzFhNmQ1Y2I1MCIsIl9hdXRoX3VzZXJfYmFja2VuZCI6ImFjY291bnQuYXV0aF9iYWNrZW5kcy5Vc2VybmFtZUF1dGhlbnRpY2F0aW9uQmFja2VuZCIsIl9hdXRoX3VzZXJfaWQiOiI5In0=','2016-04-19 17:32:29'),('kyv30ddp0a1qjuekj1h7inwppvmyhm33','ZjYwNTMwYjlkMGYyNjNkNzc3MzJlZTFmNDA1ODU1NTA1NzNhMzAwNzp7Il9zZXNzaW9uX2V4cGlyeSI6MCwiX2F1dGhfdXNlcl9iYWNrZW5kIjoiYWNjb3VudC5hdXRoX2JhY2tlbmRzLlVzZXJuYW1lQXV0aGVudGljYXRpb25CYWNrZW5kIiwiX2F1dGhfdXNlcl9pZCI6OH0=','2015-01-27 03:13:28'),('l1hmd2elk2qx9pfn18nzjtyrhejb41i6','Y2Q2N2I4MzBmZmIxMzc5MjNkODkyOGQ2MTkxNjlhOTFiODllYmRhMzp7Il9zZXNzaW9uX2V4cGlyeSI6MCwiX2F1dGhfdXNlcl9oYXNoIjoiMjg2OGU5MGNjZDY2ZDA2NmI4MmNiNWRkMTc3YTUzNDU5MzkzNjdlYyIsIl9hdXRoX3VzZXJfYmFja2VuZCI6ImFjY291bnQuYXV0aF9iYWNrZW5kcy5Vc2VybmFtZUF1dGhlbnRpY2F0aW9uQmFja2VuZCIsIl9hdXRoX3VzZXJfaWQiOjh9','2015-04-14 17:38:14'),('l5nhaqgvpcarivuehp3gybicvmw8fixy','Y2Q2N2I4MzBmZmIxMzc5MjNkODkyOGQ2MTkxNjlhOTFiODllYmRhMzp7Il9zZXNzaW9uX2V4cGlyeSI6MCwiX2F1dGhfdXNlcl9oYXNoIjoiMjg2OGU5MGNjZDY2ZDA2NmI4MmNiNWRkMTc3YTUzNDU5MzkzNjdlYyIsIl9hdXRoX3VzZXJfYmFja2VuZCI6ImFjY291bnQuYXV0aF9iYWNrZW5kcy5Vc2VybmFtZUF1dGhlbnRpY2F0aW9uQmFja2VuZCIsIl9hdXRoX3VzZXJfaWQiOjh9','2015-06-24 17:13:17'),('las9sznst94niu0gmniryjnv2xwjn8n3','OWVjNjdhMWE3ZmMyZjQ2MWYwN2ZmNjFlOTJjNGFjMWVkYWMwMThjYzp7Il9zZXNzaW9uX2V4cGlyeSI6MzE1MzYwMDAwLCJfYXV0aF91c2VyX2hhc2giOiIyMjU5NTdkOTg2YTQzMGI2OTI3OWJkOTc0ZmQ1MDllNDRjMjU2ZjNkIiwiX2F1dGhfdXNlcl9iYWNrZW5kIjoiYWNjb3VudC5hdXRoX2JhY2tlbmRzLlVzZXJuYW1lQXV0aGVudGljYXRpb25CYWNrZW5kIiwiX2F1dGhfdXNlcl9pZCI6IjcyIn0=','2026-03-25 17:28:02'),('lbfunv9lcczp3rrl7nx2i8jibrea8938','ODJjYTYwZDkyOTZjMzVhYTViZDJhN2ViMjM1ZGI4YjhjMGQwMGRmYzp7Il9zZXNzaW9uX2V4cGlyeSI6MCwiX2F1dGhfdXNlcl9iYWNrZW5kIjoiYWNjb3VudC5hdXRoX2JhY2tlbmRzLlVzZXJuYW1lQXV0aGVudGljYXRpb25CYWNrZW5kIiwiX2F1dGhfdXNlcl9pZCI6NDh9','2014-08-31 14:35:22'),('ldanoi4172b3z8qtfjw7q8aunhr4wmua','OTU2NDg2MzRkZTlhNjA0NmQ5ZmJmMGI1ZjMwNGViYmNlNWQ5OGRjZTp7fQ==','2014-09-12 20:09:21'),('lg5s4t8ntocge8d7les9pqufo6jhl0sa','ODM4YzlkZjlkYjg3MWViMjMzZGNjZWQyNDY3YmU0N2QyMjc2MTMzZDp7Il9hdXRoX3VzZXJfYmFja2VuZCI6ImFjY291bnQuYXV0aF9iYWNrZW5kcy5Vc2VybmFtZUF1dGhlbnRpY2F0aW9uQmFja2VuZCIsIl9hdXRoX3VzZXJfaWQiOjIxfQ==','2014-08-26 13:35:20'),('lg9s9871fcr8fxr000x4hmbmbt9dt2wr','OTFmZTFkZTgwZDIxMjI4YjgxMjIwOWQzMGNlMzgxNGNmNjQ4ZmUwNDp7Il9zZXNzaW9uX2V4cGlyeSI6MzE1MzYwMDAwLCJfYXV0aF91c2VyX2JhY2tlbmQiOiJhY2NvdW50LmF1dGhfYmFja2VuZHMuVXNlcm5hbWVBdXRoZW50aWNhdGlvbkJhY2tlbmQiLCJfYXV0aF91c2VyX2lkIjo4fQ==','2024-08-02 02:38:55'),('lkg2ffrkre8ghj12vzz4c0rt4nvb4ejw','MDMyNThhYjE4N2UzOGFmZWU4MzYwZmE5NmY4N2FkYTg0ZjEwYzNiNjp7Il9zZXNzaW9uX2V4cGlyeSI6MCwiX2F1dGhfdXNlcl9oYXNoIjoiODIzMjFhOTZiNzNlZDA5OWIwNGY0ZGYzYWZmOGU4YzQ1NmU0MDdlMiIsIl9hdXRoX3VzZXJfYmFja2VuZCI6ImFjY291bnQuYXV0aF9iYWNrZW5kcy5Vc2VybmFtZUF1dGhlbnRpY2F0aW9uQmFja2VuZCIsIl9hdXRoX3VzZXJfaWQiOjQ4fQ==','2015-05-02 21:41:35'),('lmkxa3u79otgc1jfi0di0ezbf02em7o3','OGYxMmM5NDJjYjYwMzM1NDk0ZDRmNjM2ZjU4YzgxM2RiNThhMjUwYjp7Il9zZXNzaW9uX2V4cGlyeSI6MCwiX2F1dGhfdXNlcl9oYXNoIjoiNWFkZmMyOThkOWJlYzQyMzY2Y2ViNmVjYTQ5Y2Q3Y2E3ZjA5YTczZCIsIl9hdXRoX3VzZXJfYmFja2VuZCI6ImFjY291bnQuYXV0aF9iYWNrZW5kcy5Vc2VybmFtZUF1dGhlbnRpY2F0aW9uQmFja2VuZCIsIl9hdXRoX3VzZXJfaWQiOjE4fQ==','2015-05-01 16:18:03'),('lpxa1qucrc8v5dsjfw42acja5hj2h74x','ZmM0MjAzYmVkNzg3YjU3MzE1MzhiMzU4NjNkMDg5OTU2OGFhMjFhMTp7Il9zZXNzaW9uX2V4cGlyeSI6MCwiX2F1dGhfdXNlcl9oYXNoIjoiYWU4ZTI2NmM3M2E4YzA4Zjg3MDVlNmFhMjYyMWI0NGZiZDlkY2Q3ZiIsIl9hdXRoX3VzZXJfYmFja2VuZCI6ImFjY291bnQuYXV0aF9iYWNrZW5kcy5Vc2VybmFtZUF1dGhlbnRpY2F0aW9uQmFja2VuZCIsIl9hdXRoX3VzZXJfaWQiOiIzMyJ9','2016-04-19 17:35:48'),('lsyodrjnldtwwt5s5rft685oyyf0undg','ZjJmNmFiNWI3MWU0NTgyMGIzYWM3YTUzZTUwNDJiNDYzZGNiMzA1ZDp7Il9zZXNzaW9uX2V4cGlyeSI6MzE1MzYwMDAwLCJfYXV0aF91c2VyX2JhY2tlbmQiOiJhY2NvdW50LmF1dGhfYmFja2VuZHMuVXNlcm5hbWVBdXRoZW50aWNhdGlvbkJhY2tlbmQiLCJfYXV0aF91c2VyX2lkIjozM30=','2024-08-02 11:41:38'),('lx30tzc7rxeqnp8cecz0bxsmpb4785f7','OTU2NDg2MzRkZTlhNjA0NmQ5ZmJmMGI1ZjMwNGViYmNlNWQ5OGRjZTp7fQ==','2015-05-20 10:26:27'),('m0d8f3qt9l6a15v9t27mh0rrr88kt8kh','ODQ5YzZmMGUzNWIxNDA3YTg0NmEzN2I5ZTQ3ZmNkZmEwOWY2MDEwNTp7Il9zZXNzaW9uX2V4cGlyeSI6MCwiX2F1dGhfdXNlcl9oYXNoIjoiOGUzMTVkNmRjNTc3YmI5YTYxMGFhMmY4ZTVkMjhhYzE4NWU0ODAwMCIsIl9hdXRoX3VzZXJfYmFja2VuZCI6ImFjY291bnQuYXV0aF9iYWNrZW5kcy5Vc2VybmFtZUF1dGhlbnRpY2F0aW9uQmFja2VuZCIsIl9hdXRoX3VzZXJfaWQiOiI4In0=','2016-04-13 14:00:53'),('m26l6qviytt8h3sjbqh4jp8xlbh9gx91','MWE0MzIyMDA3MmFmYTMzZTFiMGEwOThiMWEwMWRhMWRjZTRiMWE3ZDp7Il9zZXNzaW9uX2V4cGlyeSI6MzE1MzYwMDAwLCJfYXV0aF91c2VyX2hhc2giOiJhMjFkMDBkMDZkODgwMTY0NzNiM2I2NTY3NDYwNzU4ZTA0NzZlYTY5IiwiX2F1dGhfdXNlcl9iYWNrZW5kIjoiYWNjb3VudC5hdXRoX2JhY2tlbmRzLlVzZXJuYW1lQXV0aGVudGljYXRpb25CYWNrZW5kIiwiX2F1dGhfdXNlcl9pZCI6IjEifQ==','2026-03-27 10:22:31'),('m8ho3gtdxde5qei15y7w9joag1559kxj','Y2Q2N2I4MzBmZmIxMzc5MjNkODkyOGQ2MTkxNjlhOTFiODllYmRhMzp7Il9zZXNzaW9uX2V4cGlyeSI6MCwiX2F1dGhfdXNlcl9oYXNoIjoiMjg2OGU5MGNjZDY2ZDA2NmI4MmNiNWRkMTc3YTUzNDU5MzkzNjdlYyIsIl9hdXRoX3VzZXJfYmFja2VuZCI6ImFjY291bnQuYXV0aF9iYWNrZW5kcy5Vc2VybmFtZUF1dGhlbnRpY2F0aW9uQmFja2VuZCIsIl9hdXRoX3VzZXJfaWQiOjh9','2015-05-31 21:39:15'),('medpxo78oxr3w5kno7masgdxxuhab8as','MDMyNThhYjE4N2UzOGFmZWU4MzYwZmE5NmY4N2FkYTg0ZjEwYzNiNjp7Il9zZXNzaW9uX2V4cGlyeSI6MCwiX2F1dGhfdXNlcl9oYXNoIjoiODIzMjFhOTZiNzNlZDA5OWIwNGY0ZGYzYWZmOGU4YzQ1NmU0MDdlMiIsIl9hdXRoX3VzZXJfYmFja2VuZCI6ImFjY291bnQuYXV0aF9iYWNrZW5kcy5Vc2VybmFtZUF1dGhlbnRpY2F0aW9uQmFja2VuZCIsIl9hdXRoX3VzZXJfaWQiOjQ4fQ==','2015-02-26 00:36:58'),('mi7e3i6s3wh31xmuflnqmr37uld218pr','MDMyNThhYjE4N2UzOGFmZWU4MzYwZmE5NmY4N2FkYTg0ZjEwYzNiNjp7Il9zZXNzaW9uX2V4cGlyeSI6MCwiX2F1dGhfdXNlcl9oYXNoIjoiODIzMjFhOTZiNzNlZDA5OWIwNGY0ZGYzYWZmOGU4YzQ1NmU0MDdlMiIsIl9hdXRoX3VzZXJfYmFja2VuZCI6ImFjY291bnQuYXV0aF9iYWNrZW5kcy5Vc2VybmFtZUF1dGhlbnRpY2F0aW9uQmFja2VuZCIsIl9hdXRoX3VzZXJfaWQiOjQ4fQ==','2015-09-14 22:41:58'),('mpaw49gv30sf5rhw5zghnumlrtj2u7fh','Y2Q2N2I4MzBmZmIxMzc5MjNkODkyOGQ2MTkxNjlhOTFiODllYmRhMzp7Il9zZXNzaW9uX2V4cGlyeSI6MCwiX2F1dGhfdXNlcl9oYXNoIjoiMjg2OGU5MGNjZDY2ZDA2NmI4MmNiNWRkMTc3YTUzNDU5MzkzNjdlYyIsIl9hdXRoX3VzZXJfYmFja2VuZCI6ImFjY291bnQuYXV0aF9iYWNrZW5kcy5Vc2VybmFtZUF1dGhlbnRpY2F0aW9uQmFja2VuZCIsIl9hdXRoX3VzZXJfaWQiOjh9','2015-06-20 15:33:03'),('mtomy4blq2awymqy9ze2p090gsszvw02','ZmYwYmU4ZjNjNDQ4OGQ1YmU4MzJlMjVkZDUwMGM5Yjc3MWM3MjU4NDp7Il9zZXNzaW9uX2V4cGlyeSI6MzE1MzYwMDAwLCJfYXV0aF91c2VyX2JhY2tlbmQiOiJhY2NvdW50LmF1dGhfYmFja2VuZHMuVXNlcm5hbWVBdXRoZW50aWNhdGlvbkJhY2tlbmQiLCJfYXV0aF91c2VyX2lkIjo0OH0=','2024-08-05 02:36:11'),('n3gpkrujydelgsn1mwtu30tgz5tobgii','ZjdiNWU2YTVkM2YwY2E0MzcwMGZiMDVjOThhYmZjZWQ5YWIyOTEwNDp7Il9zZXNzaW9uX2V4cGlyeSI6MCwiX2F1dGhfdXNlcl9oYXNoIjoiMjI1OTU3ZDk4NmE0MzBiNjkyNzliZDk3NGZkNTA5ZTQ0YzI1NmYzZCIsIl9hdXRoX3VzZXJfYmFja2VuZCI6ImRqYW5nby5jb250cmliLmF1dGguYmFja2VuZHMuTW9kZWxCYWNrZW5kIiwiX2F1dGhfdXNlcl9pZCI6IjcyIn0=','2016-04-10 17:27:11'),('ndrtuam8v82a53jx1a1euwddjyx0he0w','Y2Q2N2I4MzBmZmIxMzc5MjNkODkyOGQ2MTkxNjlhOTFiODllYmRhMzp7Il9zZXNzaW9uX2V4cGlyeSI6MCwiX2F1dGhfdXNlcl9oYXNoIjoiMjg2OGU5MGNjZDY2ZDA2NmI4MmNiNWRkMTc3YTUzNDU5MzkzNjdlYyIsIl9hdXRoX3VzZXJfYmFja2VuZCI6ImFjY291bnQuYXV0aF9iYWNrZW5kcy5Vc2VybmFtZUF1dGhlbnRpY2F0aW9uQmFja2VuZCIsIl9hdXRoX3VzZXJfaWQiOjh9','2015-04-13 16:54:36'),('nna0y9spczqvser8wqa93gyq1bp9xe83','NmEzZWI2ZDJiZDNhMjNiZGY0YzMzMjM2NGE4N2MyZTc1YWZhNjU3Zjp7Il9hdXRoX3VzZXJfaGFzaCI6ImY2YTllMGI5ZThmYWM2ZDk3N2M5YWYwMjY5ZDVjMWZlMmJiOWJiODkiLCJfYXV0aF91c2VyX2JhY2tlbmQiOiJhY2NvdW50LmF1dGhfYmFja2VuZHMuVXNlcm5hbWVBdXRoZW50aWNhdGlvbkJhY2tlbmQiLCJfYXV0aF91c2VyX2lkIjoxNH0=','2015-07-01 13:33:12'),('nnxaq77hpix3z5wbmvl484t9i8six1p1','Y2Q2N2I4MzBmZmIxMzc5MjNkODkyOGQ2MTkxNjlhOTFiODllYmRhMzp7Il9zZXNzaW9uX2V4cGlyeSI6MCwiX2F1dGhfdXNlcl9oYXNoIjoiMjg2OGU5MGNjZDY2ZDA2NmI4MmNiNWRkMTc3YTUzNDU5MzkzNjdlYyIsIl9hdXRoX3VzZXJfYmFja2VuZCI6ImFjY291bnQuYXV0aF9iYWNrZW5kcy5Vc2VybmFtZUF1dGhlbnRpY2F0aW9uQmFja2VuZCIsIl9hdXRoX3VzZXJfaWQiOjh9','2015-04-21 14:26:24'),('nznfvcg6l52m78pfudkcdjam5vj3uqmm','NjNlMTdjYzJhYmE1Njc2ODlkNjM5MThjMTdiMjA5ZGY3OTM4ZDdiYzp7Il9zZXNzaW9uX2V4cGlyeSI6MzE1MzYwMDAwLCJfYXV0aF91c2VyX2hhc2giOiI4MTQ0ZjhkNTVhY2VkZDI3MmU0ZTBjYjA1YWIxYzFlYjYwZjc4YjBkIiwiX2F1dGhfdXNlcl9iYWNrZW5kIjoiYWNjb3VudC5hdXRoX2JhY2tlbmRzLlVzZXJuYW1lQXV0aGVudGljYXRpb25CYWNrZW5kIiwiX2F1dGhfdXNlcl9pZCI6MTJ9','2025-02-24 17:08:26'),('o1b354np5kxxcbx1ur3vdurx8fuh701w','ODJjYTYwZDkyOTZjMzVhYTViZDJhN2ViMjM1ZGI4YjhjMGQwMGRmYzp7Il9zZXNzaW9uX2V4cGlyeSI6MCwiX2F1dGhfdXNlcl9iYWNrZW5kIjoiYWNjb3VudC5hdXRoX2JhY2tlbmRzLlVzZXJuYW1lQXV0aGVudGljYXRpb25CYWNrZW5kIiwiX2F1dGhfdXNlcl9pZCI6NDh9','2014-08-27 17:19:05'),('o25b9cvqdqi9fpt1ko78v5vqtn39lflo','YTJhMzVmZTAwMThkYTljMjI1MjE0MjkxM2MxMGQyNzljMTNjMGQ2ZDp7Il9zZXNzaW9uX2V4cGlyeSI6MCwiX2F1dGhfdXNlcl9oYXNoIjoiZWY1YjE2MjU2ZDMyZDJhNTZmNjJlYTc5MzQ3YjUyYjFjNjY0NDFjYSIsIl9hdXRoX3VzZXJfYmFja2VuZCI6ImFjY291bnQuYXV0aF9iYWNrZW5kcy5Vc2VybmFtZUF1dGhlbnRpY2F0aW9uQmFja2VuZCIsIl9hdXRoX3VzZXJfaWQiOjYxfQ==','2015-09-27 17:07:24'),('o59gqgww8ox9w4ofkcrcf7j037c6ly1b','MWEzZjNmZGI3YTJmNmQwZTM0ODIzYmRkMjkyOWE1YmJhODQ0NjAyYjp7Il9zZXNzaW9uX2V4cGlyeSI6MCwiX2F1dGhfdXNlcl9oYXNoIjoiZjIwODI2NDc2MGJiY2Q0NWEzNDM2ZWM4MzgzMDBlOWY1OTM4N2RjMSIsIl9hdXRoX3VzZXJfYmFja2VuZCI6ImFjY291bnQuYXV0aF9iYWNrZW5kcy5Vc2VybmFtZUF1dGhlbnRpY2F0aW9uQmFja2VuZCIsIl9hdXRoX3VzZXJfaWQiOjF9','2015-02-07 18:14:38'),('o769r4e4fos5qo5j9za8pibymoxzugda','ODQ5YzZmMGUzNWIxNDA3YTg0NmEzN2I5ZTQ3ZmNkZmEwOWY2MDEwNTp7Il9zZXNzaW9uX2V4cGlyeSI6MCwiX2F1dGhfdXNlcl9oYXNoIjoiOGUzMTVkNmRjNTc3YmI5YTYxMGFhMmY4ZTVkMjhhYzE4NWU0ODAwMCIsIl9hdXRoX3VzZXJfYmFja2VuZCI6ImFjY291bnQuYXV0aF9iYWNrZW5kcy5Vc2VybmFtZUF1dGhlbnRpY2F0aW9uQmFja2VuZCIsIl9hdXRoX3VzZXJfaWQiOiI4In0=','2016-04-16 12:41:01'),('o9fj9cf592x9rifqzcgytgy1a4xv050v','YWNlNDVkMTg0YjY1ZjZiZmM4NDBmY2JmODQ0MmJjYmJiYjYwYjc0Yjp7Il9zZXNzaW9uX2V4cGlyeSI6MCwiX2F1dGhfdXNlcl9oYXNoIjoiMjNiM2JiODc3NzgyZWIwNzM1MTk4NmU4NGNjNzdjOTNkYjE1MzhkNCIsIl9hdXRoX3VzZXJfYmFja2VuZCI6ImFjY291bnQuYXV0aF9iYWNrZW5kcy5Vc2VybmFtZUF1dGhlbnRpY2F0aW9uQmFja2VuZCIsIl9hdXRoX3VzZXJfaWQiOjMzfQ==','2015-02-25 14:51:35'),('o9u9annk2af5mst0gj9unphwrz05d6c2','ZGM1ZmQxZWU1MzI2NDhmZDY4MDlmN2Q0ZDEyNGRjY2NiZWY0NjZlOTp7Il9zZXNzaW9uX2V4cGlyeSI6MCwiX2F1dGhfdXNlcl9oYXNoIjoiMGZmN2VmM2NhYjc4YzkzZDY0NWJkYmI2MTAxMWVkMGFjOTViYzM4OSIsIl9hdXRoX3VzZXJfYmFja2VuZCI6ImFjY291bnQuYXV0aF9iYWNrZW5kcy5Vc2VybmFtZUF1dGhlbnRpY2F0aW9uQmFja2VuZCIsIl9hdXRoX3VzZXJfaWQiOjMzfQ==','2015-03-30 22:19:03'),('obv7ccjlgt4vpej9o9p517nn6bkkm9ta','YmU0Nzc5YTVmOWViNTA1YzVhNjY3NGEzYmJmZGQ2N2FkNDBlMmNlYjp7Il9zZXNzaW9uX2V4cGlyeSI6MzE1MzYwMDAwLCJfYXV0aF91c2VyX2JhY2tlbmQiOiJhY2NvdW50LmF1dGhfYmFja2VuZHMuVXNlcm5hbWVBdXRoZW50aWNhdGlvbkJhY2tlbmQiLCJfYXV0aF91c2VyX2lkIjoxM30=','2024-08-17 14:22:20'),('oec3tn6n83k9tlsgaed96tyr8ppv2j7r','ZjA1NWYzNjg2MGJiYzhlMWIzMjE3Y2IzNDVkMjRhNTcyYWQ1MjQ3Zjp7Il9zZXNzaW9uX2V4cGlyeSI6MCwiX2F1dGhfdXNlcl9oYXNoIjoiNjFlMWU0NzE4ZWE0OTM5OWRjYjE5NWQ1ZjhhYTgxNmMxMzQxY2UyMCIsIl9hdXRoX3VzZXJfYmFja2VuZCI6ImFjY291bnQuYXV0aF9iYWNrZW5kcy5Vc2VybmFtZUF1dGhlbnRpY2F0aW9uQmFja2VuZCIsIl9hdXRoX3VzZXJfaWQiOjI1fQ==','2015-03-30 18:54:26'),('ogar3eoaceoa65o5auo32f0r4f9qumc1','OGZjNzA2MDliMmJjNTliMDM1NmY5OWI1NmQwZWVhYWYxMjM2ZDliMDp7Il9zZXNzaW9uX2V4cGlyeSI6MCwiX2F1dGhfdXNlcl9oYXNoIjoiMTA1OTUzM2VjYWE1M2I2MzIyMGRhNmE2OTIzNWU3Y2VmZGM1M2RmYiIsIl9hdXRoX3VzZXJfYmFja2VuZCI6ImFjY291bnQuYXV0aF9iYWNrZW5kcy5Vc2VybmFtZUF1dGhlbnRpY2F0aW9uQmFja2VuZCIsIl9hdXRoX3VzZXJfaWQiOjl9','2015-02-25 16:32:05'),('ogo59vbikrfs3ax8z9nsrc0t52skckqy','YzcxNjY5ODUwYWJjZmY0NzY5YTRhMTNmZGM5Yzc4MzhlY2IzYmQ5Zjp7Il9zZXNzaW9uX2V4cGlyeSI6MCwiX2F1dGhfdXNlcl9oYXNoIjoiN2QwMzdjODhiZDlhMTQ1ODY2MThlNmM0ZWE0YWJhMDdhOTBhMjlmZSIsIl9hdXRoX3VzZXJfYmFja2VuZCI6ImFjY291bnQuYXV0aF9iYWNrZW5kcy5Vc2VybmFtZUF1dGhlbnRpY2F0aW9uQmFja2VuZCIsIl9hdXRoX3VzZXJfaWQiOiI2MSJ9','2016-04-19 20:44:30'),('oi88al67mbjbxst48uz24qipbbr7ll0i','ZGJhNWQxYjUwYTFjODAzMGVjMDQyNmQwNGM2NmY4MmY2NTc2NjhlODp7Il9zZXNzaW9uX2V4cGlyeSI6MzE1MzYwMDAwLCJfYXV0aF91c2VyX2hhc2giOiJmOTUzNGNlZjExMjZkZDlkODY2M2EyMmQ0YjI2NmZkNzc3YzFhNTI5IiwiX2F1dGhfdXNlcl9iYWNrZW5kIjoiYWNjb3VudC5hdXRoX2JhY2tlbmRzLlVzZXJuYW1lQXV0aGVudGljYXRpb25CYWNrZW5kIiwiX2F1dGhfdXNlcl9pZCI6IjEyIn0=','2026-03-27 12:16:21'),('olps043oj0zfwfa8b83n1g7namq0j6jr','MTY5NGFmZDRjYjhlYjgxMzYxN2RmMWUwNTdhOThiZGZkYzY1MDNiZjp7Il9zZXNzaW9uX2V4cGlyeSI6MCwiX2F1dGhfdXNlcl9iYWNrZW5kIjoiYWNjb3VudC5hdXRoX2JhY2tlbmRzLlVzZXJuYW1lQXV0aGVudGljYXRpb25CYWNrZW5kIiwiX2F1dGhfdXNlcl9pZCI6NTF9','2014-09-12 22:34:19'),('orlmtchd2io86eowjx3928u5suofqe5a','MDMyNThhYjE4N2UzOGFmZWU4MzYwZmE5NmY4N2FkYTg0ZjEwYzNiNjp7Il9zZXNzaW9uX2V4cGlyeSI6MCwiX2F1dGhfdXNlcl9oYXNoIjoiODIzMjFhOTZiNzNlZDA5OWIwNGY0ZGYzYWZmOGU4YzQ1NmU0MDdlMiIsIl9hdXRoX3VzZXJfYmFja2VuZCI6ImFjY291bnQuYXV0aF9iYWNrZW5kcy5Vc2VybmFtZUF1dGhlbnRpY2F0aW9uQmFja2VuZCIsIl9hdXRoX3VzZXJfaWQiOjQ4fQ==','2015-09-04 02:42:10'),('orzolqxz7gytatbrdt2t61odhsdq65fg','MjQ3ZDBiYTA1N2M5OTVkMzcxNjcwYzYzMTNkN2RmYzhiYjBkODUzMzp7Il9zZXNzaW9uX2V4cGlyeSI6MCwiX2F1dGhfdXNlcl9oYXNoIjoiMzY4ZmU4MzQzMTc5YmNiMDI3ZjcxNzU4MGQ2Y2FlOTU3YTE5ZjdiNSIsIl9hdXRoX3VzZXJfYmFja2VuZCI6ImFjY291bnQuYXV0aF9iYWNrZW5kcy5Vc2VybmFtZUF1dGhlbnRpY2F0aW9uQmFja2VuZCIsIl9hdXRoX3VzZXJfaWQiOiI0OCJ9','2016-04-19 22:07:13'),('os625w496wusjegm567een798gqzqlnh','YzBmYzFmMTQ3MTdjZjQzODc1OWFiMTNjMzVhMGFiNjI0NmNlYjVkYzp7Il9hdXRoX3VzZXJfaGFzaCI6IjYwNGNkMWM4YmVlYmM1YWNjOWJmYjllNzE3ZjA5ZjhkZTIxNGYwMWEiLCJfYXV0aF91c2VyX2JhY2tlbmQiOiJhY2NvdW50LmF1dGhfYmFja2VuZHMuVXNlcm5hbWVBdXRoZW50aWNhdGlvbkJhY2tlbmQiLCJfYXV0aF91c2VyX2lkIjo1NX0=','2015-09-19 16:09:38'),('owsvcmfkcep3mj1s23qi7jz73ua3pye1','MDE0YzdiYzA2NGM5NDFjMTY4YTViY2VkNTljZTBmYmJkODI1ODA2Yjp7Il9zZXNzaW9uX2V4cGlyeSI6MzE1MzYwMDAwLCJfYXV0aF91c2VyX2JhY2tlbmQiOiJhY2NvdW50LmF1dGhfYmFja2VuZHMuVXNlcm5hbWVBdXRoZW50aWNhdGlvbkJhY2tlbmQiLCJfYXV0aF91c2VyX2lkIjo0Nn0=','2024-08-16 12:49:33'),('ozjujgkbin86e8c4xicsngyjzlhf0d4t','MzUxYjlkMzZiNWI3MTg2ZWNmZDNhZmYzNWQ1YzBlZmY3NWFjYmUwNTp7Il9zZXNzaW9uX2V4cGlyeSI6MCwiX2F1dGhfdXNlcl9oYXNoIjoiY2Q5NTQxODYxYzdiMDg3Njc2NzExZDFhZGNjZmI3MmQ4YmQ0NzEzZiIsIl9hdXRoX3VzZXJfYmFja2VuZCI6ImFjY291bnQuYXV0aF9iYWNrZW5kcy5Vc2VybmFtZUF1dGhlbnRpY2F0aW9uQmFja2VuZCIsIl9hdXRoX3VzZXJfaWQiOiI3NiJ9','2016-04-14 00:32:32'),('p29ncep72esw9m22qnzsy96chbv7sfv4','N2QyYTc0NWUwZGUxOGEwMGM1M2MwOTZjNzMwNDc0NDc1ZmI0ZmI4ZDp7Il9zZXNzaW9uX2V4cGlyeSI6MCwiX2F1dGhfdXNlcl9oYXNoIjoiMzRlNDkwZGExZjUzZDNkN2MwMDE2NzA5ZDY1OTQyODU0ZWY2Njg4ZSIsIl9hdXRoX3VzZXJfYmFja2VuZCI6ImFjY291bnQuYXV0aF9iYWNrZW5kcy5Vc2VybmFtZUF1dGhlbnRpY2F0aW9uQmFja2VuZCIsIl9hdXRoX3VzZXJfaWQiOiI4In0=','2016-04-05 19:06:48'),('p7tudnlp8qnajkxmq2drx1an4xln6qkd','ODM4YzlkZjlkYjg3MWViMjMzZGNjZWQyNDY3YmU0N2QyMjc2MTMzZDp7Il9hdXRoX3VzZXJfYmFja2VuZCI6ImFjY291bnQuYXV0aF9iYWNrZW5kcy5Vc2VybmFtZUF1dGhlbnRpY2F0aW9uQmFja2VuZCIsIl9hdXRoX3VzZXJfaWQiOjIxfQ==','2014-09-27 00:14:25'),('p9csc5prjspvhlqo2uu7m0bparjrldd1','NmQ0YjMyYjYyOGQ4Y2E2NDA3NTgwNjViOGU0ZDZmNjY2YTNkYWRmNTp7Il9zZXNzaW9uX2V4cGlyeSI6MzE1MzYwMDAwLCJfYXV0aF91c2VyX2JhY2tlbmQiOiJhY2NvdW50LmF1dGhfYmFja2VuZHMuVXNlcm5hbWVBdXRoZW50aWNhdGlvbkJhY2tlbmQiLCJfYXV0aF91c2VyX2lkIjoxfQ==','2024-07-28 17:36:38'),('pamej223i9bwx16fo3w8h0w9nlzramvh','YmI5MWJmOGM0NGYxMGU1OGM0ZTMwMmNlYTFkNzk5MDJlYWM4YzMyNDp7Il9zZXNzaW9uX2V4cGlyeSI6MzE1MzYwMDAwLCJfYXV0aF91c2VyX2hhc2giOiIyMGNlNTFmOWZhMjIyOTU0MTRkMDg2OGY3MjRhNThmYzRjYzkzMmUwIiwiX2F1dGhfdXNlcl9iYWNrZW5kIjoiYWNjb3VudC5hdXRoX2JhY2tlbmRzLlVzZXJuYW1lQXV0aGVudGljYXRpb25CYWNrZW5kIiwiX2F1dGhfdXNlcl9pZCI6IjIwIn0=','2026-04-03 19:51:46'),('pcsx7t7seg69xgaxkjjk6yjttewl9eaj','NTI0NGM0NjE5MjkxMWU1ZTk1YjI3OTc0YjgxNmZlY2RiM2RmZTBlMDp7Il9zZXNzaW9uX2V4cGlyeSI6MCwiX2F1dGhfdXNlcl9iYWNrZW5kIjoiYWNjb3VudC5hdXRoX2JhY2tlbmRzLlVzZXJuYW1lQXV0aGVudGljYXRpb25CYWNrZW5kIiwiX2F1dGhfdXNlcl9pZCI6MzJ9','2014-09-03 01:43:20'),('pn8qnqylpq1qzclazfc9vls74pcxnwv4','NzA2ZmUwNDM5OTgwYTJlNzNiZTMyYmU2NmVkOGYwNWZkOWM1MzkzNzp7Il9hdXRoX3VzZXJfaGFzaCI6IjI4NjhlOTBjY2Q2NmQwNjZiODJjYjVkZDE3N2E1MzQ1OTM5MzY3ZWMiLCJfYXV0aF91c2VyX2JhY2tlbmQiOiJhY2NvdW50LmF1dGhfYmFja2VuZHMuVXNlcm5hbWVBdXRoZW50aWNhdGlvbkJhY2tlbmQiLCJfYXV0aF91c2VyX2lkIjo4fQ==','2015-06-25 02:43:56'),('pqvstdcxuz9n3foiyksg1a6tadg7dp0z','ZDkyZjQyYjFhZTM5NTc1MTlmZWMzNWFkNmI0ODZjZTAyNjRkM2NjMzp7Il9zZXNzaW9uX2V4cGlyeSI6MzE1MzYwMDAwLCJfYXV0aF91c2VyX2JhY2tlbmQiOiJhY2NvdW50LmF1dGhfYmFja2VuZHMuVXNlcm5hbWVBdXRoZW50aWNhdGlvbkJhY2tlbmQiLCJfYXV0aF91c2VyX2lkIjoxMn0=','2024-08-11 11:25:43'),('pvhqp6soiriwutivxql05ps8kij9wrxm','NjM0MWZiZmZlOWJlODlhOWQ1OGFhMTU3YTFiOWRlYTVhMWIyNmEwODp7Il9zZXNzaW9uX2V4cGlyeSI6MzE1MzYwMDAwLCJfYXV0aF91c2VyX2hhc2giOiIxMDFiMWVlYzAwNGNlNTg4MmE3YjZmODRhY2U4MzJlZTQzMDhiNTU1IiwiX2F1dGhfdXNlcl9iYWNrZW5kIjoiYWNjb3VudC5hdXRoX2JhY2tlbmRzLlVzZXJuYW1lQXV0aGVudGljYXRpb25CYWNrZW5kIiwiX2F1dGhfdXNlcl9pZCI6IjEifQ==','2026-03-21 12:22:41'),('q0ngilkbmv1i6ppxuduydtj7nqot56y0','YTM5MzEzNmVmODk1MjcxNzAyZGNmNjAyYjg5MTcxZGZiZTI3YTU4ODp7Il9zZXNzaW9uX2V4cGlyeSI6MzE1MzYwMDAwLCJfYXV0aF91c2VyX2JhY2tlbmQiOiJhY2NvdW50LmF1dGhfYmFja2VuZHMuVXNlcm5hbWVBdXRoZW50aWNhdGlvbkJhY2tlbmQiLCJfYXV0aF91c2VyX2lkIjoxN30=','2024-08-01 03:31:07'),('q3j078uxngodk3i71rkr9iz7f8y4azo5','OTU2NDg2MzRkZTlhNjA0NmQ5ZmJmMGI1ZjMwNGViYmNlNWQ5OGRjZTp7fQ==','2015-03-30 17:35:28'),('q4dubtyq0cjf6tb7kxcaetxydtquq2hw','NjZkNzAwMmE4Yjc0MGE3NzA0MWFlN2YwYWVkZWIyNzVlZjYwZDQ0Mjp7Il9hdXRoX3VzZXJfYmFja2VuZCI6ImFjY291bnQuYXV0aF9iYWNrZW5kcy5Vc2VybmFtZUF1dGhlbnRpY2F0aW9uQmFja2VuZCIsIl9hdXRoX3VzZXJfaWQiOjU1fQ==','2014-09-20 15:10:32'),('q7pou0m81ixgwd3c5q7vso8q5rr6hjlo','NzA2ZmUwNDM5OTgwYTJlNzNiZTMyYmU2NmVkOGYwNWZkOWM1MzkzNzp7Il9hdXRoX3VzZXJfaGFzaCI6IjI4NjhlOTBjY2Q2NmQwNjZiODJjYjVkZDE3N2E1MzQ1OTM5MzY3ZWMiLCJfYXV0aF91c2VyX2JhY2tlbmQiOiJhY2NvdW50LmF1dGhfYmFja2VuZHMuVXNlcm5hbWVBdXRoZW50aWNhdGlvbkJhY2tlbmQiLCJfYXV0aF91c2VyX2lkIjo4fQ==','2015-09-03 11:36:26'),('q8msp1r7m0f1s57tpcgcnk8xl4vabx7h','YmQyZDcyNzY4NjA2YjQ1YTFmNjNiY2VmNThkMGYzOWUzMGJmNmQ2ZTp7Il9zZXNzaW9uX2V4cGlyeSI6MCwiX2F1dGhfdXNlcl9iYWNrZW5kIjoiYWNjb3VudC5hdXRoX2JhY2tlbmRzLlVzZXJuYW1lQXV0aGVudGljYXRpb25CYWNrZW5kIiwiX2F1dGhfdXNlcl9pZCI6MX0=','2014-09-06 00:24:14'),('q8vl4adamyv88ssbmhgoj2jphupdmcid','YzcxNjY5ODUwYWJjZmY0NzY5YTRhMTNmZGM5Yzc4MzhlY2IzYmQ5Zjp7Il9zZXNzaW9uX2V4cGlyeSI6MCwiX2F1dGhfdXNlcl9oYXNoIjoiN2QwMzdjODhiZDlhMTQ1ODY2MThlNmM0ZWE0YWJhMDdhOTBhMjlmZSIsIl9hdXRoX3VzZXJfYmFja2VuZCI6ImFjY291bnQuYXV0aF9iYWNrZW5kcy5Vc2VybmFtZUF1dGhlbnRpY2F0aW9uQmFja2VuZCIsIl9hdXRoX3VzZXJfaWQiOiI2MSJ9','2016-04-13 03:48:42'),('qarl0vxmi5b96yqz348q6dlwldtpw5sd','Y2Q2N2I4MzBmZmIxMzc5MjNkODkyOGQ2MTkxNjlhOTFiODllYmRhMzp7Il9zZXNzaW9uX2V4cGlyeSI6MCwiX2F1dGhfdXNlcl9oYXNoIjoiMjg2OGU5MGNjZDY2ZDA2NmI4MmNiNWRkMTc3YTUzNDU5MzkzNjdlYyIsIl9hdXRoX3VzZXJfYmFja2VuZCI6ImFjY291bnQuYXV0aF9iYWNrZW5kcy5Vc2VybmFtZUF1dGhlbnRpY2F0aW9uQmFja2VuZCIsIl9hdXRoX3VzZXJfaWQiOjh9','2015-05-21 17:16:11'),('qmndd9uzs8448ki8ybgvxehe7kj0y8ms','ZDVhZDAyYzE2ZmM3NWIxMzhiZDU3ZWNkZDMwZWM1YzkxYTA5MzI2Yzp7Il9zZXNzaW9uX2V4cGlyeSI6MzE1MzYwMDAwLCJfYXV0aF91c2VyX2hhc2giOiIzMzYyMjZjZTUzZTE1YzQ5OTIzMTYwNmQwMjU2ZTY3NGI2ZTg5ZGZlIiwiX2F1dGhfdXNlcl9iYWNrZW5kIjoiYWNjb3VudC5hdXRoX2JhY2tlbmRzLlVzZXJuYW1lQXV0aGVudGljYXRpb25CYWNrZW5kIiwiX2F1dGhfdXNlcl9pZCI6MTB9','2025-04-24 03:15:25'),('qn6361fjdkeuqvl2ilaq1f0b6hug2476','MDMyNThhYjE4N2UzOGFmZWU4MzYwZmE5NmY4N2FkYTg0ZjEwYzNiNjp7Il9zZXNzaW9uX2V4cGlyeSI6MCwiX2F1dGhfdXNlcl9oYXNoIjoiODIzMjFhOTZiNzNlZDA5OWIwNGY0ZGYzYWZmOGU4YzQ1NmU0MDdlMiIsIl9hdXRoX3VzZXJfYmFja2VuZCI6ImFjY291bnQuYXV0aF9iYWNrZW5kcy5Vc2VybmFtZUF1dGhlbnRpY2F0aW9uQmFja2VuZCIsIl9hdXRoX3VzZXJfaWQiOjQ4fQ==','2015-05-21 02:02:09'),('qpkyx7tb8c4ol9zjly0dzwfrx6a821m5','MDMyNThhYjE4N2UzOGFmZWU4MzYwZmE5NmY4N2FkYTg0ZjEwYzNiNjp7Il9zZXNzaW9uX2V4cGlyeSI6MCwiX2F1dGhfdXNlcl9oYXNoIjoiODIzMjFhOTZiNzNlZDA5OWIwNGY0ZGYzYWZmOGU4YzQ1NmU0MDdlMiIsIl9hdXRoX3VzZXJfYmFja2VuZCI6ImFjY291bnQuYXV0aF9iYWNrZW5kcy5Vc2VybmFtZUF1dGhlbnRpY2F0aW9uQmFja2VuZCIsIl9hdXRoX3VzZXJfaWQiOjQ4fQ==','2015-05-11 11:17:57'),('qrqexz0uncyyk07m4452yax2xbkeoow7','NmQ0YjMyYjYyOGQ4Y2E2NDA3NTgwNjViOGU0ZDZmNjY2YTNkYWRmNTp7Il9zZXNzaW9uX2V4cGlyeSI6MzE1MzYwMDAwLCJfYXV0aF91c2VyX2JhY2tlbmQiOiJhY2NvdW50LmF1dGhfYmFja2VuZHMuVXNlcm5hbWVBdXRoZW50aWNhdGlvbkJhY2tlbmQiLCJfYXV0aF91c2VyX2lkIjoxfQ==','2024-08-26 19:39:59'),('r37p8x1m2glvvpmipcquf4t6kn99donf','MDMyNThhYjE4N2UzOGFmZWU4MzYwZmE5NmY4N2FkYTg0ZjEwYzNiNjp7Il9zZXNzaW9uX2V4cGlyeSI6MCwiX2F1dGhfdXNlcl9oYXNoIjoiODIzMjFhOTZiNzNlZDA5OWIwNGY0ZGYzYWZmOGU4YzQ1NmU0MDdlMiIsIl9hdXRoX3VzZXJfYmFja2VuZCI6ImFjY291bnQuYXV0aF9iYWNrZW5kcy5Vc2VybmFtZUF1dGhlbnRpY2F0aW9uQmFja2VuZCIsIl9hdXRoX3VzZXJfaWQiOjQ4fQ==','2015-09-18 17:02:39'),('r449oa20ge4u3mlen8gr7tdtdukn1td8','N2M4MDNkNDc4ZDg0M2UyMDRiMDIzZGU4NTYyMDkwOGU2OGQ0MGZiMTp7Il9zZXNzaW9uX2V4cGlyeSI6MCwiX2F1dGhfdXNlcl9oYXNoIjoiMzg0MTRhMjA0NTFmOGQxODg1N2U3M2YwOGNhYzUzZmViOThmMDFlOSIsIl9hdXRoX3VzZXJfYmFja2VuZCI6ImFjY291bnQuYXV0aF9iYWNrZW5kcy5Vc2VybmFtZUF1dGhlbnRpY2F0aW9uQmFja2VuZCIsIl9hdXRoX3VzZXJfaWQiOiI1MyJ9','2016-04-10 11:37:53'),('r6i07l2ydy1ovzipiksvfdr0h1itjkwu','MmZlOWM0OWU1OTFmZGI4NjBiYWVkOGIzOTYyNjk4ZTRhYTgyNDZkNDp7Il9zZXNzaW9uX2V4cGlyeSI6MCwiX2F1dGhfdXNlcl9iYWNrZW5kIjoiYWNjb3VudC5hdXRoX2JhY2tlbmRzLlVzZXJuYW1lQXV0aGVudGljYXRpb25CYWNrZW5kIiwiX2F1dGhfdXNlcl9pZCI6MjZ9','2014-09-14 15:59:23'),('ram51ju349zals81844lw4ytmr88hv9m','YTI3NzY1YzljYjkyMDVhMzU1OWFlMDdiN2Q0NzhhMWY0NTJiZjc2YTp7Il9hdXRoX3VzZXJfaGFzaCI6IjhlMzE1ZDZkYzU3N2JiOWE2MTBhYTJmOGU1ZDI4YWMxODVlNDgwMDAiLCJfYXV0aF91c2VyX2JhY2tlbmQiOiJhY2NvdW50LmF1dGhfYmFja2VuZHMuVXNlcm5hbWVBdXRoZW50aWNhdGlvbkJhY2tlbmQiLCJfYXV0aF91c2VyX2lkIjoiOCJ9','2016-04-13 00:31:32'),('rawruw6f3m0c3t3nttv55dyheswt20fq','OGZjNzA2MDliMmJjNTliMDM1NmY5OWI1NmQwZWVhYWYxMjM2ZDliMDp7Il9zZXNzaW9uX2V4cGlyeSI6MCwiX2F1dGhfdXNlcl9oYXNoIjoiMTA1OTUzM2VjYWE1M2I2MzIyMGRhNmE2OTIzNWU3Y2VmZGM1M2RmYiIsIl9hdXRoX3VzZXJfYmFja2VuZCI6ImFjY291bnQuYXV0aF9iYWNrZW5kcy5Vc2VybmFtZUF1dGhlbnRpY2F0aW9uQmFja2VuZCIsIl9hdXRoX3VzZXJfaWQiOjl9','2015-03-31 03:04:05'),('rdirqki7qlmy07ei6i8jetha85lpxmyg','Y2Q2N2I4MzBmZmIxMzc5MjNkODkyOGQ2MTkxNjlhOTFiODllYmRhMzp7Il9zZXNzaW9uX2V4cGlyeSI6MCwiX2F1dGhfdXNlcl9oYXNoIjoiMjg2OGU5MGNjZDY2ZDA2NmI4MmNiNWRkMTc3YTUzNDU5MzkzNjdlYyIsIl9hdXRoX3VzZXJfYmFja2VuZCI6ImFjY291bnQuYXV0aF9iYWNrZW5kcy5Vc2VybmFtZUF1dGhlbnRpY2F0aW9uQmFja2VuZCIsIl9hdXRoX3VzZXJfaWQiOjh9','2015-05-01 13:10:26'),('rjfawun5ea85x18pc8x9gof66p8lbtt6','NmEzZmQ5ZmFlMmQyZmYzOWU3ZTM4YjNlZTIzYjUwNjExYzdlYzBjMDp7Il9hdXRoX3VzZXJfaGFzaCI6IjYxNzFmYjRlYjQxZmM3NjZjYTBkNmRkODYxZDIzMjc5MDIyZDU5NzciLCJfYXV0aF91c2VyX2JhY2tlbmQiOiJhY2NvdW50LmF1dGhfYmFja2VuZHMuVXNlcm5hbWVBdXRoZW50aWNhdGlvbkJhY2tlbmQiLCJfYXV0aF91c2VyX2lkIjoiNjMifQ==','2016-04-09 23:17:04'),('rqmmpeygemahxurx9s5vqntbn6j5a4li','NjM0MWZiZmZlOWJlODlhOWQ1OGFhMTU3YTFiOWRlYTVhMWIyNmEwODp7Il9zZXNzaW9uX2V4cGlyeSI6MzE1MzYwMDAwLCJfYXV0aF91c2VyX2hhc2giOiIxMDFiMWVlYzAwNGNlNTg4MmE3YjZmODRhY2U4MzJlZTQzMDhiNTU1IiwiX2F1dGhfdXNlcl9iYWNrZW5kIjoiYWNjb3VudC5hdXRoX2JhY2tlbmRzLlVzZXJuYW1lQXV0aGVudGljYXRpb25CYWNrZW5kIiwiX2F1dGhfdXNlcl9pZCI6IjEifQ==','2026-03-13 11:53:37'),('ru1cdf7e5k8wj2w06wlgwey3siyaba78','NmQ0YjMyYjYyOGQ4Y2E2NDA3NTgwNjViOGU0ZDZmNjY2YTNkYWRmNTp7Il9zZXNzaW9uX2V4cGlyeSI6MzE1MzYwMDAwLCJfYXV0aF91c2VyX2JhY2tlbmQiOiJhY2NvdW50LmF1dGhfYmFja2VuZHMuVXNlcm5hbWVBdXRoZW50aWNhdGlvbkJhY2tlbmQiLCJfYXV0aF91c2VyX2lkIjoxfQ==','2024-07-31 19:41:03'),('rwbazyhbwq41yvsi3d9sp6xb2lmwz8xl','ODQ5YzZmMGUzNWIxNDA3YTg0NmEzN2I5ZTQ3ZmNkZmEwOWY2MDEwNTp7Il9zZXNzaW9uX2V4cGlyeSI6MCwiX2F1dGhfdXNlcl9oYXNoIjoiOGUzMTVkNmRjNTc3YmI5YTYxMGFhMmY4ZTVkMjhhYzE4NWU0ODAwMCIsIl9hdXRoX3VzZXJfYmFja2VuZCI6ImFjY291bnQuYXV0aF9iYWNrZW5kcy5Vc2VybmFtZUF1dGhlbnRpY2F0aW9uQmFja2VuZCIsIl9hdXRoX3VzZXJfaWQiOiI4In0=','2016-04-19 17:24:57'),('rwbz2j6isxheyr7hbzrtzvwzdt5dlj9a','OGQwNjJmZjlkZjdhZDQyZWUyMTBkMDZmNjk5NzBhNzBkN2FiY2RkYTp7Il9zZXNzaW9uX2V4cGlyeSI6MzE1MzYwMDAwLCJfYXV0aF91c2VyX2hhc2giOiIzMmE5NzdmMzU3NTJiMDEzODQ4ODQzNGUyYWNiZjg0NjkzZTlkMWNhIiwiX2F1dGhfdXNlcl9iYWNrZW5kIjoiYWNjb3VudC5hdXRoX2JhY2tlbmRzLlVzZXJuYW1lQXV0aGVudGljYXRpb25CYWNrZW5kIiwiX2F1dGhfdXNlcl9pZCI6MX0=','2025-03-20 15:15:09'),('rylgm6p36sba2hsdy88n4htp6brnl6y0','ODZhMzJhOTU4YWQ3M2FhOTZmZjJmNzk5MTFmOWY4YzRlMWNmY2YzZjp7Il9zZXNzaW9uX2V4cGlyeSI6MCwiX2F1dGhfdXNlcl9iYWNrZW5kIjoiYWNjb3VudC5hdXRoX2JhY2tlbmRzLlVzZXJuYW1lQXV0aGVudGljYXRpb25CYWNrZW5kIiwiX2F1dGhfdXNlcl9pZCI6MjR9','2014-08-29 04:07:19'),('sb7orl2my59ak3km60a2d52k45ukeoea','NzA2ZmUwNDM5OTgwYTJlNzNiZTMyYmU2NmVkOGYwNWZkOWM1MzkzNzp7Il9hdXRoX3VzZXJfaGFzaCI6IjI4NjhlOTBjY2Q2NmQwNjZiODJjYjVkZDE3N2E1MzQ1OTM5MzY3ZWMiLCJfYXV0aF91c2VyX2JhY2tlbmQiOiJhY2NvdW50LmF1dGhfYmFja2VuZHMuVXNlcm5hbWVBdXRoZW50aWNhdGlvbkJhY2tlbmQiLCJfYXV0aF91c2VyX2lkIjo4fQ==','2015-10-01 16:39:57'),('smpv5jim796rt080jruxqudxl323it6j','MzM5NDFlMTkxZjc0ZmY3OGJkNDM2NmVlNjIyNzAwNjU1ZTg3M2M1NTp7Il9hdXRoX3VzZXJfaGFzaCI6ImYyMDgyNjQ3NjBiYmNkNDVhMzQzNmVjODM4MzAwZTlmNTkzODdkYzEiLCJfYXV0aF91c2VyX2JhY2tlbmQiOiJhY2NvdW50LmF1dGhfYmFja2VuZHMuVXNlcm5hbWVBdXRoZW50aWNhdGlvbkJhY2tlbmQiLCJfYXV0aF91c2VyX2lkIjoxfQ==','2015-02-07 22:19:13'),('srk73hhqfoe72sghlf6vtmdtvf8joobr','Y2Q2N2I4MzBmZmIxMzc5MjNkODkyOGQ2MTkxNjlhOTFiODllYmRhMzp7Il9zZXNzaW9uX2V4cGlyeSI6MCwiX2F1dGhfdXNlcl9oYXNoIjoiMjg2OGU5MGNjZDY2ZDA2NmI4MmNiNWRkMTc3YTUzNDU5MzkzNjdlYyIsIl9hdXRoX3VzZXJfYmFja2VuZCI6ImFjY291bnQuYXV0aF9iYWNrZW5kcy5Vc2VybmFtZUF1dGhlbnRpY2F0aW9uQmFja2VuZCIsIl9hdXRoX3VzZXJfaWQiOjh9','2015-06-02 17:44:52'),('srkgbd4enuxwwna3b3q8id088mj9uen5','YTJhMzVmZTAwMThkYTljMjI1MjE0MjkxM2MxMGQyNzljMTNjMGQ2ZDp7Il9zZXNzaW9uX2V4cGlyeSI6MCwiX2F1dGhfdXNlcl9oYXNoIjoiZWY1YjE2MjU2ZDMyZDJhNTZmNjJlYTc5MzQ3YjUyYjFjNjY0NDFjYSIsIl9hdXRoX3VzZXJfYmFja2VuZCI6ImFjY291bnQuYXV0aF9iYWNrZW5kcy5Vc2VybmFtZUF1dGhlbnRpY2F0aW9uQmFja2VuZCIsIl9hdXRoX3VzZXJfaWQiOjYxfQ==','2015-06-12 03:20:33'),('styqyb5bositgzkebdwh15zvabo31h32','NTJmNWYzNjU4NjNlYmZjZGY2ZGVmZDMwNmY1NDg4MGFlYzQ3MGZiNDp7Il9zZXNzaW9uX2V4cGlyeSI6MCwiX2F1dGhfdXNlcl9iYWNrZW5kIjoiYWNjb3VudC5hdXRoX2JhY2tlbmRzLlVzZXJuYW1lQXV0aGVudGljYXRpb25CYWNrZW5kIiwiX2F1dGhfdXNlcl9pZCI6Mzd9','2014-08-26 20:01:25'),('su3kovr2z3i3vvs1a5z614qmuskm5ppk','ZmY2NjY0ZmE2OWY5NjBlZGU0ZTFhOTZmMmFmZGJjYzBmMDg5MzllYjp7Il9zZXNzaW9uX2V4cGlyeSI6MCwiX2F1dGhfdXNlcl9iYWNrZW5kIjoiYWNjb3VudC5hdXRoX2JhY2tlbmRzLlVzZXJuYW1lQXV0aGVudGljYXRpb25CYWNrZW5kIiwiX2F1dGhfdXNlcl9pZCI6Mjl9','2014-08-18 00:19:35'),('t037or9crpi3axas2xw4e7nmdlf8emm7','ODJjYTYwZDkyOTZjMzVhYTViZDJhN2ViMjM1ZGI4YjhjMGQwMGRmYzp7Il9zZXNzaW9uX2V4cGlyeSI6MCwiX2F1dGhfdXNlcl9iYWNrZW5kIjoiYWNjb3VudC5hdXRoX2JhY2tlbmRzLlVzZXJuYW1lQXV0aGVudGljYXRpb25CYWNrZW5kIiwiX2F1dGhfdXNlcl9pZCI6NDh9','2014-08-25 23:42:40'),('t9n68s6eep1rg9ioj9f7doadv1a02aiy','YzAxNTU1YmE0YTBiYmJkYWYzNTIwNTBjODBjMTU1ZjlmMjVkMjM0Nzp7Il9zZXNzaW9uX2V4cGlyeSI6MzE1MzYwMDAwLCJfYXV0aF91c2VyX2hhc2giOiJlMDA3YjAxMTNjNzdiMGY1ZDBmNTNiMDY3ZDViMzQxYmNmZTQxMDUyIiwiX2F1dGhfdXNlcl9iYWNrZW5kIjoiYWNjb3VudC5hdXRoX2JhY2tlbmRzLlVzZXJuYW1lQXV0aGVudGljYXRpb25CYWNrZW5kIiwiX2F1dGhfdXNlcl9pZCI6IjY0In0=','2026-03-21 17:47:03'),('td41c18c06ecyp10rh4x8amvv2nd5k8a','Yzc2NzEzYjBiNTE3YWRiMjRjMmJiMTNhM2UxOGIwYjU2MzAzNWM0Mzp7Il9zZXNzaW9uX2V4cGlyeSI6MzE1MzYwMDAwLCJfYXV0aF91c2VyX2hhc2giOiI1YWRmYzI5OGQ5YmVjNDIzNjZjZWI2ZWNhNDljZDdjYTdmMDlhNzNkIiwiX2F1dGhfdXNlcl9iYWNrZW5kIjoiYWNjb3VudC5hdXRoX2JhY2tlbmRzLlVzZXJuYW1lQXV0aGVudGljYXRpb25CYWNrZW5kIiwiX2F1dGhfdXNlcl9pZCI6MTh9','2025-03-13 17:59:10'),('tds9mxstvd7p1viwlii26969f42p1yzy','NmQ0YjMyYjYyOGQ4Y2E2NDA3NTgwNjViOGU0ZDZmNjY2YTNkYWRmNTp7Il9zZXNzaW9uX2V4cGlyeSI6MzE1MzYwMDAwLCJfYXV0aF91c2VyX2JhY2tlbmQiOiJhY2NvdW50LmF1dGhfYmFja2VuZHMuVXNlcm5hbWVBdXRoZW50aWNhdGlvbkJhY2tlbmQiLCJfYXV0aF91c2VyX2lkIjoxfQ==','2023-11-11 02:02:03'),('tgfba5sduzbfz6yz18ckltrsk99qoxiq','OTU2NDg2MzRkZTlhNjA0NmQ5ZmJmMGI1ZjMwNGViYmNlNWQ5OGRjZTp7fQ==','2015-05-30 04:14:17'),('tm2rb9ftayz320gjpvra1437gr5b9c67','YTJhMzVmZTAwMThkYTljMjI1MjE0MjkxM2MxMGQyNzljMTNjMGQ2ZDp7Il9zZXNzaW9uX2V4cGlyeSI6MCwiX2F1dGhfdXNlcl9oYXNoIjoiZWY1YjE2MjU2ZDMyZDJhNTZmNjJlYTc5MzQ3YjUyYjFjNjY0NDFjYSIsIl9hdXRoX3VzZXJfYmFja2VuZCI6ImFjY291bnQuYXV0aF9iYWNrZW5kcy5Vc2VybmFtZUF1dGhlbnRpY2F0aW9uQmFja2VuZCIsIl9hdXRoX3VzZXJfaWQiOjYxfQ==','2015-06-24 03:10:19'),('tsfrtw5oi9dgrxv6si6ij4vmhwlldcv0','YzAxNTU1YmE0YTBiYmJkYWYzNTIwNTBjODBjMTU1ZjlmMjVkMjM0Nzp7Il9zZXNzaW9uX2V4cGlyeSI6MzE1MzYwMDAwLCJfYXV0aF91c2VyX2hhc2giOiJlMDA3YjAxMTNjNzdiMGY1ZDBmNTNiMDY3ZDViMzQxYmNmZTQxMDUyIiwiX2F1dGhfdXNlcl9iYWNrZW5kIjoiYWNjb3VudC5hdXRoX2JhY2tlbmRzLlVzZXJuYW1lQXV0aGVudGljYXRpb25CYWNrZW5kIiwiX2F1dGhfdXNlcl9pZCI6IjY0In0=','2026-03-30 03:06:11'),('ttyizxsqnmjxhe2j7g3hs4p20k08sf2t','YjUwMTRlZDZjNjQ2MGU0NjhjMjI0OWFlMWQyZTFjOTgzNzZlZjUyYjp7Il9zZXNzaW9uX2V4cGlyeSI6MCwiX2F1dGhfdXNlcl9oYXNoIjoiMTRkMWEyYTA0ZjkxYjk4Mzk5MzY5ODA5ZjA3MzVhNzA2ODczYzAxMyIsIl9hdXRoX3VzZXJfYmFja2VuZCI6ImFjY291bnQuYXV0aF9iYWNrZW5kcy5Vc2VybmFtZUF1dGhlbnRpY2F0aW9uQmFja2VuZCIsIl9hdXRoX3VzZXJfaWQiOjQ1fQ==','2015-05-12 18:09:42'),('tw2eve5rrdq0u3nvy1twqv34ybd9vt83','ODJjYTYwZDkyOTZjMzVhYTViZDJhN2ViMjM1ZGI4YjhjMGQwMGRmYzp7Il9zZXNzaW9uX2V4cGlyeSI6MCwiX2F1dGhfdXNlcl9iYWNrZW5kIjoiYWNjb3VudC5hdXRoX2JhY2tlbmRzLlVzZXJuYW1lQXV0aGVudGljYXRpb25CYWNrZW5kIiwiX2F1dGhfdXNlcl9pZCI6NDh9','2014-08-29 12:46:41'),('twgkamh1qkju2tlvosta4djaqsalg20w','MmI2OWM1OGE2ZDRkMzQ1M2I2NzE4NDYxYzYxYzczY2I1NGE2ZGI0Yzp7Il9zZXNzaW9uX2V4cGlyeSI6MzE1MzYwMDAwLCJfYXV0aF91c2VyX2hhc2giOiJkZGMxN2YxYjhkZjU0MjU0YzhmY2VhZmUwMzY2Yjc4ZWRjMTMyNGRlIiwiX2F1dGhfdXNlcl9iYWNrZW5kIjoiYWNjb3VudC5hdXRoX2JhY2tlbmRzLlVzZXJuYW1lQXV0aGVudGljYXRpb25CYWNrZW5kIiwiX2F1dGhfdXNlcl9pZCI6IjE4In0=','2026-03-26 02:36:16'),('u0i0gmbc8878whik9gl032agyu52nt7z','ZDkyZjQyYjFhZTM5NTc1MTlmZWMzNWFkNmI0ODZjZTAyNjRkM2NjMzp7Il9zZXNzaW9uX2V4cGlyeSI6MzE1MzYwMDAwLCJfYXV0aF91c2VyX2JhY2tlbmQiOiJhY2NvdW50LmF1dGhfYmFja2VuZHMuVXNlcm5hbWVBdXRoZW50aWNhdGlvbkJhY2tlbmQiLCJfYXV0aF91c2VyX2lkIjoxMn0=','2024-08-11 12:59:08'),('u20dxwgtxgj7ygcnf9q0io9og3wnniy3','ZmMwMzE4ZWE4NjM3ODQwNjY0ODhkNzMxOGYzMjBlMjU0MWExZjAzMTp7Il9zZXNzaW9uX2V4cGlyeSI6MCwiX2F1dGhfdXNlcl9oYXNoIjoiZmZmZTYyZmFmM2Q0ZTUwYWYyYzUyMTNhOGJmN2FjNmJlMmRmYWIzYSIsIl9hdXRoX3VzZXJfYmFja2VuZCI6ImFjY291bnQuYXV0aF9iYWNrZW5kcy5Vc2VybmFtZUF1dGhlbnRpY2F0aW9uQmFja2VuZCIsIl9hdXRoX3VzZXJfaWQiOjI1fQ==','2015-09-03 12:57:48'),('u2nqn134qheua0id5p5kzlljoqsqhuri','Mzg0MWVjYzc2YTRkODg5NjVlY2M0ZmEwMDM4YzIyZjM3NDgxM2JjZTp7Il9zZXNzaW9uX2V4cGlyeSI6MCwiX2F1dGhfdXNlcl9oYXNoIjoiMzhmNDFhZTdjYTFmNmRhZmVkYjUwZmJlNzUwZmZkYTliN2Y2MzJkOSIsIl9hdXRoX3VzZXJfYmFja2VuZCI6ImFjY291bnQuYXV0aF9iYWNrZW5kcy5Vc2VybmFtZUF1dGhlbnRpY2F0aW9uQmFja2VuZCIsIl9hdXRoX3VzZXJfaWQiOiIyMSJ9','2016-04-20 01:22:52'),('u9n5fbwcebs6e4i5b7wjt9za9v4xj0ur','Y2Q2N2I4MzBmZmIxMzc5MjNkODkyOGQ2MTkxNjlhOTFiODllYmRhMzp7Il9zZXNzaW9uX2V4cGlyeSI6MCwiX2F1dGhfdXNlcl9oYXNoIjoiMjg2OGU5MGNjZDY2ZDA2NmI4MmNiNWRkMTc3YTUzNDU5MzkzNjdlYyIsIl9hdXRoX3VzZXJfYmFja2VuZCI6ImFjY291bnQuYXV0aF9iYWNrZW5kcy5Vc2VybmFtZUF1dGhlbnRpY2F0aW9uQmFja2VuZCIsIl9hdXRoX3VzZXJfaWQiOjh9','2015-05-05 16:37:46'),('ub5vy6v7iiidqk9k4405jonpdo9kcjvq','MDdhNDI2MTkzMjRjMjAwMDAxMjQwM2MwMDMwZjA1M2RlY2ExNjZjNjp7Il9zZXNzaW9uX2V4cGlyeSI6MCwiX2F1dGhfdXNlcl9oYXNoIjoiZjFkZjMyMTc4NWM5Y2Y4MWM4MDkxMjZmMGY4MDg0NjAzYmVjMzVjZSIsIl9hdXRoX3VzZXJfYmFja2VuZCI6ImFjY291bnQuYXV0aF9iYWNrZW5kcy5Vc2VybmFtZUF1dGhlbnRpY2F0aW9uQmFja2VuZCIsIl9hdXRoX3VzZXJfaWQiOjU5fQ==','2015-04-08 19:44:09'),('ubkrmrzilg4hqlx4tfe0pqvdo7zczqhs','YjU5MTkyYjU1ZGNjYzQ5MmM4MmIwMzM5OTMxZTFiNTAzYjU1Yjg4NDp7Il9hdXRoX3VzZXJfYmFja2VuZCI6ImFjY291bnQuYXV0aF9iYWNrZW5kcy5Vc2VybmFtZUF1dGhlbnRpY2F0aW9uQmFja2VuZCIsIl9hdXRoX3VzZXJfaWQiOjQ4fQ==','2014-09-13 19:21:04'),('ubneyyzk0ad5tzose8k2bxqe8vlf38sl','ZmM0MjAzYmVkNzg3YjU3MzE1MzhiMzU4NjNkMDg5OTU2OGFhMjFhMTp7Il9zZXNzaW9uX2V4cGlyeSI6MCwiX2F1dGhfdXNlcl9oYXNoIjoiYWU4ZTI2NmM3M2E4YzA4Zjg3MDVlNmFhMjYyMWI0NGZiZDlkY2Q3ZiIsIl9hdXRoX3VzZXJfYmFja2VuZCI6ImFjY291bnQuYXV0aF9iYWNrZW5kcy5Vc2VybmFtZUF1dGhlbnRpY2F0aW9uQmFja2VuZCIsIl9hdXRoX3VzZXJfaWQiOiIzMyJ9','2016-04-08 14:18:22'),('ufdmshow0blalmbm16irogev8g2uznja','YzUzMWE1MDcxYzM4MjQyOWMzMzg4NDg0OTg2OGZjMTI1MzhlZGQ2YTp7Il9zZXNzaW9uX2V4cGlyeSI6MzE1MzYwMDAwLCJfYXV0aF91c2VyX2hhc2giOiI0OTk0NGNhNGUyNWI0YzhlOTc5ZTExMTkwZjBhYjhhOGNjODQwMDI5IiwiX2F1dGhfdXNlcl9iYWNrZW5kIjoiYWNjb3VudC5hdXRoX2JhY2tlbmRzLlVzZXJuYW1lQXV0aGVudGljYXRpb25CYWNrZW5kIiwiX2F1dGhfdXNlcl9pZCI6MTN9','2025-03-28 09:12:56'),('uol5dpoht903irl58u60xz1j0qf8lh2a','OTU2NDg2MzRkZTlhNjA0NmQ5ZmJmMGI1ZjMwNGViYmNlNWQ5OGRjZTp7fQ==','2015-05-26 04:46:31'),('utlw2pt7lttq61opn1c974rtapw2cb5p','YTM5MzEzNmVmODk1MjcxNzAyZGNmNjAyYjg5MTcxZGZiZTI3YTU4ODp7Il9zZXNzaW9uX2V4cGlyeSI6MzE1MzYwMDAwLCJfYXV0aF91c2VyX2JhY2tlbmQiOiJhY2NvdW50LmF1dGhfYmFja2VuZHMuVXNlcm5hbWVBdXRoZW50aWNhdGlvbkJhY2tlbmQiLCJfYXV0aF91c2VyX2lkIjoxN30=','2024-07-28 00:09:06'),('uwcdv95ip8aicyp08dyvyk1bf7cysvuh','Y2Q2N2I4MzBmZmIxMzc5MjNkODkyOGQ2MTkxNjlhOTFiODllYmRhMzp7Il9zZXNzaW9uX2V4cGlyeSI6MCwiX2F1dGhfdXNlcl9oYXNoIjoiMjg2OGU5MGNjZDY2ZDA2NmI4MmNiNWRkMTc3YTUzNDU5MzkzNjdlYyIsIl9hdXRoX3VzZXJfYmFja2VuZCI6ImFjY291bnQuYXV0aF9iYWNrZW5kcy5Vc2VybmFtZUF1dGhlbnRpY2F0aW9uQmFja2VuZCIsIl9hdXRoX3VzZXJfaWQiOjh9','2015-05-24 13:28:10'),('v02pmo5l3bkklhyi1tl4xq5w71rtha6w','OTU2NDg2MzRkZTlhNjA0NmQ5ZmJmMGI1ZjMwNGViYmNlNWQ5OGRjZTp7fQ==','2015-04-06 02:42:08'),('v4ygnmo1ohdvfmycfvdnk704wt67iont','OTU2NDg2MzRkZTlhNjA0NmQ5ZmJmMGI1ZjMwNGViYmNlNWQ5OGRjZTp7fQ==','2015-03-31 11:37:43'),('v5meom0z9jjfi432mzmkxn10akyp7iob','N2U0M2E0Y2YzMDc0ODJlYjBmN2FjMDU2MjY3MTBmNWJkN2FkN2U5NDp7Il9zZXNzaW9uX2V4cGlyeSI6MCwiX2F1dGhfdXNlcl9iYWNrZW5kIjoiYWNjb3VudC5hdXRoX2JhY2tlbmRzLlVzZXJuYW1lQXV0aGVudGljYXRpb25CYWNrZW5kIiwiX2F1dGhfdXNlcl9pZCI6OX0=','2014-08-22 01:33:41'),('va4ywl6os6xoqw63snzdokgvajbu2pp4','MWZjNjE1MjczOGIzN2UwNzVjODI0ODU1ZTUxZjU0ZmRiNmJiNTdiYjp7Il9zZXNzaW9uX2V4cGlyeSI6MzE1MzYwMDAwLCJfYXV0aF91c2VyX2hhc2giOiI2ZTZiNmViYTNkYjBjYzk1ZDIwYTE1YmFiNDNlMTI1OGZjZDg2YmM2IiwiX2F1dGhfdXNlcl9iYWNrZW5kIjoiYWNjb3VudC5hdXRoX2JhY2tlbmRzLlVzZXJuYW1lQXV0aGVudGljYXRpb25CYWNrZW5kIiwiX2F1dGhfdXNlcl9pZCI6IjU1In0=','2026-04-02 20:25:54'),('ve9r5xzf5gebuyygamrqnubu2sjhtzcy','MDMxNzI0ZjQzYWYyMjIxYzg5MzdkODhkYjM5ZDA3YzQ3MzFjZmRlNzp7Il9zZXNzaW9uX2V4cGlyeSI6MCwiX2F1dGhfdXNlcl9iYWNrZW5kIjoiZGphbmdvLmNvbnRyaWIuYXV0aC5iYWNrZW5kcy5Nb2RlbEJhY2tlbmQiLCJfYXV0aF91c2VyX2lkIjo1Nn0=','2014-08-14 14:43:55'),('vh4p7e2qhxp5xtj0ijpkv482xsq7ym6l','NDUzMTM1M2RkYzEyYzAyZjBjY2NjNDZhMDY0ZTA5MTUyMmY3NTFjODp7Il9hdXRoX3VzZXJfaGFzaCI6IjMyYTk3N2YzNTc1MmIwMTM4NDg4NDM0ZTJhY2JmODQ2OTNlOWQxY2EiLCJfYXV0aF91c2VyX2JhY2tlbmQiOiJhY2NvdW50LmF1dGhfYmFja2VuZHMuVXNlcm5hbWVBdXRoZW50aWNhdGlvbkJhY2tlbmQiLCJfYXV0aF91c2VyX2lkIjoxfQ==','2015-10-05 00:37:44'),('vi4jksyqj8wurl1uh1i5rlwsfc78sdkk','NzA2ZmUwNDM5OTgwYTJlNzNiZTMyYmU2NmVkOGYwNWZkOWM1MzkzNzp7Il9hdXRoX3VzZXJfaGFzaCI6IjI4NjhlOTBjY2Q2NmQwNjZiODJjYjVkZDE3N2E1MzQ1OTM5MzY3ZWMiLCJfYXV0aF91c2VyX2JhY2tlbmQiOiJhY2NvdW50LmF1dGhfYmFja2VuZHMuVXNlcm5hbWVBdXRoZW50aWNhdGlvbkJhY2tlbmQiLCJfYXV0aF91c2VyX2lkIjo4fQ==','2015-09-29 15:50:46'),('vign9yfirrewbc23i3r4clvdu4p0mzs8','NTI0MmFlZmJmZDRiYjdiZGUyODJlZDhjN2IxOTQwYzIzZjg4N2RhODp7Il9zZXNzaW9uX2V4cGlyeSI6MzE1MzYwMDAwLCJfYXV0aF91c2VyX2hhc2giOiIzOGY0MWFlN2NhMWY2ZGFmZWRiNTBmYmU3NTBmZmRhOWI3ZjYzMmQ5IiwiX2F1dGhfdXNlcl9iYWNrZW5kIjoiYWNjb3VudC5hdXRoX2JhY2tlbmRzLlVzZXJuYW1lQXV0aGVudGljYXRpb25CYWNrZW5kIiwiX2F1dGhfdXNlcl9pZCI6IjIxIn0=','2026-03-21 10:20:30'),('vjgqf0yikgofzke129pmb4j1ish9a0wb','Y2Q2N2I4MzBmZmIxMzc5MjNkODkyOGQ2MTkxNjlhOTFiODllYmRhMzp7Il9zZXNzaW9uX2V4cGlyeSI6MCwiX2F1dGhfdXNlcl9oYXNoIjoiMjg2OGU5MGNjZDY2ZDA2NmI4MmNiNWRkMTc3YTUzNDU5MzkzNjdlYyIsIl9hdXRoX3VzZXJfYmFja2VuZCI6ImFjY291bnQuYXV0aF9iYWNrZW5kcy5Vc2VybmFtZUF1dGhlbnRpY2F0aW9uQmFja2VuZCIsIl9hdXRoX3VzZXJfaWQiOjh9','2015-03-01 19:26:51'),('vk83xqbnoicxnn0qa8j424ibn6pejqyl','ZTljNmI5ZGRmYzZmODgxNWZhY2VhYzNlZTNmYmIzNTUwNmYxNDMzMzp7Il9zZXNzaW9uX2V4cGlyeSI6MCwiX2F1dGhfdXNlcl9iYWNrZW5kIjoiYWNjb3VudC5hdXRoX2JhY2tlbmRzLlVzZXJuYW1lQXV0aGVudGljYXRpb25CYWNrZW5kIiwiX2F1dGhfdXNlcl9pZCI6MjB9','2014-09-07 23:38:40'),('vlbob0m95h7zpaxm3mz7vz6bk9jhcpnx','NmQzMjFiYTQzYmNjNGVlY2VkNzg5ZWYzY2I5ZWNlMGRlMDIxYzE2OTp7Il9zZXNzaW9uX2V4cGlyeSI6MCwiX2F1dGhfdXNlcl9oYXNoIjoiNzkwNDk3MzY2ZjY0ZWNhNzM2M2EwZTI1MjUyMDk0NWI1MjgwMzc4OCIsIl9hdXRoX3VzZXJfYmFja2VuZCI6ImFjY291bnQuYXV0aF9iYWNrZW5kcy5Vc2VybmFtZUF1dGhlbnRpY2F0aW9uQmFja2VuZCIsIl9hdXRoX3VzZXJfaWQiOiI3MCJ9','2016-04-15 00:51:12'),('vthy625cr8d3ggi0mfia69apfb749449','M2E0ZmFkZTVjODQ4ZDZmMjg2MmM3Mzk4ZjE1MzUwMjJhZjc3YzJiOTp7Il9zZXNzaW9uX2V4cGlyeSI6MCwiX2F1dGhfdXNlcl9oYXNoIjoiMzM2MjI2Y2U1M2UxNWM0OTkyMzE2MDZkMDI1NmU2NzRiNmU4OWRmZSIsIl9hdXRoX3VzZXJfYmFja2VuZCI6ImFjY291bnQuYXV0aF9iYWNrZW5kcy5Vc2VybmFtZUF1dGhlbnRpY2F0aW9uQmFja2VuZCIsIl9hdXRoX3VzZXJfaWQiOjEwfQ==','2015-05-04 02:55:04'),('w2ym1273eu7opke0jb2zdmp06h8lg1k6','Y2Q2N2I4MzBmZmIxMzc5MjNkODkyOGQ2MTkxNjlhOTFiODllYmRhMzp7Il9zZXNzaW9uX2V4cGlyeSI6MCwiX2F1dGhfdXNlcl9oYXNoIjoiMjg2OGU5MGNjZDY2ZDA2NmI4MmNiNWRkMTc3YTUzNDU5MzkzNjdlYyIsIl9hdXRoX3VzZXJfYmFja2VuZCI6ImFjY291bnQuYXV0aF9iYWNrZW5kcy5Vc2VybmFtZUF1dGhlbnRpY2F0aW9uQmFja2VuZCIsIl9hdXRoX3VzZXJfaWQiOjh9','2015-09-03 14:51:43'),('w39ci0ke8tmh9vomj7hoa1hyeefc6yqh','MDMyNThhYjE4N2UzOGFmZWU4MzYwZmE5NmY4N2FkYTg0ZjEwYzNiNjp7Il9zZXNzaW9uX2V4cGlyeSI6MCwiX2F1dGhfdXNlcl9oYXNoIjoiODIzMjFhOTZiNzNlZDA5OWIwNGY0ZGYzYWZmOGU4YzQ1NmU0MDdlMiIsIl9hdXRoX3VzZXJfYmFja2VuZCI6ImFjY291bnQuYXV0aF9iYWNrZW5kcy5Vc2VybmFtZUF1dGhlbnRpY2F0aW9uQmFja2VuZCIsIl9hdXRoX3VzZXJfaWQiOjQ4fQ==','2015-03-31 01:31:04'),('wcmg8bz3ajzcqlakymorlbktxnjvst7e','N2U0M2E0Y2YzMDc0ODJlYjBmN2FjMDU2MjY3MTBmNWJkN2FkN2U5NDp7Il9zZXNzaW9uX2V4cGlyeSI6MCwiX2F1dGhfdXNlcl9iYWNrZW5kIjoiYWNjb3VudC5hdXRoX2JhY2tlbmRzLlVzZXJuYW1lQXV0aGVudGljYXRpb25CYWNrZW5kIiwiX2F1dGhfdXNlcl9pZCI6OX0=','2014-09-21 23:53:34'),('wf3t15kjaw4h4uk11ia1khm4c3mihb58','NDA0NzY3NjQ5MGVkN2E1NWE2ZjY2MDk3MDllOWQ2MjM4ZTg3M2MxNTp7Il9hdXRoX3VzZXJfaGFzaCI6IjZmMzBiYmY3YjJkNDUwZWI1NDdjNzVhYTBjZjIyMTM0NWQ4YmY1MDMiLCJfYXV0aF91c2VyX2JhY2tlbmQiOiJhY2NvdW50LmF1dGhfYmFja2VuZHMuVXNlcm5hbWVBdXRoZW50aWNhdGlvbkJhY2tlbmQiLCJfYXV0aF91c2VyX2lkIjo1M30=','2015-04-12 14:19:04'),('wft5th7pwbwlsin20krq9k98xbg1bdmt','NmRjNWM2ODA1MTc3NDE2ZmQzZDEyNTdmOGM4ZmNkN2I3ZGU1NmY3ZDp7Il9hdXRoX3VzZXJfaGFzaCI6ImIwY2NhY2E0NzFiNmQ0NTUwMWQ4YWMxM2RiYzE3YjdjNDk5YmIwYTgiLCJfYXV0aF91c2VyX2JhY2tlbmQiOiJhY2NvdW50LmF1dGhfYmFja2VuZHMuVXNlcm5hbWVBdXRoZW50aWNhdGlvbkJhY2tlbmQiLCJfYXV0aF91c2VyX2lkIjoiMTkifQ==','2016-04-10 23:05:23'),('wgzg9js2yi248gzu6chn6yzfp1y95lh9','ODJjYTYwZDkyOTZjMzVhYTViZDJhN2ViMjM1ZGI4YjhjMGQwMGRmYzp7Il9zZXNzaW9uX2V4cGlyeSI6MCwiX2F1dGhfdXNlcl9iYWNrZW5kIjoiYWNjb3VudC5hdXRoX2JhY2tlbmRzLlVzZXJuYW1lQXV0aGVudGljYXRpb25CYWNrZW5kIiwiX2F1dGhfdXNlcl9pZCI6NDh9','2014-08-24 23:08:34'),('wjubv2s9zi8f4bbei3f2yjdga0bmivtd','NjlmYjRkYWYzYzc5NDI2YjYwYWY1OTIzMTYwOGI4ZDVmNTZhYWQyNjp7Il9zZXNzaW9uX2V4cGlyeSI6MCwiX2F1dGhfdXNlcl9oYXNoIjoiNDJkYTJhZWEyZmU0ZDcxOTRlYmE5ZDcwNGE3MzUxMmY3OTNmZTU3ZiIsIl9hdXRoX3VzZXJfYmFja2VuZCI6ImFjY291bnQuYXV0aF9iYWNrZW5kcy5Vc2VybmFtZUF1dGhlbnRpY2F0aW9uQmFja2VuZCIsIl9hdXRoX3VzZXJfaWQiOiI2NSJ9','2016-04-12 12:41:41'),('wjwspo1fv7qoq4gzq6ij22854dljjo8j','MTJhMjNiODVkODA1MDYyMDQ5NWRhNTk3ODI4ZjFhN2IyMDE3NjMxYjp7Il9zZXNzaW9uX2V4cGlyeSI6MzE1MzYwMDAwLCJfYXV0aF91c2VyX2hhc2giOiIwM2UzYjIyZWFhNzI2MmMzZmQ1MWYwMmFlZGNhOWM0OGM4ODE5NDRiIiwiX2F1dGhfdXNlcl9iYWNrZW5kIjoiYWNjb3VudC5hdXRoX2JhY2tlbmRzLlVzZXJuYW1lQXV0aGVudGljYXRpb25CYWNrZW5kIiwiX2F1dGhfdXNlcl9pZCI6MTd9','2025-04-17 16:16:49'),('wk7mpx00q5elfima4ugdsdavq1huxdmz','ODJjYTYwZDkyOTZjMzVhYTViZDJhN2ViMjM1ZGI4YjhjMGQwMGRmYzp7Il9zZXNzaW9uX2V4cGlyeSI6MCwiX2F1dGhfdXNlcl9iYWNrZW5kIjoiYWNjb3VudC5hdXRoX2JhY2tlbmRzLlVzZXJuYW1lQXV0aGVudGljYXRpb25CYWNrZW5kIiwiX2F1dGhfdXNlcl9pZCI6NDh9','2014-09-09 12:25:20'),('wqbn1k4dpny3w5tuwfqvhg6jy9dpt1kp','ZThhZDdhZGViZjBmYWIzZTkwNTEzZThkNmVlNGU0YjViOGQzNzQ3YTp7Il9zZXNzaW9uX2V4cGlyeSI6MzE1MzYwMDAwLCJfYXV0aF91c2VyX2JhY2tlbmQiOiJhY2NvdW50LmF1dGhfYmFja2VuZHMuVXNlcm5hbWVBdXRoZW50aWNhdGlvbkJhY2tlbmQiLCJfYXV0aF91c2VyX2lkIjoyMH0=','2024-08-26 00:08:50'),('wz2tbfcxippmkzfgo200b5g87auypb8g','YTEyZmQzZmQ1MDUyYjE3MTQyMzU2Yzk0OGU0ZTgyN2ZkNzEzNjhhNjp7Il9zZXNzaW9uX2V4cGlyeSI6MzE1MzYwMDAwLCJfYXV0aF91c2VyX2hhc2giOiIxY2EzMjlkOWI0ZGU5YmYwYTc5OWUxNjY0OWQ5MWQ4NzZiM2ViMzc2IiwiX2F1dGhfdXNlcl9iYWNrZW5kIjoiYWNjb3VudC5hdXRoX2JhY2tlbmRzLlVzZXJuYW1lQXV0aGVudGljYXRpb25CYWNrZW5kIiwiX2F1dGhfdXNlcl9pZCI6MTF9','2025-03-26 17:18:03'),('x0fb0x0idgiir1sb0vq588s2gr98n77d','MmU2MDlkMTcwODc4ODkxOTc4MGFkMmFiZGIwYmQwZTk4MWUzMzQyMTp7Il9zZXNzaW9uX2V4cGlyeSI6MCwiX2F1dGhfdXNlcl9oYXNoIjoiNzA5ZmRkNjQyNDZkNmY1MTY2ODg2MTgwZWY4ZWVjODU5ODE3NzQwOSIsIl9hdXRoX3VzZXJfYmFja2VuZCI6ImFjY291bnQuYXV0aF9iYWNrZW5kcy5Vc2VybmFtZUF1dGhlbnRpY2F0aW9uQmFja2VuZCIsIl9hdXRoX3VzZXJfaWQiOiIyNSJ9','2016-04-13 03:10:20'),('x3m3ucr6ygg3a2hx24qip43q44quu3xz','NzJjMTgzODY4NjE2NjA1YjQ1NGViNjA5Y2NmYzY2MzgyNDExMjgwODp7Il9hdXRoX3VzZXJfaWQiOjU4LCJfYXV0aF91c2VyX2hhc2giOiJiNGQ0MTJjYWVhZmQzZDgzZWQyYmUxNDdjNDkyMjk4ZTE5ZDg2ODI0IiwiX2F1dGhfdXNlcl9iYWNrZW5kIjoiYWNjb3VudC5hdXRoX2JhY2tlbmRzLlVzZXJuYW1lQXV0aGVudGljYXRpb25CYWNrZW5kIiwiX3Nlc3Npb25fZXhwaXJ5IjozMTUzNjAwMDB9','2025-03-13 22:41:44'),('x3x62p8tgkme2bp9dxgeebnmc2l51jua','NjZkNzAwMmE4Yjc0MGE3NzA0MWFlN2YwYWVkZWIyNzVlZjYwZDQ0Mjp7Il9hdXRoX3VzZXJfYmFja2VuZCI6ImFjY291bnQuYXV0aF9iYWNrZW5kcy5Vc2VybmFtZUF1dGhlbnRpY2F0aW9uQmFja2VuZCIsIl9hdXRoX3VzZXJfaWQiOjU1fQ==','2014-08-19 01:39:25'),('x5jm0mzt9royojna41ge82nbzz7il321','OTU2NDg2MzRkZTlhNjA0NmQ5ZmJmMGI1ZjMwNGViYmNlNWQ5OGRjZTp7fQ==','2015-02-26 03:48:48'),('x6x5il624f532mycxoibjt01cqylqtwe','YTQ2ODMzMWNmMDE0ZGNmYzQxMTMyYzk4ZDEzY2Q0NjhmZDA2NWRhOTp7Il9zZXNzaW9uX2V4cGlyeSI6MCwiX2F1dGhfdXNlcl9oYXNoIjoiYjBjY2FjYTQ3MWI2ZDQ1NTAxZDhhYzEzZGJjMTdiN2M0OTliYjBhOCIsIl9hdXRoX3VzZXJfYmFja2VuZCI6ImFjY291bnQuYXV0aF9iYWNrZW5kcy5Vc2VybmFtZUF1dGhlbnRpY2F0aW9uQmFja2VuZCIsIl9hdXRoX3VzZXJfaWQiOiIxOSJ9','2016-04-20 02:31:27'),('x7aaxgn74jlogmpgxwh4idc7m3iybdid','N2U2YTNmYWFhODE1MjNhOTU0OGNjMmI4ZGYwMTdiMDUyMzVmM2JmMjp7Il9zZXNzaW9uX2V4cGlyeSI6MCwiX2F1dGhfdXNlcl9oYXNoIjoiMzc1YzkxMzY0OTljMTRmYzg3MTk5Y2VjNjlmNjYzODhlYWE2MTAwZiIsIl9hdXRoX3VzZXJfYmFja2VuZCI6ImFjY291bnQuYXV0aF9iYWNrZW5kcy5Vc2VybmFtZUF1dGhlbnRpY2F0aW9uQmFja2VuZCIsIl9hdXRoX3VzZXJfaWQiOjIzfQ==','2015-05-04 00:42:00'),('x8ovp7samclm2vm4ll7rdosux6s47by6','Y2YyNmIxZDYzNGZkMzZjZGExYzUzYmM4MDEzZGNmMWE3M2I4YmNlODp7Il9zZXNzaW9uX2V4cGlyeSI6MCwiX2F1dGhfdXNlcl9oYXNoIjoiN2Y2MzhjMDFiMTliZjYzMjZlZmMxNDYxMDlmZWNjNGJiYjg2YWY5NSIsIl9hdXRoX3VzZXJfYmFja2VuZCI6ImFjY291bnQuYXV0aF9iYWNrZW5kcy5Vc2VybmFtZUF1dGhlbnRpY2F0aW9uQmFja2VuZCIsIl9hdXRoX3VzZXJfaWQiOiIxIn0=','2016-04-08 16:28:09'),('xa6mg2opf1iz97eatkbntf9hhn02vhwx','MDI5ZTg3ZWE1M2FkZTAwZjQxZGQxOTAxYzk2NjVhNzVlZDE5NWFhMzp7Il9zZXNzaW9uX2V4cGlyeSI6MCwiX2F1dGhfdXNlcl9oYXNoIjoiMzJhOTc3ZjM1NzUyYjAxMzg0ODg0MzRlMmFjYmY4NDY5M2U5ZDFjYSIsIl9hdXRoX3VzZXJfYmFja2VuZCI6ImFjY291bnQuYXV0aF9iYWNrZW5kcy5Vc2VybmFtZUF1dGhlbnRpY2F0aW9uQmFja2VuZCIsIl9hdXRoX3VzZXJfaWQiOjF9','2015-02-27 14:32:23'),('xcbrwxh1nil3kbj70n5xua4r6k0ods5o','YmMzMzE0OTgwMDNlNTVkNTA0OGFiYWNjMDliYTg3NGJjM2MyMTg3Nzp7Il9zZXNzaW9uX2V4cGlyeSI6MCwiX2F1dGhfdXNlcl9oYXNoIjoiNjdlYzI3YTZmMDM4YTlhODk2NjM3YzdmMDgyZWI2OTM1MThjZGRlYSIsIl9hdXRoX3VzZXJfYmFja2VuZCI6ImFjY291bnQuYXV0aF9iYWNrZW5kcy5Vc2VybmFtZUF1dGhlbnRpY2F0aW9uQmFja2VuZCIsIl9hdXRoX3VzZXJfaWQiOjQ3fQ==','2015-05-31 17:00:59'),('xdyuv3e753hocn0ybc75cxcpl91ypcgd','YzBmYzFmMTQ3MTdjZjQzODc1OWFiMTNjMzVhMGFiNjI0NmNlYjVkYzp7Il9hdXRoX3VzZXJfaGFzaCI6IjYwNGNkMWM4YmVlYmM1YWNjOWJmYjllNzE3ZjA5ZjhkZTIxNGYwMWEiLCJfYXV0aF91c2VyX2JhY2tlbmQiOiJhY2NvdW50LmF1dGhfYmFja2VuZHMuVXNlcm5hbWVBdXRoZW50aWNhdGlvbkJhY2tlbmQiLCJfYXV0aF91c2VyX2lkIjo1NX0=','2015-05-05 09:35:16'),('xg0ub8ao98z4ewbsjwolvm31sqfc7akx','Y2Q2N2I4MzBmZmIxMzc5MjNkODkyOGQ2MTkxNjlhOTFiODllYmRhMzp7Il9zZXNzaW9uX2V4cGlyeSI6MCwiX2F1dGhfdXNlcl9oYXNoIjoiMjg2OGU5MGNjZDY2ZDA2NmI4MmNiNWRkMTc3YTUzNDU5MzkzNjdlYyIsIl9hdXRoX3VzZXJfYmFja2VuZCI6ImFjY291bnQuYXV0aF9iYWNrZW5kcy5Vc2VybmFtZUF1dGhlbnRpY2F0aW9uQmFja2VuZCIsIl9hdXRoX3VzZXJfaWQiOjh9','2015-05-04 14:02:22'),('xqo1653uuqbtwbafskh9h8myfhkeu7uj','NGJmMTY5MmZmMjdjZDY4MTA0ZjQ4YTQzNTA1NWFjNzA1NGFkODhhYTp7Il9zZXNzaW9uX2V4cGlyeSI6MCwiX2F1dGhfdXNlcl9oYXNoIjoiNzZjZDUxNjY4MThlOWQ2OWY3ZTA1OTAyMTQzNzhiMTlkZDM1YWI0OCIsIl9hdXRoX3VzZXJfaWQiOiI4IiwiX2F1dGhfdXNlcl9iYWNrZW5kIjoiYWNjb3VudC5hdXRoX2JhY2tlbmRzLlVzZXJuYW1lQXV0aGVudGljYXRpb25CYWNrZW5kIn0=','2016-04-21 16:58:33'),('xuqofb5xphvk5eehujsvjcxmajyitkvv','YmMzMzE0OTgwMDNlNTVkNTA0OGFiYWNjMDliYTg3NGJjM2MyMTg3Nzp7Il9zZXNzaW9uX2V4cGlyeSI6MCwiX2F1dGhfdXNlcl9oYXNoIjoiNjdlYzI3YTZmMDM4YTlhODk2NjM3YzdmMDgyZWI2OTM1MThjZGRlYSIsIl9hdXRoX3VzZXJfYmFja2VuZCI6ImFjY291bnQuYXV0aF9iYWNrZW5kcy5Vc2VybmFtZUF1dGhlbnRpY2F0aW9uQmFja2VuZCIsIl9hdXRoX3VzZXJfaWQiOjQ3fQ==','2015-09-11 02:45:47'),('xv7bzgi4v6sdz27ldesdgkim61ml5czg','ZmYwYmU4ZjNjNDQ4OGQ1YmU4MzJlMjVkZDUwMGM5Yjc3MWM3MjU4NDp7Il9zZXNzaW9uX2V4cGlyeSI6MzE1MzYwMDAwLCJfYXV0aF91c2VyX2JhY2tlbmQiOiJhY2NvdW50LmF1dGhfYmFja2VuZHMuVXNlcm5hbWVBdXRoZW50aWNhdGlvbkJhY2tlbmQiLCJfYXV0aF91c2VyX2lkIjo0OH0=','2024-08-25 02:06:13'),('y1v4sgy5cqdj5saufw7bsxltnwufir49','Y2Y5YzliMDZlMjQxYmMxZDM3ZjM4OWJkNmMzNTgyN2Q0NzBlZTk3MDp7Il9zZXNzaW9uX2V4cGlyeSI6MCwiX2F1dGhfdXNlcl9oYXNoIjoiMmQxOGFjMzkxZTc0YjBiZDk5MDlkOTQ0OTczYjY3YTAwYWM4ZmE3NyIsIl9hdXRoX3VzZXJfYmFja2VuZCI6ImFjY291bnQuYXV0aF9iYWNrZW5kcy5Vc2VybmFtZUF1dGhlbnRpY2F0aW9uQmFja2VuZCIsIl9hdXRoX3VzZXJfaWQiOjQ2fQ==','2015-02-25 23:33:03'),('y5ya8s3236qk9wbzf6t2maxngikvw40z','NjNlMTdjYzJhYmE1Njc2ODlkNjM5MThjMTdiMjA5ZGY3OTM4ZDdiYzp7Il9zZXNzaW9uX2V4cGlyeSI6MzE1MzYwMDAwLCJfYXV0aF91c2VyX2hhc2giOiI4MTQ0ZjhkNTVhY2VkZDI3MmU0ZTBjYjA1YWIxYzFlYjYwZjc4YjBkIiwiX2F1dGhfdXNlcl9iYWNrZW5kIjoiYWNjb3VudC5hdXRoX2JhY2tlbmRzLlVzZXJuYW1lQXV0aGVudGljYXRpb25CYWNrZW5kIiwiX2F1dGhfdXNlcl9pZCI6MTJ9','2025-05-27 15:23:01'),('ycq1sbjyq183ao2w3v390xl3zjghvd7u','MjZlNzkxNzQzZDgyMGUzNGNjOTE2NjY2ZWQ3MTdmNTJiMGJiMDk1ODp7Il9zZXNzaW9uX2V4cGlyeSI6MCwiX2F1dGhfdXNlcl9iYWNrZW5kIjoiYWNjb3VudC5hdXRoX2JhY2tlbmRzLlVzZXJuYW1lQXV0aGVudGljYXRpb25CYWNrZW5kIiwiX2F1dGhfdXNlcl9pZCI6MTJ9','2014-09-02 12:38:26'),('yen0bq8rk1ddfe5mk7k7u4bn9yybxd0w','NjZkNzAwMmE4Yjc0MGE3NzA0MWFlN2YwYWVkZWIyNzVlZjYwZDQ0Mjp7Il9hdXRoX3VzZXJfYmFja2VuZCI6ImFjY291bnQuYXV0aF9iYWNrZW5kcy5Vc2VybmFtZUF1dGhlbnRpY2F0aW9uQmFja2VuZCIsIl9hdXRoX3VzZXJfaWQiOjU1fQ==','2014-10-03 01:18:47'),('yglhbb12wb9q3nbnmv3bpvlv7ngktozt','Y2Q2N2I4MzBmZmIxMzc5MjNkODkyOGQ2MTkxNjlhOTFiODllYmRhMzp7Il9zZXNzaW9uX2V4cGlyeSI6MCwiX2F1dGhfdXNlcl9oYXNoIjoiMjg2OGU5MGNjZDY2ZDA2NmI4MmNiNWRkMTc3YTUzNDU5MzkzNjdlYyIsIl9hdXRoX3VzZXJfYmFja2VuZCI6ImFjY291bnQuYXV0aF9iYWNrZW5kcy5Vc2VybmFtZUF1dGhlbnRpY2F0aW9uQmFja2VuZCIsIl9hdXRoX3VzZXJfaWQiOjh9','2015-09-23 10:16:20'),('yh7mkn0pd8d4hnp8skzguxu2czkv4oj3','ZjYwNTMwYjlkMGYyNjNkNzc3MzJlZTFmNDA1ODU1NTA1NzNhMzAwNzp7Il9zZXNzaW9uX2V4cGlyeSI6MCwiX2F1dGhfdXNlcl9iYWNrZW5kIjoiYWNjb3VudC5hdXRoX2JhY2tlbmRzLlVzZXJuYW1lQXV0aGVudGljYXRpb25CYWNrZW5kIiwiX2F1dGhfdXNlcl9pZCI6OH0=','2014-09-11 03:25:34'),('ylv8jwu99rrv2pgcr0x14qye3o6asg27','OTU2NDg2MzRkZTlhNjA0NmQ5ZmJmMGI1ZjMwNGViYmNlNWQ5OGRjZTp7fQ==','2014-08-21 12:02:59'),('ymwhooasdzcwcv8agow9ern36zbnes13','YmQyZDcyNzY4NjA2YjQ1YTFmNjNiY2VmNThkMGYzOWUzMGJmNmQ2ZTp7Il9zZXNzaW9uX2V4cGlyeSI6MCwiX2F1dGhfdXNlcl9iYWNrZW5kIjoiYWNjb3VudC5hdXRoX2JhY2tlbmRzLlVzZXJuYW1lQXV0aGVudGljYXRpb25CYWNrZW5kIiwiX2F1dGhfdXNlcl9pZCI6MX0=','2014-10-15 04:04:15'),('yv3l3np9xtfrv0n4rafijnb4ifrjl136','MjA0ODJhZGRmYmZhYzVjMWRjZmIwMzFmZGYwMjlmYTlmM2U3YjBkZjp7Il9hdXRoX3VzZXJfaGFzaCI6IjM0N2U2Y2UwMGJjYTU1ZGM4OGMxZGZiNDMxZDk3NDA5ODE0YWU5ZjQiLCJfYXV0aF91c2VyX2JhY2tlbmQiOiJhY2NvdW50LmF1dGhfYmFja2VuZHMuVXNlcm5hbWVBdXRoZW50aWNhdGlvbkJhY2tlbmQiLCJfYXV0aF91c2VyX2lkIjoyOX0=','2015-05-21 02:51:30'),('z35py6z2muzuviaqykejkznrvpm75jlv','YjJmZGMwNzgyMDU3OTEzOGU2NjkzNDIwMWEwY2U4MDVlMTFjM2JiZjp7Il9zZXNzaW9uX2V4cGlyeSI6MCwiX2F1dGhfdXNlcl9oYXNoIjoiMWNhMzI5ZDliNGRlOWJmMGE3OTllMTY2NDlkOTFkODc2YjNlYjM3NiIsIl9hdXRoX3VzZXJfYmFja2VuZCI6ImFjY291bnQuYXV0aF9iYWNrZW5kcy5Vc2VybmFtZUF1dGhlbnRpY2F0aW9uQmFja2VuZCIsIl9hdXRoX3VzZXJfaWQiOjExfQ==','2015-05-04 01:56:08'),('z3ba2n0dcwv4dcl9txpib1czfyoax9cj','YmQyZDcyNzY4NjA2YjQ1YTFmNjNiY2VmNThkMGYzOWUzMGJmNmQ2ZTp7Il9zZXNzaW9uX2V4cGlyeSI6MCwiX2F1dGhfdXNlcl9iYWNrZW5kIjoiYWNjb3VudC5hdXRoX2JhY2tlbmRzLlVzZXJuYW1lQXV0aGVudGljYXRpb25CYWNrZW5kIiwiX2F1dGhfdXNlcl9pZCI6MX0=','2014-08-24 19:43:16'),('z4lz0530qkjiseqj57ewmzyqn4nizbkf','ZThlMWM2OWI0MDE2NDAyMzI0YzZmY2UzYmQ5NjA1NzU1NDg4Yzg1OTp7Il9zZXNzaW9uX2V4cGlyeSI6MCwiX2F1dGhfdXNlcl9oYXNoIjoiMjA1Mjk2MzVjOTljYzEwZjkwY2ZkZDUwNTQyYTQ3ODdlM2M5NGEyMiIsIl9hdXRoX3VzZXJfYmFja2VuZCI6ImFjY291bnQuYXV0aF9iYWNrZW5kcy5Vc2VybmFtZUF1dGhlbnRpY2F0aW9uQmFja2VuZCIsIl9hdXRoX3VzZXJfaWQiOiIxNCJ9','2016-04-20 09:15:35'),('z76gb56q0twcv29el2jba80w554jp0bf','NTJmNWYzNjU4NjNlYmZjZGY2ZGVmZDMwNmY1NDg4MGFlYzQ3MGZiNDp7Il9zZXNzaW9uX2V4cGlyeSI6MCwiX2F1dGhfdXNlcl9iYWNrZW5kIjoiYWNjb3VudC5hdXRoX2JhY2tlbmRzLlVzZXJuYW1lQXV0aGVudGljYXRpb25CYWNrZW5kIiwiX2F1dGhfdXNlcl9pZCI6Mzd9','2014-08-25 01:07:10'),('z8zkisu2y34zj7orqzy5asyaalv08mn0','MmFiNmYzMTZmZWI3N2RiMDA0MWU2MTc0M2Q1MzVjODVmZmE2MTU4MDp7Il9zZXNzaW9uX2V4cGlyeSI6MzE1MzYwMDAwLCJfYXV0aF91c2VyX2JhY2tlbmQiOiJhY2NvdW50LmF1dGhfYmFja2VuZHMuVXNlcm5hbWVBdXRoZW50aWNhdGlvbkJhY2tlbmQiLCJfYXV0aF91c2VyX2lkIjo1NH0=','2024-08-02 03:16:56'),('zbn5npmk97ur87b13wb6doh4jgftz3ki','MmU2MDlkMTcwODc4ODkxOTc4MGFkMmFiZGIwYmQwZTk4MWUzMzQyMTp7Il9zZXNzaW9uX2V4cGlyeSI6MCwiX2F1dGhfdXNlcl9oYXNoIjoiNzA5ZmRkNjQyNDZkNmY1MTY2ODg2MTgwZWY4ZWVjODU5ODE3NzQwOSIsIl9hdXRoX3VzZXJfYmFja2VuZCI6ImFjY291bnQuYXV0aF9iYWNrZW5kcy5Vc2VybmFtZUF1dGhlbnRpY2F0aW9uQmFja2VuZCIsIl9hdXRoX3VzZXJfaWQiOiIyNSJ9','2016-04-06 11:54:52'),('zbtrtribojxsrsrralwhxgdyhzbxre0b','NmEzZmQ5ZmFlMmQyZmYzOWU3ZTM4YjNlZTIzYjUwNjExYzdlYzBjMDp7Il9hdXRoX3VzZXJfaGFzaCI6IjYxNzFmYjRlYjQxZmM3NjZjYTBkNmRkODYxZDIzMjc5MDIyZDU5NzciLCJfYXV0aF91c2VyX2JhY2tlbmQiOiJhY2NvdW50LmF1dGhfYmFja2VuZHMuVXNlcm5hbWVBdXRoZW50aWNhdGlvbkJhY2tlbmQiLCJfYXV0aF91c2VyX2lkIjoiNjMifQ==','2016-04-02 20:39:16'),('zdgzukjb0css6wc88bg5js3qzmn47ina','MTE4Mzg0NjllZGI1OTdlMzJkNWI3NDUyYWJjNjU0NDYzZDJmMjU4Nzp7Il9zZXNzaW9uX2V4cGlyeSI6MCwiX2F1dGhfdXNlcl9iYWNrZW5kIjoiYWNjb3VudC5hdXRoX2JhY2tlbmRzLlVzZXJuYW1lQXV0aGVudGljYXRpb25CYWNrZW5kIiwiX2F1dGhfdXNlcl9pZCI6NTZ9','2014-08-14 14:48:05'),('zkp4ud0chud1feuibjg924uurgi7inli','YmMzMzE0OTgwMDNlNTVkNTA0OGFiYWNjMDliYTg3NGJjM2MyMTg3Nzp7Il9zZXNzaW9uX2V4cGlyeSI6MCwiX2F1dGhfdXNlcl9oYXNoIjoiNjdlYzI3YTZmMDM4YTlhODk2NjM3YzdmMDgyZWI2OTM1MThjZGRlYSIsIl9hdXRoX3VzZXJfYmFja2VuZCI6ImFjY291bnQuYXV0aF9iYWNrZW5kcy5Vc2VybmFtZUF1dGhlbnRpY2F0aW9uQmFja2VuZCIsIl9hdXRoX3VzZXJfaWQiOjQ3fQ==','2015-05-31 21:38:35'),('zleooctvs9gj955bfbkaaa5iweqmagly','ODNhYjVhMWJhNTVlZDQ1MjAzMjg2MjZjNjg3NTU4Njg4YTRiMWE4Yzp7Il9hdXRoX3VzZXJfaGFzaCI6ImEyMWQwMGQwNmQ4ODAxNjQ3M2IzYjY1Njc0NjA3NThlMDQ3NmVhNjkiLCJfYXV0aF91c2VyX2JhY2tlbmQiOiJhY2NvdW50LmF1dGhfYmFja2VuZHMuVXNlcm5hbWVBdXRoZW50aWNhdGlvbkJhY2tlbmQiLCJfYXV0aF91c2VyX2lkIjoiMSJ9','2016-04-18 18:34:47'),('znrs0utl7nhvr1gtuzl1d9yolz3i9et1','MTc2NWEyOTY4Y2M0OWI1ZmFiNWQ3MzdkNDQxY2FhMzJhZDY3MTZiNjp7Il9hdXRoX3VzZXJfaWQiOjYyLCJfYXV0aF91c2VyX2hhc2giOiIwOWQwYmZjMDk4YWJmZGI2MmM0ZTM4ZTMxZWZkOTc1NDgwZTVmMjUzIiwiX2F1dGhfdXNlcl9iYWNrZW5kIjoiYWNjb3VudC5hdXRoX2JhY2tlbmRzLlVzZXJuYW1lQXV0aGVudGljYXRpb25CYWNrZW5kIiwiX3Nlc3Npb25fZXhwaXJ5IjowfQ==','2015-05-20 00:13:16'),('zsuirhjqcqinmxa0jk4bz4x0b5xd7fo9','OGQwNjJmZjlkZjdhZDQyZWUyMTBkMDZmNjk5NzBhNzBkN2FiY2RkYTp7Il9zZXNzaW9uX2V4cGlyeSI6MzE1MzYwMDAwLCJfYXV0aF91c2VyX2hhc2giOiIzMmE5NzdmMzU3NTJiMDEzODQ4ODQzNGUyYWNiZjg0NjkzZTlkMWNhIiwiX2F1dGhfdXNlcl9iYWNrZW5kIjoiYWNjb3VudC5hdXRoX2JhY2tlbmRzLlVzZXJuYW1lQXV0aGVudGljYXRpb25CYWNrZW5kIiwiX2F1dGhfdXNlcl9pZCI6MX0=','2025-08-17 12:15:53'),('zuddnh52h9s5zz06ie7ctaikm970otth','ZGMzZWNjOWJmMGU3ZjU5NzRiYWRjNzkzNWU0YTU3ZmUyY2Q2NDIxOTp7Il9zZXNzaW9uX2V4cGlyeSI6MCwiX2F1dGhfdXNlcl9iYWNrZW5kIjoiYWNjb3VudC5hdXRoX2JhY2tlbmRzLlVzZXJuYW1lQXV0aGVudGljYXRpb25CYWNrZW5kIiwiX2F1dGhfdXNlcl9pZCI6NDl9','2014-08-16 04:50:26'),('zus1m8axa42uptwuvi9bj0ujns4bf560','NTE4NDMyYTJiYzY0NTE2NTNiNzI1MDI2YThjN2MzZjY3ZDg0YWRmMTp7Il9zZXNzaW9uX2V4cGlyeSI6MCwiX2F1dGhfdXNlcl9oYXNoIjoiNjRmMDZkZDQxMzc5YTA1MGZkNDE1YzgzN2NhNThiNTg2NDQ3MmM2YiIsIl9hdXRoX3VzZXJfYmFja2VuZCI6ImFjY291bnQuYXV0aF9iYWNrZW5kcy5Vc2VybmFtZUF1dGhlbnRpY2F0aW9uQmFja2VuZCIsIl9hdXRoX3VzZXJfaWQiOjh9','2015-02-25 04:41:05'),('zw0dpksl4tjmr3o5gd806ljn9uqzf9vx','MDcyYTliNzIxMTgwNTI4ZjVlMjgzMmZkYTg2ZmFlODk2MDdhNjZkZTp7Il9zZXNzaW9uX2V4cGlyeSI6MzE1MzYwMDAwLCJfYXV0aF91c2VyX2hhc2giOiIwMzdlMzBmZDg3ZGY2ZWQ4ODRkMTgxMmJjMzRhMGFiNGFjNDI2OTY0IiwiX2F1dGhfdXNlcl9iYWNrZW5kIjoiYWNjb3VudC5hdXRoX2JhY2tlbmRzLlVzZXJuYW1lQXV0aGVudGljYXRpb25CYWNrZW5kIiwiX2F1dGhfdXNlcl9pZCI6IjIzIn0=','2026-04-03 17:48:23');
/*!40000 ALTER TABLE `django_session` ENABLE KEYS */;
UNLOCK TABLES;

--
-- Table structure for table `django_site`
--

DROP TABLE IF EXISTS `django_site`;
/*!40101 SET @saved_cs_client     = @@character_set_client */;
/*!40101 SET character_set_client = utf8 */;
CREATE TABLE `django_site` (
  `id` int(11) NOT NULL AUTO_INCREMENT,
  `domain` varchar(100) NOT NULL,
  `name` varchar(50) NOT NULL,
  PRIMARY KEY (`id`)
) ENGINE=InnoDB AUTO_INCREMENT=3 DEFAULT CHARSET=utf8;
/*!40101 SET character_set_client = @saved_cs_client */;

--
-- Dumping data for table `django_site`
--

LOCK TABLES `django_site` WRITE;
/*!40000 ALTER TABLE `django_site` DISABLE KEYS */;
INSERT INTO `django_site` VALUES (1,'mcp.MarianDrive.com','MarianDrive.com'),(2,'mcp.mariandrive.com','mariandrive.com');
/*!40000 ALTER TABLE `django_site` ENABLE KEYS */;
UNLOCK TABLES;

--
-- Table structure for table `eventlog_log`
--

DROP TABLE IF EXISTS `eventlog_log`;
/*!40101 SET @saved_cs_client     = @@character_set_client */;
/*!40101 SET character_set_client = utf8 */;
CREATE TABLE `eventlog_log` (
  `id` int(11) NOT NULL AUTO_INCREMENT,
  `user_id` int(11) DEFAULT NULL,
  `timestamp` datetime NOT NULL,
  `action` varchar(50) NOT NULL,
  `extra` text NOT NULL,
  PRIMARY KEY (`id`),
  KEY `user_id_refs_id_bb87033e` (`user_id`),
  CONSTRAINT `user_id_refs_id_bb87033e` FOREIGN KEY (`user_id`) REFERENCES `auth_user` (`id`)
) ENGINE=InnoDB AUTO_INCREMENT=9 DEFAULT CHARSET=utf8;
/*!40101 SET character_set_client = @saved_cs_client */;

--
-- Dumping data for table `eventlog_log`
--

LOCK TABLES `eventlog_log` WRITE;
/*!40000 ALTER TABLE `eventlog_log` DISABLE KEYS */;
INSERT INTO `eventlog_log` VALUES (2,NULL,'2013-11-13 01:59:52','LOGIN_ATTEMPTED','{\"username\": \"murali\", \"result\": false}'),(3,NULL,'2013-11-13 02:00:05','LOGIN_ATTEMPTED','{\"username\": \"donthireddy\", \"result\": false}'),(4,NULL,'2013-11-13 02:00:16','LOGIN_ATTEMPTED','{\"username\": \"murali\", \"result\": false}'),(5,NULL,'2013-11-13 02:00:31','LOGIN_ATTEMPTED','{\"username\": \"murali\", \"result\": false}'),(6,NULL,'2013-11-13 02:00:42','LOGIN_ATTEMPTED','{\"username\": \"andrew\", \"result\": false}'),(7,33,'2013-11-13 02:00:49','USER_LOGGED_IN','{}'),(8,1,'2013-11-13 02:02:03','USER_LOGGED_IN','{}');
/*!40000 ALTER TABLE `eventlog_log` ENABLE KEYS */;
UNLOCK TABLES;

--
-- Table structure for table `south_migrationhistory`
--

DROP TABLE IF EXISTS `south_migrationhistory`;
/*!40101 SET @saved_cs_client     = @@character_set_client */;
/*!40101 SET character_set_client = utf8 */;
CREATE TABLE `south_migrationhistory` (
  `id` int(11) NOT NULL AUTO_INCREMENT,
  `app_name` varchar(255) NOT NULL,
  `migration` varchar(255) NOT NULL,
  `applied` datetime NOT NULL,
  PRIMARY KEY (`id`)
) ENGINE=InnoDB AUTO_INCREMENT=5 DEFAULT CHARSET=utf8;
/*!40101 SET character_set_client = @saved_cs_client */;

--
-- Dumping data for table `south_migrationhistory`
--

LOCK TABLES `south_migrationhistory` WRITE;
/*!40000 ALTER TABLE `south_migrationhistory` DISABLE KEYS */;
INSERT INTO `south_migrationhistory` VALUES (1,'tennis','0001_initial','2013-11-10 05:10:18'),(2,'tennis','0002_auto__add_field_league_year__add_field_league_season__add_field_league','2013-11-10 05:10:19'),(3,'tennis','0003_auto__add_field_league_is_knockout','2013-11-10 05:10:19'),(4,'tennis','0004_auto__add_field_match_round_num__add_field_match_match_num','2013-11-10 05:10:19');
/*!40000 ALTER TABLE `south_migrationhistory` ENABLE KEYS */;
UNLOCK TABLES;

--
-- Table structure for table `tennis_courttime`
--

DROP TABLE IF EXISTS `tennis_courttime`;
/*!40101 SET @saved_cs_client     = @@character_set_client */;
/*!40101 SET character_set_client = utf8 */;
CREATE TABLE `tennis_courttime` (
  `id` int(11) NOT NULL AUTO_INCREMENT,
  `location_id` int(11) NOT NULL,
  `court_no` varchar(32) NOT NULL,
  `court_date` date NOT NULL,
  `court_time` time NOT NULL,
  `reserved_by_id` int(11) DEFAULT NULL,
  PRIMARY KEY (`id`),
  UNIQUE KEY `tennis_courttime_location_id_157d6cc609372216_uniq` (`location_id`,`court_no`,`court_date`,`court_time`),
  UNIQUE KEY `tennis_courttime_reserved_by_id_52c03572c9e01582_uniq` (`reserved_by_id`,`court_date`),
  KEY `tennis_courttime_afbb987d` (`location_id`),
  KEY `tennis_courttime_13427ff2` (`reserved_by_id`),
  CONSTRAINT `location_id_refs_id_8951ebc4` FOREIGN KEY (`location_id`) REFERENCES `tennis_facility` (`id`),
  CONSTRAINT `reserved_by_id_refs_id_2e4a5a83` FOREIGN KEY (`reserved_by_id`) REFERENCES `tennis_player` (`id`)
) ENGINE=InnoDB AUTO_INCREMENT=120 DEFAULT CHARSET=utf8;
/*!40101 SET character_set_client = @saved_cs_client */;

--
-- Dumping data for table `tennis_courttime`
--

LOCK TABLES `tennis_courttime` WRITE;
/*!40000 ALTER TABLE `tennis_courttime` DISABLE KEYS */;
INSERT INTO `tennis_courttime` VALUES (66,3,'#1','2013-08-24','08:30:00',NULL),(67,3,'#2','2013-08-24','08:30:00',NULL),(68,3,'#3','2013-08-24','08:30:00',NULL),(69,3,'#1','2013-08-24','10:30:00',NULL),(70,3,'#2','2013-08-24','10:30:00',NULL),(71,3,'#3','2013-08-24','10:30:00',NULL),(72,3,'#1','2013-08-25','08:00:00',NULL),(73,3,'#2','2013-08-25','08:00:00',NULL),(74,3,'#3','2013-08-25','08:00:00',NULL),(75,3,'#1','2013-08-25','10:00:00',NULL),(76,3,'#2','2013-08-25','10:00:00',NULL),(77,3,'#3','2013-08-25','10:00:00',NULL),(78,3,'#1','2013-08-31','08:30:00',NULL),(79,3,'#2','2013-08-31','08:30:00',NULL),(80,3,'#3','2013-08-31','08:30:00',NULL),(81,3,'#1','2013-08-31','10:30:00',NULL),(82,3,'#2','2013-08-31','10:30:00',NULL),(83,3,'#3','2013-08-31','10:30:00',NULL),(84,3,'#1','2013-09-01','08:00:00',NULL),(85,3,'#2','2013-09-01','08:00:00',NULL),(86,3,'#3','2013-09-01','08:00:00',NULL),(87,3,'#1','2013-09-01','10:00:00',NULL),(88,3,'#2','2013-09-01','10:00:00',NULL),(89,3,'#3','2013-09-01','10:00:00',3),(96,3,'#1','2013-09-08','08:00:00',NULL),(97,3,'#2','2013-09-08','08:00:00',NULL),(98,3,'#3','2013-09-08','08:00:00',NULL),(99,3,'#1','2013-09-08','10:00:00',NULL),(100,3,'#2','2013-09-08','10:00:00',NULL),(101,3,'#3','2013-09-08','10:00:00',NULL),(102,3,'#1','2013-09-07','08:30:00',NULL),(103,3,'#2','2013-09-07','08:30:00',NULL),(104,3,'#3','2013-09-07','08:30:00',NULL),(105,3,'#1','2013-09-07','10:30:00',NULL),(106,3,'#2','2013-09-07','10:30:00',NULL),(107,3,'#3','2013-09-07','10:30:00',NULL),(108,3,'#1','2013-09-14','08:30:00',NULL),(109,3,'#2','2013-09-14','08:30:00',NULL),(110,3,'#3','2013-09-14','08:30:00',NULL),(111,3,'#1','2013-09-14','10:30:00',NULL),(112,3,'#2','2013-09-14','10:30:00',NULL),(113,3,'#3','2013-09-14','10:30:00',NULL),(114,3,'#1','2013-09-15','08:00:00',NULL),(115,3,'#2','2013-09-15','08:00:00',NULL),(116,3,'#3','2013-09-15','08:00:00',NULL),(117,3,'#1','2013-09-15','10:00:00',NULL),(118,3,'#2','2013-09-15','10:00:00',NULL),(119,3,'#3','2013-09-15','10:00:00',NULL);
/*!40000 ALTER TABLE `tennis_courttime` ENABLE KEYS */;
UNLOCK TABLES;

--
-- Table structure for table `tennis_event`
--

DROP TABLE IF EXISTS `tennis_event`;
/*!40101 SET @saved_cs_client     = @@character_set_client */;
/*!40101 SET character_set_client = utf8 */;
CREATE TABLE `tennis_event` (
  `id` int(11) NOT NULL AUTO_INCREMENT,
  `date` datetime NOT NULL,
  `name` varchar(64) NOT NULL,
  `org_id` int(11) NOT NULL,
  `event_type` varchar(2) DEFAULT NULL,
  `comment` varchar(256) DEFAULT NULL,
  PRIMARY KEY (`id`),
  UNIQUE KEY `tennis_event_date_5b13ada06b0660_uniq` (`date`,`name`,`org_id`),
  KEY `tennis_event_4be46b53` (`org_id`),
  CONSTRAINT `org_id_refs_id_3951faa1` FOREIGN KEY (`org_id`) REFERENCES `tennis_organization` (`id`)
) ENGINE=InnoDB AUTO_INCREMENT=49 DEFAULT CHARSET=utf8;
/*!40101 SET character_set_client = @saved_cs_client */;

--
-- Dumping data for table `tennis_event`
--

LOCK TABLES `tennis_event` WRITE;
/*!40000 ALTER TABLE `tennis_event` DISABLE KEYS */;
INSERT INTO `tennis_event` VALUES (5,'2016-04-23 09:00:00','At EB Smash',1,'u4',NULL),(9,'2016-04-30 08:30:00','vs. EB Smash',1,'u4',NULL),(11,'2016-05-07 08:30:00','vs Mercer Slammers',1,'u4',''),(12,'2016-04-12 19:30:00','Week 2 Tue',1,'HL',''),(13,'2016-04-14 19:30:00','Week 2 Thu',1,'HL',''),(14,'2016-05-14 08:30:00','vs Nassau Spiders',1,'u4',''),(15,'2016-05-21 12:00:00','At Mercer Slammers',1,'u4',''),(16,'2016-06-04 11:00:00','At Nassau Spiders',1,'u4',''),(17,'2016-06-11 11:00:00','At Nassau Spiders',1,'u4',''),(18,'2016-06-18 08:30:00','vs Mercer Slammers',1,'u4',''),(19,'2016-06-25 08:30:00','vs EB Smash',1,'u4',''),(20,'2016-04-02 10:30:00','Outdoor Practice',1,'OT','Cancelled'),(21,'2016-04-16 09:00:00','At PTP Grillers',1,'U3',NULL),(22,'2016-04-23 08:30:00','vs Edison Aces',1,'U3',NULL),(23,'2016-04-30 09:00:00','At Hightstown Hurricanes',1,'U3',NULL),(24,'2016-05-07 12:30:00','At Princeton I',1,'U3',NULL),(25,'2016-05-14 08:30:00','vs Princeton 2',1,'U3',NULL),(26,'2016-05-21 12:00:00','At Mercer Aces',1,'U3',NULL),(27,'2016-06-04 08:30:00','vs Pubbers',1,'U3',NULL),(28,'2016-06-11 08:30:00','vs PTP Grillers',1,'U3',NULL),(29,'2016-06-18 08:30:00','vs Princeton 1',1,'U3',NULL),(30,'2016-06-25 08:30:00','vs Hightstown Hurricanes',1,'U3',NULL),(31,'2016-07-09 08:00:00','At Princeton 2',1,'U3',NULL),(32,'2016-07-16 09:00:00','At Edison Aces',1,'U3',NULL),(33,'2016-07-23 08:30:00','vs Mercer Aces',1,'U3',NULL),(34,'2016-07-30 08:30:00','vs Pubbers',1,'U3',NULL),(35,'2016-04-19 19:30:00','Week 3 Tue',1,'HL',''),(36,'2016-04-21 19:30:00','Week 3 Thu',1,'HL',''),(37,'2016-04-09 10:00:00','Team Meeting',1,'GT','Cannot play in the evening'),(38,'2016-04-17 08:30:00','vs Mercer Monguls',1,'U4',NULL),(39,'2016-04-24 10:00:00','At Keep Cool',1,'U4',NULL),(40,'2016-05-01 08:30:00','vs Perth Amboy Aces',1,'U4',NULL),(41,'2016-05-15 09:00:00','At EB Smash',1,'U4',NULL),(42,'2016-05-22 08:30:00','vs Hopewell Outcasts',1,'U4',NULL),(43,'2016-06-05 08:30:00','vs DGK',1,'U4',NULL),(44,'2016-06-12 08:30:00','vs Jersey Dreamers',1,'U4',NULL),(45,'2016-06-26 09:00:00','At Terminetters',1,'U4',NULL),(46,'2016-07-10 08:30:00','vs Raymond Road Racquets',1,'U4',NULL),(47,'2016-07-17 08:00:00','At Tennis Tigers',1,'U4',NULL),(48,'2016-07-24 08:00:00','At Princeton Racquets',1,'U4',NULL);
/*!40000 ALTER TABLE `tennis_event` ENABLE KEYS */;
UNLOCK TABLES;

--
-- Table structure for table `tennis_eventrsvp`
--

DROP TABLE IF EXISTS `tennis_eventrsvp`;
/*!40101 SET @saved_cs_client     = @@character_set_client */;
/*!40101 SET character_set_client = utf8 */;
CREATE TABLE `tennis_eventrsvp` (
  `id` int(11) NOT NULL AUTO_INCREMENT,
  `event_id` int(11) NOT NULL,
  `player_id` int(11) NOT NULL,
  `response` varchar(1) NOT NULL,
  `comment` varchar(256) NOT NULL,
  PRIMARY KEY (`id`),
  UNIQUE KEY `tennis_eventrsvp_event_id_43fd7b2e0802da1_uniq` (`event_id`,`player_id`),
  KEY `tennis_eventrsvp_a41e20fe` (`event_id`),
  KEY `tennis_eventrsvp_f7c6108c` (`player_id`),
  CONSTRAINT `event_id_refs_id_7f1a2df9` FOREIGN KEY (`event_id`) REFERENCES `tennis_event` (`id`),
  CONSTRAINT `player_id_refs_id_f3e647bc` FOREIGN KEY (`player_id`) REFERENCES `tennis_player` (`id`)
) ENGINE=InnoDB AUTO_INCREMENT=72 DEFAULT CHARSET=utf8;
/*!40101 SET character_set_client = @saved_cs_client */;

--
-- Dumping data for table `tennis_eventrsvp`
--

LOCK TABLES `tennis_eventrsvp` WRITE;
/*!40000 ALTER TABLE `tennis_eventrsvp` DISABLE KEYS */;
INSERT INTO `tennis_eventrsvp` VALUES (9,5,4,'A',''),(10,9,4,'A',''),(16,12,14,'A',''),(17,13,14,'A',''),(18,20,2,'A',''),(19,20,1,'A','test'),(20,20,38,'A','Will be there @ 10:30'),(21,20,4,'A',''),(22,20,56,'A',''),(23,20,12,'A','may be a bit late; drill at wtt til 930'),(24,20,19,'N','Will be just back in town from India'),(25,20,67,'W',''),(27,20,53,'N',''),(28,20,3,'A','I might be playing until 10:30 at MCP'),(32,12,72,'N',''),(33,13,72,'A',''),(34,20,72,'A',''),(35,37,1,'A','will play indoors'),(36,37,4,'A','yes to indoors'),(37,20,65,'A',''),(38,20,45,'N',''),(39,12,4,'A',''),(40,12,2,'A',''),(41,21,47,'A',''),(42,38,47,'A',''),(43,12,47,'N',''),(44,13,47,'N','Traveling'),(45,37,47,'A',''),(46,37,56,'A','will be there for the meeting...'),(47,12,1,'A',''),(48,21,1,'A',''),(49,37,3,'A','will play indoors'),(50,38,3,'A',''),(51,12,3,'A',''),(52,13,3,'N',''),(53,37,28,'N','Unfortunately I will be at a meeting in Toronto'),(54,37,19,'A','Can\'t play 5pm-7pm. Available for meeting @10am'),(55,21,19,'A',''),(56,37,17,'A','yes to indoors'),(57,37,66,'A','Can play indoors'),(58,37,2,'A','would like to play indoors or outdoors'),(59,37,14,'A','Indoors yes'),(60,37,67,'N','Out of town 4/9'),(61,37,53,'A',''),(62,37,40,'A',''),(63,37,55,'A','have to leave at 11AM'),(64,37,15,'A','Can play indoors'),(65,37,13,'A','Can play indoors'),(66,37,8,'A','Sorry - unable to make it.'),(67,37,12,'A',''),(68,37,65,'A',''),(69,37,57,'A','Sorry, unable to play this weekend.'),(70,37,23,'I','Be there for the meeting.  Maybe for the evening.'),(71,13,2,'N','');
/*!40000 ALTER TABLE `tennis_eventrsvp` ENABLE KEYS */;
UNLOCK TABLES;

--
-- Table structure for table `tennis_facility`
--

DROP TABLE IF EXISTS `tennis_facility`;
/*!40101 SET @saved_cs_client     = @@character_set_client */;
/*!40101 SET character_set_client = utf8 */;
CREATE TABLE `tennis_facility` (
  `id` int(11) NOT NULL AUTO_INCREMENT,
  `name` varchar(64) NOT NULL,
  `abbrev` varchar(16) DEFAULT NULL,
  `phone` varchar(16) DEFAULT NULL,
  `address` varchar(256) DEFAULT NULL,
  `map_url` varchar(200) NOT NULL,
  PRIMARY KEY (`id`),
  UNIQUE KEY `name` (`name`)
) ENGINE=InnoDB AUTO_INCREMENT=5 DEFAULT CHARSET=utf8;
/*!40101 SET character_set_client = @saved_cs_client */;

--
-- Dumping data for table `tennis_facility`
--

LOCK TABLES `tennis_facility` WRITE;
/*!40000 ALTER TABLE `tennis_facility` DISABLE KEYS */;
INSERT INTO `tennis_facility` VALUES (1,'Mercer County Tennis Center','MCP','609-448-8007','West Windsor Township, NJ 08550','https://maps.google.com/maps?q=mercer+county+tennis+center+address&oe=utf-8&client=firefox-a&fb=1&gl=us&hq=tennis+center&hnear=0x89c160e60fa87e0d:0xca4ca22398799eee,Mercer,+NJ&cid=0,0,2714899350993633'),(2,'Princeton Racquet Club','PRC','(732) 329-6200 ',' 150 Raymond Rd, Princeton, NJ 08540 ','http://www.princetonracquetclub.com/'),(3,'Hopewell Valley Tennis and Swim','HVTS','(609) 737-3600 ','111 Titus Mill Rd, Pennington, NJ 08534','http://www.hopewelltennis.com/'),(4,'Nassau Tennis Center','NTC','','','');
/*!40000 ALTER TABLE `tennis_facility` ENABLE KEYS */;
UNLOCK TABLES;

--
-- Table structure for table `tennis_league`
--

DROP TABLE IF EXISTS `tennis_league`;
/*!40101 SET @saved_cs_client     = @@character_set_client */;
/*!40101 SET character_set_client = utf8 */;
CREATE TABLE `tennis_league` (
  `id` int(11) NOT NULL AUTO_INCREMENT,
  `name` varchar(64) NOT NULL,
  `abbrev` varchar(16) DEFAULT NULL,
  `org_id` int(11) NOT NULL,
  `year` smallint(5) unsigned DEFAULT NULL,
  `season` varchar(1) DEFAULT NULL,
  `division` varchar(32) DEFAULT NULL,
  `group` varchar(1) DEFAULT NULL,
  `begin_date` date DEFAULT NULL,
  `is_knockout` tinyint(1) DEFAULT NULL,
  PRIMARY KEY (`id`),
  UNIQUE KEY `name` (`name`),
  KEY `tennis_league_4be46b53` (`org_id`),
  CONSTRAINT `org_id_refs_id_ce14e416` FOREIGN KEY (`org_id`) REFERENCES `tennis_organization` (`id`)
) ENGINE=InnoDB AUTO_INCREMENT=22 DEFAULT CHARSET=utf8;
/*!40101 SET character_set_client = @saved_cs_client */;

--
-- Dumping data for table `tennis_league`
--

LOCK TABLES `tennis_league` WRITE;
/*!40000 ALTER TABLE `tennis_league` DISABLE KEYS */;
INSERT INTO `tennis_league` VALUES (1,'Weekend Hackers Singles','WH sing',1,2013,'S','Mens Singles','A','2013-07-13',NULL),(2,'Weekend Hackers Doubles','WH doub',1,2013,'S','Mens Doubles','A','2013-07-13',NULL),(3,'Weekend Hackers Singles Playoffs','WH Sing Playoffs',1,2013,'S','MS','A','2013-08-10',1),(4,'Weekend Hackers Doubles Playoffs','WH Doub Playoffs',1,2013,'S','MD','A','2013-08-10',1),(5,'3.5 Singles ','3.5 S',1,2014,'S','MS','A','2014-08-01',0),(6,'3.5 Doubles','3.5 D',1,2014,'S','MD','A','2014-08-01',0),(7,'4.0 Singles','4.0 S',1,2014,'S','MS','A','2014-08-01',0),(8,'4.0 Doubles','4.0 D',1,2014,'S','MD','A','2014-08-01',0),(10,'Dummy',NULL,1,NULL,NULL,NULL,NULL,NULL,NULL),(11,'3.5 Singles Playoffs','3.5 S P',1,2014,'S','A','M','2014-08-31',1),(12,'3.5 Doubles Playoffs','3.5 D P',1,2014,'S','A','M','2014-08-31',1),(13,'4.0 Singles Playoffs','4.0 S P',1,2014,'S','A','M','2014-08-31',1),(14,'4.0 Doubles Playoffs','4.0 D P',1,2014,'S','A','M','2014-08-31',1),(15,'Hackers 2015 4.0 singles','HH15 4.0S',1,2015,'S','MS','A','2015-02-08',0),(16,'Hackers 2015 3.5 Singles','HH15 3.5S',1,2015,'S','MS','A','2015-02-08',0),(17,'Hackers 2015 Spring doubles','HH15S Doubles',1,2015,'S','MD','A','2015-02-08',0),(18,'Hackers 2015 Fall Doubles','HH15F MD',1,2015,'F','MD','A','2015-08-15',0),(19,'Doubles Playoffs Fall 2015','HHDF15',1,2015,'F','MD','A','2015-09-19',1),(20,'Hackers 2016 Singles','HH16S',1,2016,'P','MS','A','2016-04-04',0),(21,'Hackers 2016 Doubles','HH16D',1,2016,'P','MD','A','2016-04-04',0);
/*!40000 ALTER TABLE `tennis_league` ENABLE KEYS */;
UNLOCK TABLES;

--
-- Table structure for table `tennis_match`
--

DROP TABLE IF EXISTS `tennis_match`;
/*!40101 SET @saved_cs_client     = @@character_set_client */;
/*!40101 SET character_set_client = utf8 */;
CREATE TABLE `tennis_match` (
  `id` int(11) NOT NULL AUTO_INCREMENT,
  `date` date NOT NULL,
  `league_id` int(11) NOT NULL,
  `home_player1_id` int(11) NOT NULL,
  `home_player2_id` int(11) DEFAULT NULL,
  `away_player1_id` int(11) NOT NULL,
  `away_player2_id` int(11) DEFAULT NULL,
  `home_won` tinyint(1) DEFAULT NULL,
  `score` varchar(16) DEFAULT NULL,
  `comment` varchar(256) NOT NULL,
  `round_num` smallint(5) unsigned DEFAULT NULL,
  `match_num` smallint(5) unsigned DEFAULT NULL,
  PRIMARY KEY (`id`),
  UNIQUE KEY `tennis_match_date_559e5428a8aecfb3_uniq` (`date`,`home_player1_id`,`away_player1_id`),
  KEY `tennis_match_9c858b09` (`league_id`),
  KEY `tennis_match_6542903a` (`home_player1_id`),
  KEY `tennis_match_1b6b509b` (`home_player2_id`),
  KEY `tennis_match_c2e64d6e` (`away_player1_id`),
  KEY `tennis_match_332bd067` (`away_player2_id`),
  CONSTRAINT `away_player1_id_refs_id_783374f6` FOREIGN KEY (`away_player1_id`) REFERENCES `tennis_player` (`id`),
  CONSTRAINT `away_player2_id_refs_id_783374f6` FOREIGN KEY (`away_player2_id`) REFERENCES `tennis_player` (`id`),
  CONSTRAINT `home_player1_id_refs_id_783374f6` FOREIGN KEY (`home_player1_id`) REFERENCES `tennis_player` (`id`),
  CONSTRAINT `home_player2_id_refs_id_783374f6` FOREIGN KEY (`home_player2_id`) REFERENCES `tennis_player` (`id`),
  CONSTRAINT `league_id_refs_id_6f8a1bc1` FOREIGN KEY (`league_id`) REFERENCES `tennis_league` (`id`)
) ENGINE=InnoDB AUTO_INCREMENT=701 DEFAULT CHARSET=utf8;
/*!40101 SET character_set_client = @saved_cs_client */;

--
-- Dumping data for table `tennis_match`
--

LOCK TABLES `tennis_match` WRITE;
/*!40000 ALTER TABLE `tennis_match` DISABLE KEYS */;
INSERT INTO `tennis_match` VALUES (2,'2013-07-13',2,1,23,13,14,0,'1-6 3-6','7/13 @ 8 AM at WWP-High North',NULL,NULL),(3,'2013-07-13',2,4,12,8,10,1,'6-1 6-0','',NULL,NULL),(4,'2013-07-13',2,2,15,3,11,1,'6-3 7-6','',NULL,NULL),(5,'2013-07-14',1,24,NULL,5,NULL,0,'','',NULL,NULL),(6,'2013-07-14',1,18,NULL,11,NULL,1,'6-4 5-7 1-0','',NULL,NULL),(7,'2013-07-08',1,15,NULL,3,NULL,1,'6-4 6-0','',NULL,NULL),(8,'2013-07-14',1,12,NULL,6,NULL,0,'3-6 3-6','',NULL,NULL),(9,'2013-07-14',1,25,NULL,19,NULL,1,'6-1 6-0','',NULL,NULL),(10,'2013-07-20',1,4,NULL,16,NULL,1,'6-3 6-0','',NULL,NULL),(11,'2013-07-14',1,14,NULL,21,NULL,0,'','Guru defaulted; score must be left blank',NULL,NULL),(12,'2013-07-14',1,2,NULL,8,NULL,1,'6-3 6-1','',NULL,NULL),(13,'2013-07-13',1,17,NULL,26,NULL,1,'6-4 7-6','',NULL,NULL),(18,'2013-07-19',1,18,NULL,23,NULL,0,'3-6 6-7','8pm @ Hendrickson Drive',NULL,NULL),(19,'2013-07-28',1,5,NULL,15,NULL,0,'2-6 5-7','',NULL,NULL),(20,'2013-07-11',1,11,NULL,3,NULL,0,'4-6 6-3 0-1','',NULL,NULL),(21,'2013-07-21',1,24,NULL,15,NULL,0,'','',NULL,NULL),(22,'2013-08-10',1,25,NULL,27,NULL,1,'6-0 6-1','',NULL,NULL),(23,'2013-07-21',1,4,NULL,6,NULL,1,'6-0 7-5','',NULL,NULL),(24,'2013-07-21',1,19,NULL,16,NULL,NULL,'','',NULL,NULL),(25,'2013-07-21',1,14,NULL,2,NULL,0,'','default',NULL,NULL),(26,'2013-07-21',1,17,NULL,21,NULL,0,'4-6 6-2 0-1','3rd set tie breaker 7-5 rick win',NULL,NULL),(27,'2013-08-03',1,8,NULL,26,NULL,1,'2-6 7-6 1-0','Subrato won tie breaks 10-8 and 10-2',NULL,NULL),(28,'2013-08-03',1,23,NULL,3,NULL,1,'6-0 6-1','',NULL,NULL),(29,'2013-07-21',1,11,NULL,5,NULL,1,'6-0 6-0','',NULL,NULL),(30,'2013-07-25',1,4,NULL,12,NULL,NULL,NULL,'',NULL,NULL),(31,'2013-07-28',1,16,NULL,27,NULL,1,'5-7 6-4 7-6','',NULL,NULL),(32,'2013-07-28',1,19,NULL,6,NULL,0,'2-6 1-6','',NULL,NULL),(33,'2013-07-28',1,14,NULL,17,NULL,0,'','',NULL,NULL),(34,'2013-08-02',1,2,NULL,26,NULL,1,'6-1 6-0','',NULL,NULL),(35,'2013-08-02',1,21,NULL,8,NULL,0,'6-4 1-6 0-1','Subrato won',NULL,NULL),(36,'2013-08-03',1,11,NULL,23,NULL,0,'2-6 2-6','',NULL,NULL),(37,'2013-08-04',1,24,NULL,3,NULL,0,'','Default due to no reply from Anuj',NULL,NULL),(38,'2013-08-03',1,18,NULL,15,NULL,1,'6-3 6-2','',NULL,NULL),(39,'2013-08-03',1,19,NULL,27,NULL,0,'1-6 3-6','',NULL,NULL),(40,'2013-08-03',1,12,NULL,16,NULL,1,'6-4 6-3','',NULL,NULL),(41,'2013-08-03',1,4,NULL,25,NULL,0,'0-6 0-6','Robert substituted for Bryan',NULL,NULL),(42,'2013-08-04',1,14,NULL,8,NULL,0,'','Subrato win as Guru Defaults due to injury. No score entered',NULL,NULL),(43,'2013-08-03',1,26,NULL,21,NULL,0,'5-7 6-2 0-1','Final set tiebreak 10-8 in Rick\'s favor',NULL,NULL),(44,'2013-08-10',1,17,NULL,2,NULL,0,'0-6 2-6','',NULL,NULL),(45,'2013-08-10',1,24,NULL,23,NULL,0,'','',NULL,NULL),(46,'2013-08-10',1,18,NULL,5,NULL,1,'6-3 3-6 1-0','',NULL,NULL),(47,'2013-08-10',1,12,NULL,27,NULL,NULL,'','',NULL,NULL),(48,'2013-08-03',1,25,NULL,6,NULL,0,'','sachin defaulted',NULL,NULL),(49,'2013-07-21',2,8,10,9,20,0,'1-6 6-4 0-1','',NULL,NULL),(50,'2013-07-16',2,1,23,2,15,0,'4-6 2-6','',NULL,NULL),(51,'2013-07-21',2,4,12,3,11,NULL,'','I need to reschedule. Rob',NULL,NULL),(52,'2013-07-28',2,2,15,13,14,1,'6-1 6-3','',NULL,NULL),(53,'2013-07-28',2,9,20,3,11,0,'7-5 1-6 0-1','',NULL,NULL),(54,'2013-07-27',2,1,23,4,12,0,'0-6 2-6','Tanmay Sub for Bryan',NULL,NULL),(55,'2013-08-11',2,8,10,3,11,NULL,'','',NULL,NULL),(56,'2013-08-04',2,4,12,13,14,0,'1-6 5-7','',NULL,NULL),(57,'2013-08-04',2,1,23,9,20,1,'7-6 3-6 1-0','played at MCP on 8/5/13',NULL,NULL),(58,'2013-08-11',2,8,10,13,14,0,'4-6 3-6','',NULL,NULL),(59,'2013-08-11',2,9,20,2,15,0,'4-6 2-6','',NULL,NULL),(60,'2013-08-11',2,1,23,3,11,0,'6-3 3-6 0-1','Robert played as sub for Harish',NULL,NULL),(61,'2013-07-13',2,7,5,9,20,1,'6-1 6-3',' Nikhil has court #1 @8AM on 14th July',NULL,NULL),(62,'2013-07-21',2,7,5,13,14,1,'7-5 6-7 1-0','Excellent match! 11-9 in 2nd set TB & 10-8 in 3rd',NULL,NULL),(63,'2013-07-28',2,7,5,8,10,1,'6-1 6-1','',NULL,NULL),(64,'2013-08-04',2,2,15,7,5,1,'6-7 6-1 7-5','',NULL,NULL),(65,'2013-08-11',2,4,12,7,5,0,'3-6 2-6','',NULL,NULL),(70,'2013-08-31',3,15,NULL,4,NULL,1,'6-4 6-1','Good match, Ram!',1,5),(71,'2013-08-31',3,8,NULL,3,NULL,0,'6-7 3-6','',1,12),(72,'2013-08-31',3,18,NULL,11,NULL,1,'','Harish forfeited',1,14),(73,'2013-08-31',3,25,NULL,17,NULL,1,'6-1 6-2','',1,2),(74,'2013-08-31',4,2,15,10,8,1,'','Forfeited (Jim injured)',1,1),(75,'2013-08-31',4,5,7,3,11,0,'1-6 4-6 ','',1,8),(76,'2013-08-31',4,13,14,1,23,1,'6-2 6-2','',1,3),(77,'2013-08-31',4,20,9,12,4,0,'6-1 6-1','Played on 8/22',1,2),(78,'2013-08-31',3,15,NULL,6,NULL,1,'5-7 6-4 1-0','10-8 in tie-breaker',2,2),(79,'2013-09-02',3,2,NULL,25,NULL,0,'6-3 6-1','',2,1),(80,'2013-09-03',3,18,NULL,23,NULL,0,'6-3 6-4','',2,4),(81,'2013-09-09',4,2,15,4,12,1,'6-4 6-3','',2,1),(82,'2013-09-07',4,13,14,11,3,1,'6-4 3-6 6-3','',2,2),(83,'2013-09-05',3,21,NULL,3,NULL,0,'6-3 6-3','',2,3),(85,'2013-09-07',3,25,NULL,15,NULL,1,'6-2 6-1','',3,1),(86,'2013-09-07',3,3,NULL,23,NULL,0,'7-6 6-3','',3,2),(87,'2013-09-14',4,2,15,13,14,1,'5-7 6-2 1-0','10-6 in 3rd set tie breaker',3,1),(88,'2013-09-14',3,25,NULL,23,NULL,1,'6-1 6-1','',4,1),(90,'2014-08-10',6,41,46,45,12,1,'6-3 6-7 7-6','',1,90),(91,'2014-08-01',6,1,17,9,39,1,'7-5 6-0','Monday 8/4 @ 7:30 PM at MCP',1,1),(92,'2014-08-01',6,38,11,20,19,1,'6-1 1-6 5-2','Ran out of time',1,1),(93,'2014-08-08',6,41,46,9,39,1,'7-6 7-6','',2,1),(94,'2014-08-08',6,45,12,20,19,NULL,NULL,'',2,1),(95,'2014-08-08',6,1,17,38,11,0,'6-4 4-6 1-0','',2,1),(96,'2014-08-15',6,41,46,20,19,0,'0-6 5-7','',3,1),(97,'2014-08-07',6,9,39,38,11,0,'6-3 6-1','',3,1),(98,'2014-08-27',6,45,12,1,17,1,'2-6 7-5 1-0 ','',3,1),(99,'2014-08-22',6,41,46,38,11,0,'4-6 6-0 7-5','',4,1),(100,'2014-08-22',6,20,19,1,17,1,'6-2 7-6','',4,1),(101,'2014-08-22',6,9,39,45,12,NULL,NULL,'',4,1),(103,'2014-08-01',5,28,NULL,46,NULL,1,'7-6 6-3','',1,103),(104,'2014-08-08',5,40,NULL,46,NULL,1,'6-0 6-2','',2,1),(105,'2014-08-08',5,41,NULL,28,NULL,1,'6-2 6-1','',2,1),(106,'2014-08-15',5,40,NULL,28,NULL,1,'6-4 6-2','Sunil',3,1),(107,'2014-08-15',5,46,NULL,41,NULL,NULL,NULL,'',3,1),(108,'2014-08-01',5,6,NULL,47,NULL,1,'6-2 6-1','Vijay won ',1,1),(109,'2014-08-24',5,8,NULL,43,NULL,0,'4-6 1-6','',1,1),(110,'2014-08-08',5,6,NULL,43,NULL,NULL,NULL,'',2,1),(111,'2014-08-08',5,47,NULL,8,NULL,0,'3-6 6-3 2-6','',2,1),(112,'2014-08-15',5,6,NULL,8,NULL,1,'6-1 6-0','',3,1),(113,'2014-08-15',5,43,NULL,47,NULL,1,'6-2 6-1','Rajesh is Good - Great Serve ',3,1),(116,'2014-08-01',8,3,11,40,18,0,'6-4 7-5','',1,1),(118,'2014-08-10',8,13,5,44,15,0,'4-6 7-6 1-0','Third set tie break score was 10-8',1,1),(119,'2014-08-08',8,3,11,38,8,1,'6-4 6-2','',2,1),(120,'2014-08-08',8,40,18,44,15,0,'2-6 6-4 1-0','10-5 in tie break',2,1),(122,'2014-08-15',8,3,11,44,15,1,'6-2 6-3','',3,1),(123,'2014-08-15',8,38,8,13,5,0,'7-6 6-4','Schedule for Friday 29th 7PM',3,1),(125,'2014-08-22',8,3,11,13,5,1,'6-3 7-6','',4,1),(127,'2014-08-25',8,38,8,40,18,0,'6-3 7-5','',4,1),(128,'2014-08-09',8,42,14,7,29,0,'6-2 3-6 1-0','',1,1),(129,'2014-08-06',8,1,2,4,12,1,'7-6 3-6 1-0','Bryan Retired due to injury in 3rd set tie break',1,1),(130,'2014-08-08',8,42,14,4,12,1,'6-2 7-6','Ted subbed for Bryan.',2,1),(131,'2014-08-08',8,7,29,1,2,1,'6-2 6-4','',2,1),(132,'2014-08-15',8,42,14,1,2,1,'7-5 4-6 1-0 ','14-12 in tie-breaker; RamD subbed for Naren',3,1),(133,'2014-08-15',8,4,12,7,29,NULL,NULL,'',3,1),(134,'2014-08-01',7,3,NULL,11,NULL,0,'6-4 3-6 1-6','',1,1),(135,'2014-08-03',7,23,NULL,18,NULL,1,'3-6 6-3 1-0','',1,1),(136,'2014-08-08',7,3,NULL,18,NULL,1,'6-3 6-7 1-0','',2,1),(137,'2014-08-08',7,11,NULL,23,NULL,0,'6-1 3-6 3-6','',2,1),(138,'2014-08-17',7,3,NULL,23,NULL,1,'6-0 7-6','',3,1),(139,'2014-08-15',7,18,NULL,11,NULL,1,'6-3 6-1','',3,1),(140,'2014-08-05',7,15,NULL,14,NULL,1,'6-2 6-1','',1,1),(141,'2014-08-09',7,8,NULL,26,NULL,1,'6-4 6-4','Subrato ',1,1),(142,'2014-08-11',7,15,NULL,26,NULL,1,'6-1 6-2','',2,1),(143,'2014-08-08',7,14,NULL,8,NULL,1,' 6-4 6-7 1-0','',2,1),(144,'2014-08-20',7,15,NULL,8,NULL,1,'6-1 7-5','',3,1),(145,'2014-08-15',7,26,NULL,14,NULL,0,'1-6 4-6','',3,1),(146,'2014-08-01',7,2,NULL,6,NULL,1,'7-5 6-0','',1,1),(147,'2014-08-01',7,7,NULL,5,NULL,0,'6-3 3-6 1-0','',1,1),(148,'2014-08-08',7,2,NULL,5,NULL,1,'6-0 6-1','',2,1),(149,'2014-08-08',7,6,NULL,7,NULL,1,'','Sudhakar pulled a groin muscle and retired hurt',2,1),(150,'2014-08-15',7,2,NULL,7,NULL,1,'','Injury',3,1),(151,'2014-08-15',7,5,NULL,6,NULL,0,'0-6 3-6','',3,1),(152,'2014-08-22',5,40,NULL,6,NULL,0,'4-6 2-6','',4,1),(153,'2014-08-22',5,8,NULL,41,NULL,NULL,'','',4,2),(154,'2014-08-13',5,28,NULL,47,NULL,0,'5-7 3-6','',4,3),(155,'2014-08-22',5,43,NULL,46,NULL,NULL,'','',4,4),(156,'2014-08-22',7,3,NULL,15,NULL,0,'6-4 6-3','',4,1),(157,'2014-08-22',7,7,NULL,11,NULL,0,'6-0 6-0','Not played due to injury',4,2),(158,'2014-08-22',7,14,NULL,6,NULL,0,'6-7 1-6','',4,3),(159,'2014-08-22',7,23,NULL,2,NULL,0,'6-0 6-4','',4,4),(160,'2014-08-19',7,5,NULL,26,NULL,0,'3-6 6-1 0-1','',4,5),(161,'2014-08-27',7,8,NULL,18,NULL,0,'6-3 6-1','',4,6),(164,'2014-08-01',5,40,NULL,41,NULL,0,'3-6 1-6','',1,1),(165,'2013-08-31',11,6,NULL,46,NULL,1,'','Bharath didn\'t respond to e-mails and phone call',1,1),(166,'2013-08-31',11,43,NULL,41,NULL,0,'','Rajesh didn\'t respond to my mail for this week. ',1,2),(167,'2013-08-31',11,47,NULL,28,NULL,1,'7-5 6-1','Hats off to Ed - he played in 82 deg f and missed two set points in first ser',1,3),(168,'2013-08-31',11,8,NULL,40,NULL,0,'2-6 3-6','',1,4),(170,'2013-08-31',12,12,45,1,17,1,'7-6 5-7 1-0','',1,2),(171,'2013-08-31',12,19,20,9,39,1,'6-3 6-1','',1,3),(173,'2014-09-02',13,2,NULL,23,NULL,1,'6-2 6-0','',1,1),(174,'2013-08-31',13,11,NULL,18,NULL,1,'6-3 6-3','',1,2),(175,'2013-08-31',13,6,NULL,3,NULL,1,'6-2 6-2','',1,3),(176,'2013-08-31',13,14,NULL,15,NULL,0,'3-6 5-7','',1,4),(178,'2014-09-07',14,29,7,44,15,0,'7-5 5-7 1-0','10-2 in tie break',1,2),(179,'2014-09-05',14,42,14,13,5,0,'7-6 7-6','',1,3),(180,'2013-08-31',14,1,2,40,18,1,'7-5 7-6','',1,4),(181,'2014-09-01',14,11,3,4,12,1,'6-1 6-0','',1,1),(182,'2014-09-05',13,2,NULL,11,NULL,1,'6-3 7-6','Scheduled for Friday 9/5',2,1),(183,'2014-09-07',14,13,5,1,2,1,'6-4 6-1','',2,2),(184,'2014-09-07',14,3,11,44,15,1,'6-4 6-3','',2,1),(185,'2014-09-09',12,11,38,12,45,1,'6-2 6-3','',2,1),(186,'2014-09-10',11,47,NULL,40,NULL,1,'4-6 6-0 7-6','The last set was played as a 10 point tie breaker and the score was 10-8. Sunil played with a bad right shoulder and was not himself.',2,2),(187,'2014-09-11',12,19,20,41,46,1,'6-0 6-4','',2,2),(188,'2014-09-12',11,6,NULL,41,NULL,0,'','Vijay could not play due to injury',2,1),(189,'2014-09-12',13,6,NULL,15,NULL,0,'','injury walkover',2,2),(190,'2014-09-14',13,2,NULL,15,NULL,1,'1-6 6-3 1-0','14-12 in tie-breaker',3,1),(191,'2014-09-14',14,11,3,13,5,0,'6-2 6-2','',3,1),(192,'2014-09-18',11,41,NULL,47,NULL,1,'6-4 6-4','Enjoyed Playing Paresh and congratulate him on his win ',3,1),(193,'2014-09-14',12,11,38,19,20,1,'7-6 7-6','',3,1),(257,'2015-04-26',16,40,NULL,51,NULL,1,'6-1 6-1','',1,9),(258,'2015-04-20',16,39,NULL,47,NULL,0,'1-6 5-7','Ashok won',1,8),(259,'2015-04-20',16,1,NULL,28,NULL,1,'7-5 6-3','',1,7),(260,'2015-04-27',16,40,NULL,47,NULL,1,'6-2 6-1','',2,24),(261,'2015-04-27',16,51,NULL,28,NULL,1,'5-7 6-3 8-6','Dharmesh won in tie breaker',2,23),(262,'2015-04-27',16,39,NULL,1,NULL,1,'6-3 6-0','',2,22),(263,'2015-05-04',16,40,NULL,28,NULL,NULL,NULL,'',3,38),(264,'2015-05-04',16,47,NULL,1,NULL,1,'6-4 1-6 1-0','',3,37),(265,'2015-05-04',16,51,NULL,39,NULL,0,'6-3 6-2','',3,39),(266,'2015-05-11',16,40,NULL,1,NULL,NULL,NULL,'',4,50),(267,'2015-05-11',16,28,NULL,39,NULL,0,'6-4 6-4','',4,51),(268,'2015-05-11',16,47,NULL,51,NULL,1,'6-2 6-2','',4,52),(269,'2015-05-18',16,40,NULL,39,NULL,NULL,NULL,'',5,65),(270,'2015-05-18',16,1,NULL,51,NULL,NULL,NULL,'',5,64),(271,'2015-05-18',16,28,NULL,47,NULL,NULL,NULL,'',5,63),(309,'2015-05-25',16,40,NULL,51,NULL,NULL,NULL,'',6,80),(310,'2015-05-25',16,39,NULL,47,NULL,NULL,NULL,'',6,79),(311,'2015-05-25',16,1,NULL,28,NULL,NULL,NULL,'',6,78),(312,'2015-06-01',16,40,NULL,47,NULL,NULL,NULL,'',7,90),(313,'2015-06-01',16,51,NULL,28,NULL,NULL,NULL,'',7,91),(314,'2015-06-01',16,39,NULL,1,NULL,NULL,'','',7,92),(315,'2015-06-08',16,40,NULL,28,NULL,NULL,NULL,'',8,102),(316,'2015-06-08',16,47,NULL,1,NULL,NULL,NULL,'',8,104),(317,'2015-06-08',16,51,NULL,39,NULL,NULL,NULL,'',8,103),(318,'2015-06-15',16,40,NULL,1,NULL,NULL,NULL,'',9,109),(319,'2015-06-15',16,28,NULL,39,NULL,NULL,NULL,'',9,110),(320,'2015-06-15',16,47,NULL,51,NULL,1,'6-3 6-2','',9,111),(321,'2015-06-22',16,40,NULL,39,NULL,NULL,NULL,'',10,118),(322,'2015-06-22',16,1,NULL,51,NULL,NULL,NULL,'',10,117),(323,'2015-06-22',16,28,NULL,47,NULL,NULL,NULL,'',10,116),(497,'2015-04-20',17,9,47,17,53,0,'6-2 3-6 0-1','',1,120),(498,'2015-04-20',17,28,45,41,46,NULL,NULL,'',1,121),(499,'2015-04-27',17,38,8,40,51,1,'3-6 6-2 6-3','',1,122),(500,'2015-06-10',17,20,19,1,39,1,'6-2 6-3','',4,123),(501,'2015-04-27',17,9,47,41,46,NULL,'4-6 6-4','Players decided to split points',2,124),(502,'2015-04-27',17,17,53,40,51,1,'6-2 7-5','Good fight in 2nd set ',2,125),(503,'2015-04-27',17,28,45,1,39,1,'6-4 6-2','',2,126),(504,'2015-04-27',17,38,8,20,19,1,'6-4 7-5','Great tight game. Well done Jose and Sai',2,127),(505,'2015-05-04',17,9,47,40,51,1,'6-1 6-2','',3,128),(506,'2015-05-04',17,41,46,1,39,1,'6-4 6-4','',3,129),(507,'2015-05-22',17,17,53,20,19,1,'6-2 6-4','CM Subbed for Sai. Great fight',3,130),(508,'2015-05-04',17,28,45,38,8,0,'0-6 5-7','Avi and Ed - Great 2nd set...Nice game',3,131),(509,'2015-04-20',17,9,47,1,39,1,'6-2 6-2','',1,132),(510,'2015-05-11',17,40,51,20,19,NULL,NULL,'',4,133),(511,'2015-05-11',17,41,46,38,8,NULL,NULL,'',4,134),(512,'2015-05-11',17,17,53,28,45,1,'6-3 6-1','',4,135),(513,'2015-05-18',17,9,47,20,19,0,'4-6  6-7','2ns Set Tie Break - 9-7',5,136),(514,'2015-05-18',17,1,39,38,8,0,'4-6 5-7','Great second set. Tejas excelled. ',5,137),(515,'2015-05-18',17,40,51,28,45,NULL,NULL,'',5,138),(516,'2015-05-18',17,41,46,17,53,NULL,NULL,'',5,139),(517,'2015-05-25',17,9,47,38,8,0,'4-6 2-6','',6,140),(518,'2015-05-25',17,20,19,28,45,NULL,NULL,'',6,141),(519,'2015-05-25',17,1,39,17,53,0,'3-6 6-3 1-0','',6,142),(520,'2015-05-25',17,40,51,41,46,NULL,NULL,'',6,143),(521,'2015-06-01',17,9,47,28,45,NULL,NULL,'',7,144),(522,'2015-06-01',17,38,8,17,53,0,'2-6 4-6','Good fight in second set',7,145),(523,'2015-06-01',17,20,19,41,46,NULL,NULL,'',7,146),(524,'2015-06-01',17,1,39,40,51,NULL,NULL,'',7,147),(525,'2015-04-20',17,3,11,12,44,1,'6-2 6-2','',1,120),(526,'2015-04-20',17,2,15,7,13,0,'6-1 6-3','',1,121),(527,'2015-04-20',17,4,26,5,14,1,'6-3 7-6','Great match!',1,122),(528,'2015-04-27',17,3,11,7,13,1,'6-0 3-6 1-0','10-8 in the tie-breaker (Nikhil subbing for Ram K) - great comeback in second set',2,123),(529,'2015-04-27',17,12,44,5,14,NULL,NULL,'',2,124),(530,'2015-04-27',17,2,15,4,26,1,'6-2 6-4','',2,125),(531,'2015-05-04',17,3,11,5,14,NULL,NULL,'',3,126),(532,'2015-06-07',17,7,13,4,26,0,'6-3 3-6 1-0','Great match!',3,127),(533,'2015-05-04',17,12,44,2,15,NULL,NULL,'',3,128),(534,'2015-05-11',17,3,11,4,26,1,'2-6 7-6 1-0','Great match 13-11 in tiebreaker ',4,129),(535,'2015-05-11',17,5,14,2,15,NULL,NULL,'',4,130),(536,'2015-05-11',17,7,13,12,44,NULL,NULL,'',4,131),(537,'2015-05-18',17,3,11,2,15,1,'6-2 6-4','',5,132),(538,'2015-06-30',17,4,26,12,44,1,'6-7 7-5 1-0','Dog fight!',5,133),(539,'2015-05-18',17,5,14,7,13,NULL,NULL,'',5,134),(576,'2015-04-20',15,2,NULL,3,NULL,1,'6-2 6-2','',1,200),(577,'2015-04-20',15,15,NULL,12,NULL,NULL,NULL,'',1,201),(578,'2015-04-23',15,50,NULL,37,NULL,1,'6-0 6-2','',1,202),(579,'2015-04-20',15,14,NULL,41,NULL,NULL,NULL,'',1,203),(580,'2015-04-20',15,11,NULL,8,NULL,NULL,NULL,'',1,204),(581,'2015-04-20',15,23,NULL,6,NULL,0,'3-6 6-4 0-1','',1,205),(582,'2015-04-20',15,26,NULL,5,NULL,1,'7-6 7-6','',1,206),(583,'2015-04-27',15,2,NULL,12,NULL,NULL,NULL,'',2,207),(584,'2015-05-01',15,3,NULL,37,NULL,0,'4-6 6-1 0-1','',2,208),(585,'2015-04-27',15,15,NULL,41,NULL,NULL,NULL,'',2,209),(586,'2015-04-27',15,50,NULL,8,NULL,NULL,NULL,'',2,210),(587,'2015-04-27',15,14,NULL,6,NULL,0,'3-6 1-6','',2,211),(588,'2015-04-27',15,11,NULL,5,NULL,NULL,NULL,'',2,212),(589,'2015-04-27',15,23,NULL,26,NULL,1,'7-5 6-3','',2,213),(590,'2015-05-04',15,2,NULL,37,NULL,1,'6-0 6-0','',3,214),(591,'2015-05-04',15,12,NULL,41,NULL,NULL,NULL,'',3,215),(592,'2015-05-04',15,3,NULL,8,NULL,NULL,NULL,'',3,216),(593,'2015-05-04',15,15,NULL,6,NULL,NULL,NULL,'',3,217),(594,'2015-05-04',15,50,NULL,5,NULL,NULL,NULL,'',3,218),(595,'2015-05-04',15,14,NULL,26,NULL,NULL,NULL,'',3,219),(596,'2015-05-04',15,11,NULL,23,NULL,0,'6-4 4-6 0-1','',3,220),(597,'2015-05-11',15,2,NULL,41,NULL,NULL,NULL,'',4,221),(598,'2015-05-11',15,37,NULL,8,NULL,NULL,NULL,'',4,222),(599,'2015-05-11',15,12,NULL,6,NULL,NULL,NULL,'',4,223),(600,'2015-05-11',15,3,NULL,5,NULL,NULL,NULL,'',4,224),(601,'2015-05-11',15,15,NULL,26,NULL,NULL,NULL,'',4,225),(602,'2015-05-11',15,50,NULL,23,NULL,1,'6-3 6-0','',4,226),(603,'2015-05-11',15,14,NULL,11,NULL,NULL,NULL,'',4,227),(604,'2015-05-18',15,2,NULL,8,NULL,NULL,NULL,'',5,228),(605,'2015-05-18',15,41,NULL,6,NULL,NULL,NULL,'',5,229),(606,'2015-05-18',15,37,NULL,5,NULL,NULL,NULL,'',5,230),(607,'2015-05-18',15,12,NULL,26,NULL,NULL,NULL,'',5,231),(608,'2015-05-18',15,3,NULL,23,NULL,1,'6-3 6-3','',5,232),(609,'2015-05-18',15,15,NULL,11,NULL,0,'0-6 6-3 1-0','',5,233),(610,'2015-05-18',15,50,NULL,14,NULL,NULL,NULL,'',5,234),(611,'2015-05-25',15,2,NULL,6,NULL,1,'6-4 5-7 1-0','',6,235),(612,'2015-05-25',15,8,NULL,5,NULL,NULL,NULL,'',6,236),(613,'2015-05-25',15,41,NULL,26,NULL,NULL,NULL,'',6,237),(614,'2015-05-25',15,37,NULL,23,NULL,0,'1-6 0-6','',6,238),(615,'2015-05-25',15,12,NULL,11,NULL,NULL,NULL,'',6,239),(616,'2015-05-25',15,3,NULL,14,NULL,NULL,NULL,'',6,240),(617,'2015-05-25',15,15,NULL,50,NULL,NULL,NULL,'',6,241),(618,'2015-06-01',15,2,NULL,5,NULL,NULL,NULL,'',7,242),(619,'2015-06-01',15,6,NULL,26,NULL,NULL,NULL,'',7,243),(620,'2015-06-01',15,8,NULL,23,NULL,NULL,NULL,'',7,244),(621,'2015-06-01',15,41,NULL,11,NULL,NULL,NULL,'',7,245),(622,'2015-06-01',15,37,NULL,14,NULL,NULL,NULL,'',7,246),(623,'2015-06-01',15,12,NULL,50,NULL,NULL,NULL,'',7,247),(624,'2015-06-01',15,3,NULL,15,NULL,NULL,NULL,'',7,248),(625,'2015-06-08',15,2,NULL,26,NULL,NULL,NULL,'',8,249),(626,'2015-06-08',15,5,NULL,23,NULL,NULL,NULL,'',8,250),(627,'2015-06-08',15,6,NULL,11,NULL,0,'2-6 7-5 1-0','12-10 in tie-breaker',8,251),(628,'2015-06-08',15,8,NULL,14,NULL,NULL,NULL,'',8,252),(629,'2015-06-08',15,41,NULL,50,NULL,NULL,NULL,'',8,253),(630,'2015-06-08',15,37,NULL,15,NULL,NULL,NULL,'',8,254),(631,'2015-06-08',15,12,NULL,3,NULL,NULL,NULL,'',8,255),(632,'2015-06-15',15,2,NULL,23,NULL,NULL,'','To be contd. Jeff leading 6-3 4-4 ; Murali servinf 15-40',9,256),(633,'2015-06-15',15,26,NULL,11,NULL,0,'4-6 0-6','',9,257),(634,'2015-06-15',15,5,NULL,14,NULL,NULL,NULL,'',9,258),(635,'2015-06-15',15,6,NULL,50,NULL,NULL,NULL,'',9,259),(636,'2015-06-15',15,8,NULL,15,NULL,NULL,NULL,'',9,260),(637,'2015-06-15',15,41,NULL,3,NULL,NULL,NULL,'',9,261),(638,'2015-06-15',15,37,NULL,12,NULL,NULL,NULL,'',9,262),(639,'2015-06-22',15,2,NULL,11,NULL,0,'1-6 6-4 1-0','That was one tough match',10,263),(640,'2015-06-22',15,23,NULL,14,NULL,NULL,NULL,'',10,264),(641,'2015-06-22',15,26,NULL,50,NULL,NULL,NULL,'',10,265),(642,'2015-06-22',15,5,NULL,15,NULL,NULL,NULL,'',10,266),(643,'2015-06-22',15,6,NULL,3,NULL,NULL,NULL,'',10,267),(644,'2015-06-22',15,8,NULL,12,NULL,NULL,NULL,'',10,268),(645,'2015-06-22',15,41,NULL,37,NULL,NULL,NULL,'',10,269),(646,'2015-06-29',15,2,NULL,14,NULL,NULL,NULL,'',11,270),(647,'2015-06-29',15,11,NULL,50,NULL,NULL,NULL,'',11,271),(648,'2015-06-29',15,23,NULL,15,NULL,1,'7-6 1-6 1-0','',11,272),(649,'2015-06-29',15,26,NULL,3,NULL,NULL,NULL,'',11,273),(650,'2015-06-29',15,5,NULL,12,NULL,NULL,NULL,'',11,274),(651,'2015-06-29',15,6,NULL,37,NULL,NULL,NULL,'',11,275),(652,'2015-06-29',15,8,NULL,41,NULL,NULL,NULL,'',11,276),(653,'2015-07-06',15,2,NULL,50,NULL,NULL,NULL,'',12,277),(654,'2015-07-06',15,14,NULL,15,NULL,NULL,NULL,'',12,278),(655,'2015-07-06',15,11,NULL,3,NULL,1,'6-1 7-5','',12,279),(656,'2015-07-06',15,23,NULL,12,NULL,NULL,NULL,'',12,280),(657,'2015-07-06',15,26,NULL,37,NULL,NULL,NULL,'',12,281),(658,'2015-07-06',15,5,NULL,41,NULL,NULL,NULL,'',12,282),(659,'2015-07-06',15,6,NULL,8,NULL,NULL,NULL,'',12,283),(660,'2015-07-13',15,2,NULL,15,NULL,NULL,NULL,'',13,284),(661,'2015-07-13',15,50,NULL,3,NULL,NULL,NULL,'',13,285),(662,'2015-07-13',15,14,NULL,12,NULL,NULL,NULL,'',13,286),(663,'2015-07-13',15,11,NULL,37,NULL,NULL,NULL,'',13,287),(664,'2015-07-13',15,23,NULL,41,NULL,NULL,NULL,'',13,288),(665,'2015-07-13',15,26,NULL,8,NULL,NULL,NULL,'',13,289),(666,'2015-07-13',15,5,NULL,6,NULL,NULL,NULL,'',13,290),(667,'2015-08-15',18,11,55,3,39,1,'6-1 7-6','',1,1),(668,'2015-08-15',18,26,1,19,44,0,'6-2 6-0','',1,2),(669,'2015-08-15',18,14,8,15,45,0,'6-3 5-7 1-0','',1,3),(670,'2015-09-04',18,13,38,18,17,1,'6-2 6-6 1-0','Good 2nd Match',1,4),(671,'2015-08-15',18,4,28,53,40,1,'6-4 6-4','Nizar sub for Sunil',1,5),(672,'2015-08-15',18,23,47,12,9,1,'0-0 0-0 0-0','Default - email fromNizar',1,6),(673,'2015-08-22',18,53,40,11,55,0,'6-2 6-2','Rob W subbed for Sunil.',2,1),(674,'2015-08-30',18,3,39,26,1,1,'6-1 3-6  1-0','',2,2),(675,'2015-08-22',18,19,44,14,8,0,'3-6 6-7','manoj sub for Subrato',2,3),(676,'2015-08-22',18,15,45,23,47,0,'0-6 6-4 1-0','',2,4),(677,'2015-09-06',18,12,9,13,38,0,'6-0 6-0','Default - Email from Nizar',2,5),(678,'2015-08-26',18,18,17,4,28,0,'4-6 6-4 1-0','Good match!',2,6),(679,'2015-08-29',18,11,55,18,17,1,'6-4 6-3','',3,1),(680,'2015-08-29',18,26,1,53,40,NULL,'','double default',3,2),(681,'2015-08-29',18,14,8,3,39,0,'7-6 6-1','',3,3),(682,'2015-08-29',18,23,47,19,44,0,'3-6 6-3 0-1','',3,4),(683,'2015-08-15',18,13,38,15,45,0,'4-6 7-5 1-0','',3,5),(684,'2015-08-29',18,4,28,12,9,1,'0-0 0-0 ','Default - per email from Nizar',3,6),(685,'2015-09-05',18,12,9,11,55,0,'6-0 6-0','',4,1),(686,'2015-09-05',18,18,17,26,1,1,'6-3 6-1','',4,2),(687,'2015-09-05',18,53,40,14,8,1,'6-3 6-0','I was Sunil was fit last week. ',4,3),(688,'2015-09-08',18,3,39,23,47,1,'6-2 6-3','',4,4),(689,'2015-08-22',18,19,44,13,38,0,'3-6 3-6','Great Match',4,5),(690,'2015-09-01',18,15,45,4,28,1,'6-1 6-2','',4,6),(695,'2015-09-19',19,11,55,17,18,1,'6-4 6-4','Very close match - lot of close games',1,1),(696,'2015-09-20',19,28,4,3,39,1,'6-3 6-7 1-0','Close match',1,2),(697,'2015-09-19',19,45,15,47,23,1,'6-2 4-6 1-0','Very close match.',1,3),(698,'2015-09-19',19,19,44,13,38,0,'7-6 6-3','7-3 in tiebreaker',1,4),(699,'2015-09-26',19,45,15,13,38,0,'6-3 6-4','',2,2),(700,'2015-09-25',19,11,55,4,28,1,'6-2 6-3','',2,1);
/*!40000 ALTER TABLE `tennis_match` ENABLE KEYS */;
UNLOCK TABLES;

--
-- Table structure for table `tennis_organization`
--

DROP TABLE IF EXISTS `tennis_organization`;
/*!40101 SET @saved_cs_client     = @@character_set_client */;
/*!40101 SET character_set_client = utf8 */;
CREATE TABLE `tennis_organization` (
  `id` int(11) NOT NULL AUTO_INCREMENT,
  `name` varchar(64) NOT NULL,
  `abbrev` varchar(16) DEFAULT NULL,
  `administrator_id` int(11) NOT NULL,
  `members_group_id` int(11) NOT NULL,
  PRIMARY KEY (`id`),
  UNIQUE KEY `name` (`name`),
  KEY `tennis_organization_9b4c36b7` (`administrator_id`),
  KEY `tennis_organization_513d126a` (`members_group_id`),
  CONSTRAINT `administrator_id_refs_id_1c9eac71` FOREIGN KEY (`administrator_id`) REFERENCES `tennis_player` (`id`),
  CONSTRAINT `members_group_id_refs_id_0d79432f` FOREIGN KEY (`members_group_id`) REFERENCES `auth_group` (`id`)
) ENGINE=InnoDB AUTO_INCREMENT=3 DEFAULT CHARSET=utf8;
/*!40101 SET character_set_client = @saved_cs_client */;

--
-- Dumping data for table `tennis_organization`
--

LOCK TABLES `tennis_organization` WRITE;
/*!40000 ALTER TABLE `tennis_organization` DISABLE KEYS */;
INSERT INTO `tennis_organization` VALUES (1,'Hopewell Hackers','HH',1,1),(2,'Mercer County Tennis Center','MCT',22,2);
/*!40000 ALTER TABLE `tennis_organization` ENABLE KEYS */;
UNLOCK TABLES;

--
-- Table structure for table `tennis_player`
--

DROP TABLE IF EXISTS `tennis_player`;
/*!40101 SET @saved_cs_client     = @@character_set_client */;
/*!40101 SET character_set_client = utf8 */;
CREATE TABLE `tennis_player` (
  `id` int(11) NOT NULL AUTO_INCREMENT,
  `user_id` int(11) NOT NULL,
  `mobile_phone` varchar(16) DEFAULT NULL,
  `work_phone` varchar(16) DEFAULT NULL,
  `home_phone` varchar(16) DEFAULT NULL,
  `format_preference` varchar(1) DEFAULT NULL,
  PRIMARY KEY (`id`),
  UNIQUE KEY `user_id` (`user_id`),
  CONSTRAINT `user_id_refs_id_eef5a022` FOREIGN KEY (`user_id`) REFERENCES `auth_user` (`id`)
) ENGINE=InnoDB AUTO_INCREMENT=73 DEFAULT CHARSET=utf8;
/*!40101 SET character_set_client = @saved_cs_client */;

--
-- Dumping data for table `tennis_player`
--

LOCK TABLES `tennis_player` WRITE;
/*!40000 ALTER TABLE `tennis_player` DISABLE KEYS */;
INSERT INTO `tennis_player` VALUES (1,8,'732-991-3262','908-518-5786','732-438-1697','D'),(2,1,'646-258-7065','212-478-0707','','D'),(3,9,'917-597-4799','','','S'),(4,10,'732-610-4703','','','D'),(5,11,'609-902-9444','','',NULL),(6,12,'917-371-8139','','','S'),(7,13,'609-651-6653','','',NULL),(8,14,'908-547-7956','','','S'),(9,15,'717-330-7241','','','D'),(10,16,'609-351-6907','','',NULL),(11,17,'610-805-6006','','','D'),(12,18,'609-799-7874','','','D'),(13,19,'201-600-2155','','','D'),(14,20,'201-926-0011','','',NULL),(15,21,'732-543-4184','','','S'),(16,22,'609-558-3924','','',NULL),(17,23,'913-220-3423','','','D'),(18,24,'732-814-5828','','','S'),(19,25,'201-232-8174','','','D'),(20,26,'609-876-2239 ','','',NULL),(21,27,'609-743-4394','','',NULL),(22,28,'','','',NULL),(23,29,'646-373-7137 ','','','S'),(24,30,'732-213-0233 ','','',NULL),(25,31,'908-209-5923 ','','',NULL),(26,32,'917-450-1376 ','','',NULL),(27,34,'917-361-9293 ','','',NULL),(28,33,'','','','D'),(29,37,'609-216-1785','','',NULL),(37,45,NULL,NULL,NULL,NULL),(38,46,NULL,NULL,NULL,'D'),(39,47,'732-447-7358','','732-438-1697','D'),(40,48,'609 213 6804','','','S'),(41,49,NULL,NULL,NULL,NULL),(42,50,NULL,NULL,NULL,NULL),(43,51,NULL,NULL,NULL,NULL),(44,52,'','','609-896-1251',NULL),(45,53,NULL,NULL,NULL,'D'),(46,54,NULL,NULL,NULL,NULL),(47,55,'732-668-9631','','','D'),(48,56,NULL,NULL,NULL,NULL),(49,57,NULL,NULL,NULL,NULL),(50,58,NULL,NULL,NULL,NULL),(51,59,NULL,NULL,NULL,NULL),(53,61,NULL,NULL,NULL,'D'),(54,62,'999-999-9999','','',NULL),(55,63,'6095293139','','6097168224','D'),(56,64,'972-762-0945','972-762-0945','','S'),(57,65,'732-325-7448','','','D'),(58,66,'908-448-9975','','','S'),(65,70,'908-251-7525','','609-297-8263','D'),(66,71,'631-796-6371','','646-556-3464','S'),(67,72,'','','','D'),(70,74,'','','','D'),(71,75,'','','','D'),(72,76,'','','','S');
/*!40000 ALTER TABLE `tennis_player` ENABLE KEYS */;
UNLOCK TABLES;

--
-- Table structure for table `tennis_pprefs`
--

DROP TABLE IF EXISTS `tennis_pprefs`;
/*!40101 SET @saved_cs_client     = @@character_set_client */;
/*!40101 SET character_set_client = utf8 */;
CREATE TABLE `tennis_pprefs` (
  `id` int(11) NOT NULL AUTO_INCREMENT,
  `rating_adj` decimal(3,2) NOT NULL,
  `p1_id` int(11) DEFAULT NULL,
  `p2_id` int(11) DEFAULT NULL,
  `p3_id` int(11) DEFAULT NULL,
  `player_id` int(11) NOT NULL,
  PRIMARY KEY (`id`),
  UNIQUE KEY `player_id` (`player_id`),
  KEY `tennis_pprefs_p1_id_f7e8df06_fk_tennis_player_id` (`p1_id`),
  KEY `tennis_pprefs_p2_id_cbb45955_fk_tennis_player_id` (`p2_id`),
  KEY `tennis_pprefs_p3_id_874b0e7c_fk_tennis_player_id` (`p3_id`),
  CONSTRAINT `tennis_pprefs_p1_id_f7e8df06_fk_tennis_player_id` FOREIGN KEY (`p1_id`) REFERENCES `tennis_player` (`id`),
  CONSTRAINT `tennis_pprefs_p2_id_cbb45955_fk_tennis_player_id` FOREIGN KEY (`p2_id`) REFERENCES `tennis_player` (`id`),
  CONSTRAINT `tennis_pprefs_p3_id_874b0e7c_fk_tennis_player_id` FOREIGN KEY (`p3_id`) REFERENCES `tennis_player` (`id`),
  CONSTRAINT `tennis_pprefs_player_id_927f1951_fk_tennis_player_id` FOREIGN KEY (`player_id`) REFERENCES `tennis_player` (`id`)
) ENGINE=InnoDB AUTO_INCREMENT=35 DEFAULT CHARSET=utf8;
/*!40101 SET character_set_client = @saved_cs_client */;

--
-- Dumping data for table `tennis_pprefs`
--

LOCK TABLES `tennis_pprefs` WRITE;
/*!40000 ALTER TABLE `tennis_pprefs` DISABLE KEYS */;
INSERT INTO `tennis_pprefs` VALUES (1,1.25,9,19,58,70),(2,1.30,26,38,1,47),(3,1.25,10,57,72,45),(4,1.53,15,26,40,4),(5,1.08,8,17,47,1),(7,1.19,12,NULL,NULL,71),(8,1.25,57,72,37,28),(9,0.22,39,9,70,58),(10,1.55,2,12,11,14),(11,1.45,3,55,23,11),(12,1.44,56,39,40,23),(13,1.02,45,37,53,10),(14,1.61,4,NULL,NULL,67),(15,1.50,23,40,17,56),(16,1.16,37,47,39,38),(17,1.41,40,1,56,17),(18,1.35,71,4,NULL,12),(19,1.76,47,40,23,2),(20,1.00,72,26,57,65),(21,1.49,70,58,26,9),(22,1.04,28,45,65,57),(23,1.40,4,2,26,15),(24,1.27,53,70,8,19),(25,1.50,11,12,15,55),(26,0.75,65,28,45,72),(27,1.37,19,8,10,53),(28,1.25,1,53,19,8),(29,1.32,47,65,9,26),(30,1.43,17,56,23,40),(31,1.25,58,23,38,39),(32,1.25,38,10,28,37),(33,1.74,11,NULL,NULL,3),(34,1.52,NULL,NULL,NULL,6);
/*!40000 ALTER TABLE `tennis_pprefs` ENABLE KEYS */;
UNLOCK TABLES;

--
-- Table structure for table `tennis_registration`
--

DROP TABLE IF EXISTS `tennis_registration`;
/*!40101 SET @saved_cs_client     = @@character_set_client */;
/*!40101 SET character_set_client = utf8 */;
CREATE TABLE `tennis_registration` (
  `id` int(11) NOT NULL AUTO_INCREMENT,
  `league_id` int(11) NOT NULL,
  `player_id` int(11) NOT NULL,
  PRIMARY KEY (`id`),
  UNIQUE KEY `reg` (`league_id`,`player_id`),
  KEY `tennis_league_3` (`league_id`),
  KEY `tennis_player_3` (`player_id`),
  CONSTRAINT `league_id_refs_id_c1` FOREIGN KEY (`league_id`) REFERENCES `tennis_league` (`id`),
  CONSTRAINT `player_id_refs_id_c1` FOREIGN KEY (`player_id`) REFERENCES `tennis_player` (`id`)
) ENGINE=InnoDB AUTO_INCREMENT=112 DEFAULT CHARSET=utf8;
/*!40101 SET character_set_client = @saved_cs_client */;

--
-- Dumping data for table `tennis_registration`
--

LOCK TABLES `tennis_registration` WRITE;
/*!40000 ALTER TABLE `tennis_registration` DISABLE KEYS */;
INSERT INTO `tennis_registration` VALUES (15,15,2),(27,15,3),(21,15,5),(22,15,6),(49,15,8),(36,15,11),(40,15,12),(43,15,14),(54,15,15),(38,15,23),(34,15,26),(50,15,37),(64,15,41),(51,15,50),(18,16,1),(23,16,28),(52,16,39),(47,16,40),(25,16,47),(56,16,51),(19,17,1),(16,17,2),(28,17,3),(45,17,4),(20,17,5),(63,17,7),(32,17,8),(46,17,9),(37,17,11),(39,17,12),(60,17,13),(44,17,14),(55,17,15),(66,17,17),(42,17,19),(41,17,20),(35,17,26),(24,17,28),(30,17,38),(53,17,39),(48,17,40),(61,17,41),(29,17,44),(58,17,45),(62,17,46),(26,17,47),(57,17,51),(76,20,1),(100,20,3),(107,20,6),(86,20,8),(94,20,11),(81,20,15),(98,20,23),(103,20,39),(88,20,40),(77,20,47),(84,20,56),(96,20,58),(99,20,66),(109,20,72),(70,21,1),(75,21,2),(101,21,3),(79,21,4),(87,21,8),(92,21,9),(95,21,11),(106,21,12),(105,21,13),(82,21,15),(93,21,17),(83,21,19),(91,21,28),(108,21,38),(104,21,39),(89,21,40),(102,21,45),(78,21,47),(80,21,53),(74,21,55),(85,21,56),(90,21,57),(97,21,65),(111,21,66),(110,21,72);
/*!40000 ALTER TABLE `tennis_registration` ENABLE KEYS */;
UNLOCK TABLES;
/*!40103 SET TIME_ZONE=@OLD_TIME_ZONE */;

/*!40101 SET SQL_MODE=@OLD_SQL_MODE */;
/*!40014 SET FOREIGN_KEY_CHECKS=@OLD_FOREIGN_KEY_CHECKS */;
/*!40014 SET UNIQUE_CHECKS=@OLD_UNIQUE_CHECKS */;
/*!40101 SET CHARACTER_SET_CLIENT=@OLD_CHARACTER_SET_CLIENT */;
/*!40101 SET CHARACTER_SET_RESULTS=@OLD_CHARACTER_SET_RESULTS */;
/*!40101 SET COLLATION_CONNECTION=@OLD_COLLATION_CONNECTION */;
/*!40111 SET SQL_NOTES=@OLD_SQL_NOTES */;

-- Dump completed on 2016-04-07 21:21:47
